year,sector,age,age_group,gender,days_homeless,episodes,chronic_homeless,is_chronic
2018,All,35,adult,male,76,3,0,False
2018,All,28,adult,male,43,1,0,False
2018,All,58,adult,female,139,0,0,False
2018,All,35,adult,male,158,3,0,False
2018,All,18,youth,male,112,1,0,False
2018,All,50,adult,male,71,1,0,False
2018,All,18,youth,female,159,2,0,False
2018,All,28,adult,female,115,1,0,False
2018,All,35,adult,male,12,1,0,False
2018,All,28,adult,male,79,2,0,False
2018,All,35,adult,male,51,2,0,False
2018,All,18,youth,male,165,1,0,False
2018,All,22,youth,male,43,1,0,False
2018,All,50,adult,male,3,2,0,False
2018,All,18,youth,male,88,3,0,False
2018,All,35,adult,female,101,3,0,False
2018,All,35,adult,female,118,2,0,False
2018,All,18,youth,female,116,3,0,False
2018,All,50,adult,male,74,1,0,False
2018,All,42,adult,male,26,3,0,False
2018,All,22,youth,male,176,0,0,False
2018,All,22,youth,female,160,0,0,False
2018,All,22,youth,male,110,2,0,False
2018,All,35,adult,male,55,0,0,False
2018,All,35,adult,male,172,1,0,False
2018,All,28,adult,male,66,3,0,False
2018,All,35,adult,female,179,1,0,False
2018,All,35,adult,male,94,1,0,False
2018,All,58,adult,male,153,0,0,False
2018,All,28,adult,female,78,2,0,False
2018,All,22,youth,male,24,2,0,False
2018,All,35,adult,male,23,2,0,False
2018,All,22,youth,male,111,1,0,False
2018,All,35,adult,male,115,0,0,False
2018,All,58,adult,male,50,0,0,False
2018,All,50,adult,female,92,0,0,False
2018,All,58,adult,male,1,3,0,False
2018,All,28,adult,male,159,0,0,False
2018,All,35,adult,male,45,0,0,False
2018,All,22,youth,male,111,1,0,False
2018,All,28,adult,female,6,2,0,False
2018,All,50,adult,male,171,2,0,False
2018,All,22,youth,female,149,1,0,False
2018,All,18,youth,male,146,0,0,False
2018,All,42,adult,male,91,2,0,False
2018,All,18,youth,male,14,0,0,False
2018,All,42,adult,male,145,0,0,False
2018,All,50,adult,female,96,3,0,False
2018,All,18,youth,female,44,0,0,False
2018,All,42,adult,female,31,2,0,False
2018,All,28,adult,male,148,3,0,False
2018,All,42,adult,male,32,1,0,False
2018,All,58,adult,male,70,2,0,False
2018,All,18,youth,male,112,3,0,False
2018,All,35,adult,female,150,0,0,False
2018,All,22,youth,female,86,0,0,False
2018,All,28,adult,male,115,3,0,False
2018,All,35,adult,male,163,1,0,False
2018,All,28,adult,male,145,0,0,False
2018,All,18,youth,female,30,3,0,False
2018,All,18,youth,male,42,3,0,False
2018,All,18,youth,female,122,3,0,False
2018,All,42,adult,female,167,3,0,False
2018,All,22,youth,female,100,3,0,False
2018,All,22,youth,female,162,1,0,False
2018,All,35,adult,male,148,3,0,False
2018,All,35,adult,male,150,2,0,False
2018,All,35,adult,male,161,0,0,False
2018,All,18,youth,female,178,1,0,False
2018,All,28,adult,male,73,3,0,False
2018,All,35,adult,male,141,1,0,False
2018,All,65,adult,male,116,1,0,False
2018,All,35,adult,male,7,1,0,False
2018,All,42,adult,female,43,0,0,False
2018,All,18,youth,female,28,0,0,False
2018,All,35,adult,male,20,2,0,False
2018,All,28,adult,male,70,0,0,False
2018,All,50,adult,male,127,2,0,False
2018,All,22,youth,male,33,0,0,False
2018,All,22,youth,female,170,0,0,False
2018,All,35,adult,female,173,0,0,False
2018,All,22,youth,male,3,0,0,False
2018,All,50,adult,male,110,2,0,False
2018,All,42,adult,male,147,1,0,False
2018,All,18,youth,male,27,3,0,False
2018,All,28,adult,male,95,0,0,False
2018,All,28,adult,male,33,1,0,False
2018,All,18,youth,male,106,1,0,False
2018,All,28,adult,female,88,3,0,False
2018,All,42,adult,male,84,1,0,False
2018,All,50,adult,female,121,1,0,False
2018,All,28,adult,female,25,3,0,False
2018,All,22,youth,female,174,1,0,False
2018,All,28,adult,male,93,3,0,False
2018,All,58,adult,female,118,3,0,False
2018,All,28,adult,female,89,3,0,False
2018,All,42,adult,female,164,0,0,False
2018,All,50,adult,female,37,2,0,False
2018,All,22,youth,male,146,2,0,False
2018,All,42,adult,female,89,2,0,False
2018,All,22,youth,male,96,3,0,False
2018,All,65,adult,male,93,2,0,False
2018,All,58,adult,female,13,0,0,False
2018,All,35,adult,male,150,1,0,False
2018,All,35,adult,female,68,1,0,False
2018,All,28,adult,female,90,3,0,False
2018,All,35,adult,male,64,2,0,False
2018,All,28,adult,female,30,1,0,False
2018,All,35,adult,female,172,2,0,False
2018,All,35,adult,male,35,3,0,False
2018,All,35,adult,male,174,1,0,False
2018,All,22,youth,male,64,0,0,False
2018,All,35,adult,female,64,1,0,False
2018,All,22,youth,male,159,0,0,False
2018,All,50,adult,male,115,1,0,False
2018,All,42,adult,male,144,0,0,False
2018,All,28,adult,female,137,1,0,False
2018,All,42,adult,male,111,1,0,False
2018,All,42,adult,female,98,2,0,False
2018,All,35,adult,female,2,1,0,False
2018,All,42,adult,male,106,2,0,False
2018,All,22,youth,male,4,2,0,False
2018,All,22,youth,female,101,2,0,False
2018,All,28,adult,female,136,0,0,False
2018,All,50,adult,female,44,1,0,False
2018,All,22,youth,female,23,1,0,False
2018,All,22,youth,female,102,3,0,False
2018,All,35,adult,male,19,3,0,False
2018,All,18,youth,male,128,3,0,False
2018,All,28,adult,male,19,3,0,False
2018,All,58,adult,female,108,0,0,False
2018,All,22,youth,female,73,1,0,False
2018,All,28,adult,male,123,2,0,False
2018,All,18,youth,male,125,3,0,False
2018,All,65,adult,female,177,3,0,False
2018,All,22,youth,male,79,2,0,False
2018,All,50,adult,male,108,3,0,False
2018,All,42,adult,female,41,3,0,False
2018,All,28,adult,male,113,1,0,False
2018,All,58,adult,male,11,2,0,False
2018,All,18,youth,male,91,0,0,False
2018,All,50,adult,female,85,0,0,False
2018,All,35,adult,male,61,3,0,False
2018,All,65,adult,male,11,3,0,False
2018,All,35,adult,female,171,3,0,False
2018,All,22,youth,male,33,2,0,False
2018,All,28,adult,male,0,1,0,False
2018,All,42,adult,male,97,0,0,False
2018,All,42,adult,male,71,3,0,False
2018,All,35,adult,male,118,2,0,False
2018,All,22,youth,male,153,0,0,False
2018,All,18,youth,female,149,3,0,False
2018,All,28,adult,male,32,3,0,False
2018,All,28,adult,male,24,0,0,False
2018,All,22,youth,male,18,0,0,False
2018,All,50,adult,male,63,1,0,False
2018,All,22,youth,male,70,2,0,False
2018,All,35,adult,female,33,2,0,False
2018,All,28,adult,male,168,1,0,False
2018,All,18,youth,male,125,1,0,False
2018,All,35,adult,male,103,3,0,False
2018,All,28,adult,female,120,3,0,False
2018,All,35,adult,female,32,1,0,False
2018,All,28,adult,male,58,1,0,False
2018,All,28,adult,male,9,1,0,False
2018,All,28,adult,female,65,0,0,False
2018,All,42,adult,male,31,3,0,False
2018,All,28,adult,male,68,3,0,False
2018,All,50,adult,male,84,1,0,False
2018,All,35,adult,female,162,3,0,False
2018,All,28,adult,female,90,1,0,False
2018,All,18,youth,female,165,2,0,False
2018,All,18,youth,male,56,1,0,False
2018,All,35,adult,male,110,1,0,False
2018,All,18,youth,male,77,0,0,False
2018,All,22,youth,male,134,0,0,False
2018,All,42,adult,male,7,0,0,False
2018,All,18,youth,male,144,1,0,False
2018,All,35,adult,female,179,0,0,False
2018,All,28,adult,female,90,0,0,False
2018,All,35,adult,male,97,3,0,False
2018,All,28,adult,female,65,1,0,False
2018,All,42,adult,female,83,3,0,False
2018,All,50,adult,male,165,1,0,False
2018,All,22,youth,female,104,1,0,False
2018,All,35,adult,female,168,0,0,False
2018,All,42,adult,male,87,3,0,False
2018,All,22,youth,female,57,3,0,False
2018,All,22,youth,male,64,3,0,False
2018,All,50,adult,male,170,0,0,False
2018,All,35,adult,male,91,2,0,False
2018,All,28,adult,male,32,1,0,False
2018,All,28,adult,male,102,0,0,False
2018,All,42,adult,male,117,1,0,False
2018,All,28,adult,female,14,3,0,False
2018,All,42,adult,female,28,0,0,False
2018,All,22,youth,female,45,2,0,False
2018,All,50,adult,female,118,1,0,False
2018,All,42,adult,male,39,1,0,False
2018,All,35,adult,female,108,1,0,False
2018,All,42,adult,male,93,2,0,False
2018,All,28,adult,male,98,2,0,False
2018,All,58,adult,male,56,3,0,False
2018,All,35,adult,male,18,0,0,False
2018,All,35,adult,female,49,2,0,False
2018,All,42,adult,male,70,0,0,False
2018,All,35,adult,female,73,0,0,False
2018,All,22,youth,female,27,0,0,False
2018,All,58,adult,female,122,0,0,False
2018,All,22,youth,male,156,1,0,False
2018,All,28,adult,male,1,2,0,False
2018,All,22,youth,female,140,1,0,False
2018,All,35,adult,male,62,0,0,False
2018,All,65,adult,male,165,0,0,False
2018,All,28,adult,male,94,0,0,False
2018,All,28,adult,male,136,1,0,False
2018,All,42,adult,female,45,1,0,False
2018,All,42,adult,male,45,1,0,False
2018,All,28,adult,female,138,1,0,False
2018,All,42,adult,female,87,0,0,False
2018,All,28,adult,male,92,0,0,False
2018,All,42,adult,male,102,0,0,False
2018,All,42,adult,male,137,0,0,False
2018,All,58,adult,male,154,3,0,False
2018,All,35,adult,male,49,0,0,False
2018,All,42,adult,male,84,0,0,False
2018,All,35,adult,male,78,1,0,False
2018,All,22,youth,male,103,0,0,False
2018,All,22,youth,female,150,2,0,False
2018,All,28,adult,male,54,3,0,False
2018,All,42,adult,male,92,0,0,False
2018,All,35,adult,female,145,0,0,False
2018,All,18,youth,male,49,3,0,False
2018,All,42,adult,male,155,0,0,False
2018,All,65,adult,female,3,0,0,False
2018,All,58,adult,male,116,0,0,False
2018,All,28,adult,male,44,1,0,False
2018,All,35,adult,male,118,0,0,False
2018,All,28,adult,male,45,3,0,False
2018,All,50,adult,female,140,2,0,False
2018,All,42,adult,male,168,3,0,False
2018,All,42,adult,male,152,3,0,False
2018,All,28,adult,male,161,2,0,False
2018,All,28,adult,male,92,3,0,False
2018,All,50,adult,male,131,0,0,False
2018,All,50,adult,male,175,3,0,False
2018,All,35,adult,male,119,2,0,False
2018,All,42,adult,male,99,3,0,False
2018,All,35,adult,female,35,3,0,False
2018,All,50,adult,male,169,3,0,False
2018,All,65,adult,male,164,0,0,False
2018,All,28,adult,female,21,3,0,False
2018,All,42,adult,male,30,3,0,False
2018,All,50,adult,female,27,3,0,False
2018,All,18,youth,female,35,2,0,False
2018,All,35,adult,male,97,1,0,False
2018,All,22,youth,female,103,2,0,False
2018,All,58,adult,male,36,3,0,False
2018,All,22,youth,male,48,1,0,False
2018,All,35,adult,male,90,1,0,False
2018,All,18,youth,female,114,0,0,False
2018,All,42,adult,female,112,0,0,False
2018,All,42,adult,female,4,3,0,False
2018,All,18,youth,male,14,2,0,False
2018,All,42,adult,female,3,1,0,False
2018,All,35,adult,male,55,0,0,False
2018,All,42,adult,female,13,3,0,False
2018,All,35,adult,male,123,3,0,False
2018,All,42,adult,female,10,1,0,False
2018,All,50,adult,male,107,1,0,False
2018,All,35,adult,female,34,3,0,False
2018,All,18,youth,male,65,1,0,False
2018,All,18,youth,male,136,0,0,False
2018,All,50,adult,male,169,3,0,False
2018,All,35,adult,female,27,1,0,False
2018,All,18,youth,male,2,2,0,False
2018,All,42,adult,male,56,1,0,False
2018,All,42,adult,male,8,2,0,False
2018,All,18,youth,female,173,2,0,False
2018,All,65,adult,female,131,2,0,False
2018,All,42,adult,female,120,0,0,False
2018,All,58,adult,female,34,0,0,False
2018,All,42,adult,male,128,2,0,False
2018,All,42,adult,male,105,2,0,False
2018,All,28,adult,male,168,0,0,False
2018,All,42,adult,male,60,3,0,False
2018,All,28,adult,male,19,0,0,False
2018,All,18,youth,female,81,0,0,False
2018,All,22,youth,female,42,3,0,False
2018,All,35,adult,male,90,3,0,False
2018,All,22,youth,male,109,2,0,False
2018,All,28,adult,female,130,0,0,False
2018,All,22,youth,female,62,0,0,False
2018,All,35,adult,male,43,3,0,False
2018,All,58,adult,male,62,1,0,False
2018,All,22,youth,male,171,2,0,False
2018,All,28,adult,male,143,3,0,False
2018,All,35,adult,male,147,0,0,False
2018,All,35,adult,female,64,0,0,False
2018,All,42,adult,female,78,1,0,False
2018,All,65,adult,male,63,3,0,False
2018,All,28,adult,female,78,1,0,False
2018,All,22,youth,male,24,3,0,False
2018,All,35,adult,male,30,2,0,False
2018,All,42,adult,male,163,0,0,False
2018,All,42,adult,female,70,3,0,False
2018,All,35,adult,male,177,3,0,False
2018,All,58,adult,male,123,3,0,False
2018,All,35,adult,male,69,1,0,False
2018,All,35,adult,male,133,0,0,False
2018,All,28,adult,female,150,3,0,False
2018,All,58,adult,female,146,1,0,False
2018,All,50,adult,female,91,0,0,False
2018,All,35,adult,male,32,2,0,False
2018,All,42,adult,female,82,2,0,False
2018,All,22,youth,male,164,2,0,False
2018,All,35,adult,male,29,3,0,False
2018,All,22,youth,female,136,0,0,False
2018,All,28,adult,male,145,1,0,False
2018,All,22,youth,female,159,1,0,False
2018,All,35,adult,male,99,0,0,False
2018,All,58,adult,male,17,2,0,False
2018,All,22,youth,male,142,2,0,False
2018,All,22,youth,female,153,3,0,False
2018,All,28,adult,female,34,3,0,False
2018,All,35,adult,male,68,3,0,False
2018,All,50,adult,male,49,0,0,False
2018,All,22,youth,male,171,0,0,False
2018,All,42,adult,female,93,3,0,False
2018,All,35,adult,female,136,1,0,False
2018,All,42,adult,male,174,1,0,False
2018,All,18,youth,male,26,0,0,False
2018,All,35,adult,female,150,0,0,False
2018,All,35,adult,female,116,1,0,False
2018,All,42,adult,male,61,0,0,False
2018,All,35,adult,male,172,2,0,False
2018,All,22,youth,male,95,1,0,False
2018,All,28,adult,female,71,1,0,False
2018,All,18,youth,female,137,1,0,False
2018,All,35,adult,female,145,3,0,False
2018,All,42,adult,male,5,1,0,False
2018,All,65,adult,female,145,3,0,False
2018,All,42,adult,male,142,0,0,False
2018,All,42,adult,male,153,1,0,False
2018,All,28,adult,male,117,1,0,False
2018,All,28,adult,female,55,0,0,False
2018,All,22,youth,male,162,0,0,False
2018,All,18,youth,male,3,1,0,False
2018,All,50,adult,female,75,2,0,False
2018,All,65,adult,male,84,0,0,False
2018,All,35,adult,male,48,2,0,False
2018,All,18,youth,female,62,2,0,False
2018,All,28,adult,female,8,2,0,False
2018,All,35,adult,male,81,2,0,False
2018,All,35,adult,male,127,2,0,False
2018,All,35,adult,female,67,2,0,False
2018,All,28,adult,male,118,1,0,False
2018,All,28,adult,male,63,1,0,False
2018,All,22,youth,male,58,1,0,False
2018,All,35,adult,male,46,1,0,False
2018,All,65,adult,female,27,1,0,False
2018,All,22,youth,female,136,1,0,False
2018,All,22,youth,female,133,1,0,False
2018,All,28,adult,male,23,3,0,False
2018,All,58,adult,male,60,0,0,False
2018,All,28,adult,male,157,3,0,False
2018,All,35,adult,male,25,3,0,False
2018,All,35,adult,female,65,3,0,False
2018,All,28,adult,male,60,2,0,False
2018,All,42,adult,male,63,0,0,False
2018,All,42,adult,female,106,0,0,False
2018,All,18,youth,female,2,3,0,False
2018,All,42,adult,male,72,2,0,False
2018,All,35,adult,male,149,3,0,False
2018,All,18,youth,male,154,2,0,False
2018,All,35,adult,male,140,1,0,False
2018,All,50,adult,female,19,2,0,False
2018,All,42,adult,female,116,2,0,False
2018,All,28,adult,male,173,1,0,False
2018,All,42,adult,male,6,3,0,False
2018,All,35,adult,male,116,1,0,False
2018,All,50,adult,female,91,1,0,False
2018,All,42,adult,male,71,3,0,False
2018,All,50,adult,male,75,1,0,False
2018,All,22,youth,male,167,2,0,False
2018,All,42,adult,male,157,2,0,False
2018,All,42,adult,male,106,3,0,False
2018,All,35,adult,female,175,2,0,False
2018,All,35,adult,female,55,3,0,False
2018,All,58,adult,male,46,0,0,False
2018,All,22,youth,female,69,2,0,False
2018,All,22,youth,male,70,2,0,False
2018,All,42,adult,female,34,2,0,False
2018,All,42,adult,male,63,0,0,False
2018,All,35,adult,female,13,0,0,False
2018,All,22,youth,female,132,3,0,False
2018,All,35,adult,male,157,1,0,False
2018,All,35,adult,male,61,3,0,False
2018,All,50,adult,male,97,2,0,False
2018,All,35,adult,male,47,0,0,False
2018,All,35,adult,male,116,3,0,False
2018,All,28,adult,male,146,1,0,False
2018,All,22,youth,male,59,2,0,False
2018,All,42,adult,male,58,0,0,False
2018,All,65,adult,male,94,0,0,False
2018,All,22,youth,female,141,1,0,False
2018,All,42,adult,male,60,0,0,False
2018,All,35,adult,female,130,2,0,False
2018,All,50,adult,male,103,2,0,False
2018,All,35,adult,male,177,2,0,False
2018,All,42,adult,female,75,3,0,False
2018,All,22,youth,female,33,2,0,False
2018,All,28,adult,male,28,0,0,False
2018,All,28,adult,female,98,3,0,False
2018,All,18,youth,male,90,2,0,False
2018,All,58,adult,male,116,1,0,False
2018,All,42,adult,female,126,3,0,False
2018,All,50,adult,female,86,0,0,False
2018,All,42,adult,female,23,0,0,False
2018,All,28,adult,male,38,1,0,False
2018,All,22,youth,female,82,1,0,False
2018,All,42,adult,female,25,1,0,False
2018,All,42,adult,male,97,2,0,False
2018,All,35,adult,male,104,1,0,False
2018,All,35,adult,female,14,2,0,False
2018,All,28,adult,female,70,2,0,False
2018,All,42,adult,female,21,2,0,False
2018,All,50,adult,male,150,1,0,False
2018,All,18,youth,female,84,1,0,False
2018,All,22,youth,male,43,0,0,False
2018,All,42,adult,female,167,2,0,False
2018,All,50,adult,female,162,0,0,False
2018,All,42,adult,male,54,0,0,False
2018,All,35,adult,female,133,1,0,False
2018,All,18,youth,male,34,3,0,False
2018,All,28,adult,male,4,0,0,False
2018,All,50,adult,male,146,1,0,False
2018,All,35,adult,female,69,2,0,False
2018,All,22,youth,male,149,1,0,False
2018,All,28,adult,female,71,2,0,False
2018,All,35,adult,male,45,0,0,False
2018,All,22,youth,male,171,3,0,False
2018,All,18,youth,female,44,1,0,False
2018,All,35,adult,female,116,1,0,False
2018,All,28,adult,female,178,0,0,False
2018,All,42,adult,male,50,3,0,False
2018,All,50,adult,male,48,0,0,False
2018,All,50,adult,female,24,0,0,False
2018,All,58,adult,male,176,1,0,False
2018,All,42,adult,female,86,1,0,False
2018,All,50,adult,female,153,2,0,False
2018,All,42,adult,female,106,0,0,False
2018,All,65,adult,male,90,1,0,False
2018,All,50,adult,female,89,1,0,False
2018,All,42,adult,male,103,3,0,False
2018,All,18,youth,female,111,3,0,False
2018,All,42,adult,male,72,3,0,False
2018,All,22,youth,male,70,1,0,False
2018,All,50,adult,male,129,1,0,False
2018,All,28,adult,male,150,3,0,False
2018,All,28,adult,male,161,3,0,False
2018,All,42,adult,male,64,0,0,False
2018,All,42,adult,male,64,2,0,False
2018,All,42,adult,female,8,1,0,False
2018,All,22,youth,female,112,0,0,False
2018,All,58,adult,male,115,1,0,False
2018,All,50,adult,male,156,2,0,False
2018,All,50,adult,male,72,0,0,False
2018,All,42,adult,female,60,2,0,False
2018,All,35,adult,male,71,1,0,False
2018,All,18,youth,female,56,1,0,False
2018,All,58,adult,female,58,0,0,False
2018,All,18,youth,male,9,3,0,False
2018,All,35,adult,female,177,2,0,False
2018,All,35,adult,female,15,3,0,False
2018,All,28,adult,male,21,0,0,False
2018,All,50,adult,male,31,2,0,False
2018,All,35,adult,female,179,3,0,False
2018,All,35,adult,female,47,3,0,False
2018,All,18,youth,male,169,3,0,False
2018,All,42,adult,male,155,1,0,False
2018,All,18,youth,male,121,3,0,False
2018,All,22,youth,female,171,0,0,False
2018,All,28,adult,female,44,0,0,False
2018,All,42,adult,female,83,3,0,False
2018,All,18,youth,male,143,0,0,False
2018,All,18,youth,male,31,0,0,False
2018,All,22,youth,male,13,1,0,False
2018,All,42,adult,female,61,3,0,False
2018,All,50,adult,female,149,0,0,False
2018,All,28,adult,male,57,0,0,False
2018,All,50,adult,male,60,1,0,False
2018,All,58,adult,male,123,0,0,False
2018,All,58,adult,male,68,0,0,False
2018,All,18,youth,male,58,1,0,False
2018,All,42,adult,female,14,0,0,False
2018,All,18,youth,male,161,2,0,False
2018,All,22,youth,female,134,3,0,False
2018,All,42,adult,male,91,0,0,False
2018,All,28,adult,female,101,3,0,False
2018,All,22,youth,male,125,3,0,False
2018,All,58,adult,male,61,1,0,False
2018,All,42,adult,male,73,3,0,False
2018,All,35,adult,male,5,1,0,False
2018,All,28,adult,male,158,3,0,False
2018,All,35,adult,female,156,2,0,False
2018,All,35,adult,male,77,1,0,False
2018,All,22,youth,male,154,1,0,False
2018,All,22,youth,female,108,1,0,False
2018,All,35,adult,male,102,2,0,False
2018,All,18,youth,male,101,3,0,False
2018,All,18,youth,male,56,1,0,False
2018,All,18,youth,male,26,0,0,False
2018,All,58,adult,female,43,1,0,False
2018,All,50,adult,female,97,3,0,False
2018,All,58,adult,female,111,3,0,False
2018,All,28,adult,male,155,0,0,False
2018,All,42,adult,male,172,3,0,False
2018,All,50,adult,male,5,2,0,False
2018,All,28,adult,male,154,3,0,False
2018,All,22,youth,female,15,3,0,False
2018,All,18,youth,female,8,1,0,False
2018,All,42,adult,male,80,1,0,False
2018,All,28,adult,male,42,2,0,False
2018,All,35,adult,female,132,0,0,False
2018,All,18,youth,male,75,0,0,False
2018,All,50,adult,female,54,2,0,False
2018,All,35,adult,female,138,2,0,False
2018,All,22,youth,female,93,1,0,False
2018,All,22,youth,female,173,3,0,False
2018,All,22,youth,female,61,2,0,False
2018,All,18,youth,male,64,2,0,False
2018,All,50,adult,male,98,3,0,False
2018,All,18,youth,male,73,1,0,False
2018,All,50,adult,male,175,3,0,False
2018,All,22,youth,male,2,1,0,False
2018,All,22,youth,male,129,1,0,False
2018,All,28,adult,male,85,2,0,False
2018,All,35,adult,male,92,0,0,False
2018,All,65,adult,male,131,1,0,False
2018,All,50,adult,male,178,3,0,False
2018,All,50,adult,male,179,2,0,False
2018,All,50,adult,male,102,0,0,False
2018,All,28,adult,male,45,2,0,False
2018,All,42,adult,male,97,2,0,False
2018,All,22,youth,male,100,0,0,False
2018,All,50,adult,female,15,0,0,False
2018,All,58,adult,male,125,3,0,False
2018,All,65,adult,male,29,3,0,False
2018,All,35,adult,male,32,2,0,False
2018,All,42,adult,male,104,0,0,False
2018,All,58,adult,male,149,2,0,False
2018,All,42,adult,male,150,3,0,False
2018,All,42,adult,female,55,1,0,False
2018,All,50,adult,male,162,0,0,False
2018,All,28,adult,male,51,1,0,False
2018,All,28,adult,female,37,3,0,False
2018,All,28,adult,male,104,0,0,False
2018,All,18,youth,male,110,1,0,False
2018,All,18,youth,male,167,2,0,False
2018,All,35,adult,female,1,1,0,False
2018,All,35,adult,male,91,3,0,False
2018,All,28,adult,female,43,2,0,False
2018,All,65,adult,male,8,3,0,False
2018,All,50,adult,female,31,2,0,False
2018,All,28,adult,female,169,1,0,False
2018,All,28,adult,male,78,1,0,False
2018,All,28,adult,female,154,0,0,False
2018,All,50,adult,male,135,1,0,False
2018,All,22,youth,male,141,3,0,False
2018,All,35,adult,female,41,2,0,False
2018,All,28,adult,female,91,3,0,False
2018,All,18,youth,male,100,0,0,False
2018,All,50,adult,male,170,0,0,False
2018,All,42,adult,female,158,2,0,False
2018,All,18,youth,male,83,0,0,False
2018,All,50,adult,female,171,3,0,False
2018,All,22,youth,male,122,2,0,False
2018,All,42,adult,male,140,0,0,False
2018,All,28,adult,male,111,0,0,False
2018,All,50,adult,female,94,2,0,False
2018,All,50,adult,male,146,0,0,False
2018,All,35,adult,male,61,1,0,False
2018,All,28,adult,male,137,1,0,False
2018,All,42,adult,male,55,2,0,False
2018,All,28,adult,male,27,0,0,False
2018,All,42,adult,male,38,3,0,False
2018,All,35,adult,male,96,1,0,False
2018,All,58,adult,male,3,2,0,False
2018,All,22,youth,male,73,1,0,False
2018,All,22,youth,female,35,2,0,False
2018,All,42,adult,female,132,3,0,False
2018,All,28,adult,female,19,0,0,False
2018,All,22,youth,male,87,1,0,False
2018,All,35,adult,male,32,3,0,False
2018,All,35,adult,male,54,1,0,False
2018,All,35,adult,female,148,0,0,False
2018,All,18,youth,female,5,0,0,False
2018,All,35,adult,female,131,3,0,False
2018,All,18,youth,male,99,0,0,False
2018,All,50,adult,female,43,3,0,False
2018,All,22,youth,male,63,1,0,False
2018,All,28,adult,female,49,3,0,False
2018,All,35,adult,female,90,3,0,False
2018,All,42,adult,male,151,3,0,False
2018,All,28,adult,male,117,0,0,False
2018,All,42,adult,female,22,0,0,False
2018,All,22,youth,male,17,0,0,False
2018,All,35,adult,male,20,3,0,False
2018,All,22,youth,female,8,2,0,False
2018,All,18,youth,male,169,2,0,False
2018,All,50,adult,female,97,2,0,False
2018,All,22,youth,male,28,3,0,False
2018,All,28,adult,male,36,0,0,False
2018,All,58,adult,female,5,1,0,False
2018,All,58,adult,male,176,1,0,False
2018,All,58,adult,female,102,1,0,False
2018,All,28,adult,female,103,2,0,False
2018,All,22,youth,male,140,1,0,False
2018,All,18,youth,male,64,3,0,False
2018,All,28,adult,female,100,3,0,False
2018,All,22,youth,male,10,0,0,False
2018,All,35,adult,female,74,3,0,False
2018,All,35,adult,male,23,1,0,False
2018,All,35,adult,male,68,1,0,False
2018,All,42,adult,female,65,3,0,False
2018,All,18,youth,male,155,1,0,False
2018,All,18,youth,male,146,0,0,False
2018,All,28,adult,male,12,2,0,False
2018,All,28,adult,female,133,1,0,False
2018,All,18,youth,male,118,1,0,False
2018,All,28,adult,male,93,3,0,False
2018,All,42,adult,female,15,3,0,False
2018,All,22,youth,male,172,2,0,False
2018,All,18,youth,male,124,2,0,False
2018,All,50,adult,male,150,1,0,False
2018,All,50,adult,female,173,1,0,False
2018,All,58,adult,female,64,1,0,False
2018,All,18,youth,male,51,3,0,False
2018,All,42,adult,male,60,3,0,False
2018,All,22,youth,male,122,2,0,False
2018,All,18,youth,male,45,1,0,False
2018,All,28,adult,male,127,0,0,False
2018,All,18,youth,male,157,1,0,False
2018,All,35,adult,male,164,0,0,False
2018,All,42,adult,male,46,2,0,False
2018,All,28,adult,male,104,1,0,False
2018,All,35,adult,male,6,2,0,False
2018,All,42,adult,male,39,1,0,False
2018,All,18,youth,male,78,0,0,False
2018,All,35,adult,male,168,0,0,False
2018,All,35,adult,male,35,3,0,False
2018,All,50,adult,female,128,3,0,False
2018,All,42,adult,female,41,0,0,False
2018,All,50,adult,female,138,2,0,False
2018,All,18,youth,female,161,2,0,False
2018,All,22,youth,female,132,1,0,False
2018,All,58,adult,female,52,1,0,False
2018,All,28,adult,male,100,0,0,False
2018,All,50,adult,female,175,2,0,False
2018,All,35,adult,female,152,2,0,False
2018,All,28,adult,male,99,3,0,False
2018,All,28,adult,male,133,0,0,False
2018,All,22,youth,female,138,1,0,False
2018,All,42,adult,male,140,0,0,False
2018,All,35,adult,male,145,1,0,False
2018,All,35,adult,male,60,1,0,False
2018,All,28,adult,male,131,0,0,False
2018,All,50,adult,male,150,0,0,False
2018,All,22,youth,female,92,1,0,False
2018,All,18,youth,female,87,1,0,False
2018,All,42,adult,male,179,0,0,False
2018,All,35,adult,female,97,2,0,False
2018,All,42,adult,male,50,0,0,False
2018,All,22,youth,female,146,0,0,False
2018,All,28,adult,male,77,2,0,False
2018,All,42,adult,female,79,2,0,False
2018,All,22,youth,female,50,2,0,False
2018,All,28,adult,male,146,2,0,False
2018,All,22,youth,male,134,3,0,False
2018,All,18,youth,male,101,1,0,False
2018,All,58,adult,male,5,0,0,False
2018,All,18,youth,male,46,1,0,False
2018,All,35,adult,male,113,1,0,False
2018,All,42,adult,female,115,3,0,False
2018,All,22,youth,female,60,1,0,False
2018,All,28,adult,female,130,0,0,False
2018,All,42,adult,male,53,3,0,False
2018,All,35,adult,male,126,2,0,False
2018,All,35,adult,female,28,1,0,False
2018,All,50,adult,male,126,1,0,False
2018,All,22,youth,male,28,1,0,False
2018,All,28,adult,male,51,1,0,False
2018,All,35,adult,female,127,2,0,False
2018,All,35,adult,male,24,2,0,False
2018,All,22,youth,female,151,2,0,False
2018,All,42,adult,male,72,0,0,False
2018,All,22,youth,male,34,1,0,False
2018,All,50,adult,male,9,2,0,False
2018,All,28,adult,male,127,1,0,False
2018,All,42,adult,female,145,0,0,False
2018,All,35,adult,female,72,2,0,False
2018,All,22,youth,female,130,3,0,False
2018,All,22,youth,male,175,2,0,False
2018,All,42,adult,female,115,1,0,False
2018,All,18,youth,female,111,0,0,False
2018,All,42,adult,male,31,2,0,False
2018,All,42,adult,female,73,0,0,False
2018,All,42,adult,female,36,1,0,False
2018,All,28,adult,female,21,2,0,False
2018,All,22,youth,male,71,1,0,False
2018,All,22,youth,male,173,0,0,False
2018,All,50,adult,female,69,0,0,False
2018,All,22,youth,female,26,3,0,False
2018,All,22,youth,male,37,0,0,False
2018,All,35,adult,male,46,1,0,False
2018,All,35,adult,male,107,0,0,False
2018,All,22,youth,male,148,0,0,False
2018,All,58,adult,male,41,2,0,False
2018,All,42,adult,female,36,0,0,False
2018,All,58,adult,female,55,1,0,False
2018,All,42,adult,male,20,3,0,False
2018,All,42,adult,female,41,0,0,False
2018,All,35,adult,female,30,2,0,False
2018,All,35,adult,male,110,3,0,False
2018,All,28,adult,male,10,0,0,False
2018,All,42,adult,male,42,2,0,False
2018,All,50,adult,female,114,0,0,False
2018,All,50,adult,female,54,3,0,False
2018,All,50,adult,female,137,0,0,False
2018,All,42,adult,female,83,3,0,False
2018,All,22,youth,male,41,0,0,False
2018,All,42,adult,female,154,0,0,False
2018,All,22,youth,male,142,1,0,False
2018,All,22,youth,male,60,0,0,False
2018,All,42,adult,male,139,3,0,False
2018,All,22,youth,male,162,1,0,False
2018,All,42,adult,female,116,2,0,False
2018,All,35,adult,male,27,3,0,False
2018,All,50,adult,male,101,1,0,False
2018,All,58,adult,female,64,2,0,False
2018,All,22,youth,male,128,2,0,False
2018,All,22,youth,female,170,1,0,False
2018,All,35,adult,male,101,3,0,False
2018,All,22,youth,male,56,1,0,False
2018,All,50,adult,female,30,2,0,False
2018,All,18,youth,male,142,0,0,False
2018,All,58,adult,male,110,1,0,False
2018,All,50,adult,female,130,0,0,False
2018,All,65,adult,male,125,2,0,False
2018,All,42,adult,male,117,2,0,False
2018,All,28,adult,male,53,3,0,False
2018,All,35,adult,male,61,0,0,False
2018,All,22,youth,female,108,1,0,False
2018,All,35,adult,male,43,0,0,False
2018,All,22,youth,male,61,3,0,False
2018,All,35,adult,male,175,2,0,False
2018,All,35,adult,male,169,0,0,False
2018,All,35,adult,female,33,0,0,False
2018,All,28,adult,male,50,2,0,False
2018,All,65,adult,male,134,3,0,False
2018,All,35,adult,male,150,0,0,False
2018,All,42,adult,male,52,2,0,False
2018,All,42,adult,male,13,0,0,False
2018,All,28,adult,male,132,1,0,False
2018,All,35,adult,male,43,1,0,False
2018,All,42,adult,male,167,3,0,False
2018,All,35,adult,male,62,0,0,False
2018,All,35,adult,female,144,2,0,False
2018,All,35,adult,male,15,0,0,False
2018,All,42,adult,female,129,2,0,False
2018,All,35,adult,female,157,1,0,False
2018,All,22,youth,male,123,1,0,False
2018,All,50,adult,male,66,3,0,False
2018,All,35,adult,male,160,3,0,False
2018,All,18,youth,male,67,2,0,False
2018,All,18,youth,female,80,3,0,False
2018,All,42,adult,male,46,1,0,False
2018,All,28,adult,male,85,1,0,False
2018,All,42,adult,female,168,1,0,False
2018,All,42,adult,female,92,2,0,False
2018,All,42,adult,male,47,0,0,False
2018,All,22,youth,male,134,0,0,False
2018,All,28,adult,male,19,2,0,False
2018,All,22,youth,male,82,3,0,False
2018,All,42,adult,male,76,3,0,False
2018,All,50,adult,male,3,1,0,False
2018,All,28,adult,male,119,1,0,False
2018,All,42,adult,female,128,0,0,False
2018,All,18,youth,male,100,1,0,False
2018,All,28,adult,male,17,2,0,False
2018,All,42,adult,male,45,2,0,False
2018,All,28,adult,female,6,0,0,False
2018,All,35,adult,male,179,2,0,False
2018,All,35,adult,female,120,3,0,False
2018,All,22,youth,male,9,1,0,False
2018,All,28,adult,female,122,1,0,False
2018,All,50,adult,female,50,0,0,False
2018,All,50,adult,male,147,1,0,False
2018,All,42,adult,male,98,1,0,False
2018,All,22,youth,female,10,1,0,False
2018,All,22,youth,female,86,1,0,False
2018,All,42,adult,female,170,1,0,False
2018,All,28,adult,male,142,0,0,False
2018,All,18,youth,male,48,0,0,False
2018,All,28,adult,male,134,1,0,False
2018,All,35,adult,male,42,3,0,False
2018,All,42,adult,male,155,0,0,False
2018,All,35,adult,male,100,0,0,False
2018,All,42,adult,male,108,3,0,False
2018,All,42,adult,male,176,0,0,False
2018,All,22,youth,female,30,1,0,False
2018,All,42,adult,male,162,2,0,False
2018,All,42,adult,female,83,0,0,False
2018,All,22,youth,female,118,0,0,False
2018,All,28,adult,male,130,3,0,False
2018,All,28,adult,female,69,2,0,False
2018,All,35,adult,female,127,2,0,False
2018,All,28,adult,female,177,2,0,False
2018,All,35,adult,male,68,3,0,False
2018,All,35,adult,female,41,2,0,False
2018,All,22,youth,male,52,0,0,False
2018,All,22,youth,female,163,2,0,False
2018,All,22,youth,male,18,0,0,False
2018,All,42,adult,female,69,1,0,False
2018,All,18,youth,male,32,2,0,False
2018,All,42,adult,male,168,2,0,False
2018,All,42,adult,male,64,1,0,False
2018,All,22,youth,female,40,1,0,False
2018,All,28,adult,male,38,0,0,False
2018,All,42,adult,male,101,3,0,False
2018,All,42,adult,male,147,2,0,False
2018,All,35,adult,female,4,0,0,False
2018,All,58,adult,male,79,2,0,False
2018,All,42,adult,male,123,1,0,False
2018,All,28,adult,male,45,3,0,False
2018,All,42,adult,male,97,2,0,False
2018,All,18,youth,male,164,3,0,False
2018,All,58,adult,male,81,1,0,False
2018,All,28,adult,female,140,2,0,False
2018,All,18,youth,male,59,2,0,False
2018,All,22,youth,male,143,1,0,False
2018,All,58,adult,male,97,1,0,False
2018,All,35,adult,female,63,0,0,False
2018,All,35,adult,female,124,3,0,False
2018,All,35,adult,female,16,2,0,False
2018,All,35,adult,male,100,1,0,False
2018,All,28,adult,female,40,2,0,False
2018,All,35,adult,female,98,2,0,False
2018,All,22,youth,male,12,0,0,False
2018,All,50,adult,male,89,0,0,False
2018,All,50,adult,female,162,2,0,False
2018,All,18,youth,male,166,1,0,False
2018,All,42,adult,male,68,1,0,False
2018,All,28,adult,male,30,1,0,False
2018,All,18,youth,female,35,3,0,False
2018,All,42,adult,female,151,1,0,False
2018,All,28,adult,male,160,1,0,False
2018,All,65,adult,female,143,3,0,False
2018,All,42,adult,female,163,2,0,False
2018,All,22,youth,male,85,0,0,False
2018,All,42,adult,male,112,0,0,False
2018,All,28,adult,female,151,3,0,False
2018,All,50,adult,female,68,1,0,False
2018,All,42,adult,female,122,2,0,False
2018,All,65,adult,male,141,0,0,False
2018,All,28,adult,female,46,1,0,False
2018,All,22,youth,male,156,3,0,False
2018,All,35,adult,female,91,3,0,False
2018,All,28,adult,male,12,1,0,False
2018,All,18,youth,male,97,2,0,False
2018,All,50,adult,male,17,0,0,False
2018,All,42,adult,female,125,2,0,False
2018,All,35,adult,male,89,2,0,False
2018,All,42,adult,male,168,1,0,False
2018,All,35,adult,male,85,2,0,False
2018,All,35,adult,male,172,0,0,False
2018,All,50,adult,male,50,2,0,False
2018,All,50,adult,female,0,0,0,False
2018,All,42,adult,male,132,0,0,False
2018,All,28,adult,male,3,1,0,False
2018,All,22,youth,female,55,3,0,False
2018,All,22,youth,male,106,3,0,False
2018,All,28,adult,female,33,2,0,False
2018,All,28,adult,female,76,2,0,False
2018,All,22,youth,male,46,1,0,False
2018,All,28,adult,female,40,3,0,False
2018,All,50,adult,female,127,1,0,False
2018,All,28,adult,male,68,3,0,False
2018,All,35,adult,female,70,1,0,False
2018,All,28,adult,female,77,2,0,False
2018,All,28,adult,male,6,0,0,False
2018,All,35,adult,male,21,2,0,False
2018,All,28,adult,female,64,2,0,False
2018,All,28,adult,female,49,1,0,False
2018,All,42,adult,female,115,2,0,False
2018,All,42,adult,male,124,3,0,False
2018,All,28,adult,female,179,2,0,False
2018,All,28,adult,female,66,3,0,False
2018,All,42,adult,male,173,3,0,False
2018,All,35,adult,male,115,0,0,False
2018,All,28,adult,male,135,0,0,False
2018,All,22,youth,male,4,0,0,False
2018,All,18,youth,male,155,2,0,False
2018,All,58,adult,female,166,3,0,False
2018,All,22,youth,male,109,3,0,False
2018,All,28,adult,male,33,1,0,False
2018,All,28,adult,male,18,2,0,False
2018,All,28,adult,female,59,2,0,False
2018,All,58,adult,female,158,0,0,False
2018,All,18,youth,male,161,2,0,False
2018,All,50,adult,male,54,2,0,False
2018,All,22,youth,male,72,1,0,False
2018,All,28,adult,male,157,1,0,False
2018,All,35,adult,male,80,2,0,False
2018,All,35,adult,male,50,3,0,False
2018,All,58,adult,female,145,2,0,False
2018,All,35,adult,male,61,2,0,False
2018,All,35,adult,female,65,3,0,False
2018,All,22,youth,female,84,1,0,False
2018,All,18,youth,male,68,3,0,False
2018,All,28,adult,female,29,1,0,False
2018,All,18,youth,male,148,2,0,False
2018,All,28,adult,male,29,3,0,False
2018,All,42,adult,male,101,1,0,False
2018,All,42,adult,male,1,0,0,False
2018,All,50,adult,female,107,3,0,False
2018,All,42,adult,male,85,2,0,False
2018,All,65,adult,male,6,1,0,False
2018,All,42,adult,male,59,2,0,False
2018,All,42,adult,male,48,1,0,False
2018,All,18,youth,female,70,1,0,False
2018,All,42,adult,female,18,0,0,False
2018,All,18,youth,female,72,3,0,False
2018,All,35,adult,male,179,3,0,False
2018,All,35,adult,male,19,2,0,False
2018,All,28,adult,male,140,2,0,False
2018,All,35,adult,male,156,3,0,False
2018,All,28,adult,male,83,1,0,False
2018,All,22,youth,male,88,1,0,False
2018,All,50,adult,male,55,0,0,False
2018,All,35,adult,male,71,2,0,False
2018,All,50,adult,female,56,0,0,False
2018,All,22,youth,male,109,2,0,False
2018,All,22,youth,male,72,2,0,False
2018,All,35,adult,male,137,0,0,False
2018,All,22,youth,male,173,1,0,False
2018,All,28,adult,female,146,1,0,False
2018,All,35,adult,female,148,1,0,False
2018,All,35,adult,male,74,1,0,False
2018,All,35,adult,male,95,0,0,False
2018,All,28,adult,male,14,2,0,False
2018,All,18,youth,female,179,0,0,False
2018,All,35,adult,female,23,1,0,False
2018,All,28,adult,female,146,3,0,False
2018,All,35,adult,female,3,2,0,False
2018,All,18,youth,female,140,1,0,False
2018,All,22,youth,female,164,1,0,False
2018,All,42,adult,male,151,1,0,False
2018,All,35,adult,male,56,1,0,False
2018,All,28,adult,female,28,2,0,False
2018,All,42,adult,male,103,3,0,False
2018,All,35,adult,male,41,1,0,False
2018,All,35,adult,female,106,3,0,False
2018,All,18,youth,female,118,0,0,False
2018,All,28,adult,female,158,1,0,False
2018,All,42,adult,male,107,3,0,False
2018,All,35,adult,female,7,2,0,False
2018,All,28,adult,female,120,2,0,False
2018,All,35,adult,male,84,1,0,False
2018,All,18,youth,male,81,2,0,False
2018,All,50,adult,female,37,0,0,False
2018,All,18,youth,male,84,2,0,False
2018,All,22,youth,male,179,1,0,False
2018,All,58,adult,male,18,1,0,False
2018,All,28,adult,male,135,0,0,False
2018,All,28,adult,male,72,3,0,False
2018,All,42,adult,female,152,2,0,False
2018,All,65,adult,male,53,3,0,False
2018,All,35,adult,male,137,2,0,False
2018,All,42,adult,male,77,1,0,False
2018,All,50,adult,male,80,2,0,False
2018,All,22,youth,male,26,3,0,False
2018,All,18,youth,male,60,1,0,False
2018,All,22,youth,male,164,2,0,False
2018,All,65,adult,male,70,0,0,False
2018,All,42,adult,male,117,2,0,False
2018,All,35,adult,male,73,2,0,False
2018,All,42,adult,male,82,1,0,False
2018,All,35,adult,male,141,1,0,False
2018,All,22,youth,male,27,2,0,False
2018,All,22,youth,male,106,2,0,False
2018,All,50,adult,male,172,3,0,False
2018,All,28,adult,female,20,0,0,False
2018,All,42,adult,female,178,1,0,False
2018,All,22,youth,male,132,2,0,False
2018,All,42,adult,male,35,2,0,False
2018,All,50,adult,female,86,1,0,False
2018,All,50,adult,male,34,0,0,False
2018,All,50,adult,male,70,3,0,False
2018,All,35,adult,female,15,3,0,False
2018,All,28,adult,female,105,0,0,False
2018,All,50,adult,male,85,2,0,False
2018,All,22,youth,male,173,2,0,False
2018,All,42,adult,male,46,2,0,False
2018,All,28,adult,female,90,2,0,False
2018,All,18,youth,male,76,0,0,False
2018,All,58,adult,male,114,2,0,False
2018,All,22,youth,male,51,1,0,False
2018,All,22,youth,male,65,1,0,False
2018,All,50,adult,male,115,0,0,False
2018,All,50,adult,male,33,2,0,False
2018,All,22,youth,female,170,1,0,False
2018,All,42,adult,male,100,3,0,False
2018,All,42,adult,male,60,3,0,False
2018,All,35,adult,male,152,0,0,False
2018,All,22,youth,female,16,0,0,False
2018,All,50,adult,female,32,2,0,False
2018,All,50,adult,male,51,3,0,False
2018,All,18,youth,female,163,2,0,False
2018,All,18,youth,male,167,3,0,False
2018,All,42,adult,female,154,2,0,False
2018,All,28,adult,male,80,3,0,False
2018,All,28,adult,female,140,0,0,False
2018,All,50,adult,female,106,2,0,False
2018,All,18,youth,male,162,2,0,False
2018,All,35,adult,male,57,0,0,False
2018,All,50,adult,male,156,2,0,False
2018,All,22,youth,male,138,1,0,False
2018,All,28,adult,male,33,2,0,False
2018,All,28,adult,male,151,2,0,False
2018,All,42,adult,male,36,0,0,False
2018,All,35,adult,female,132,3,0,False
2018,All,22,youth,male,88,2,0,False
2018,All,58,adult,female,106,2,0,False
2018,All,18,youth,female,13,0,0,False
2018,All,22,youth,female,23,1,0,False
2018,All,18,youth,male,29,3,0,False
2018,All,50,adult,male,92,2,0,False
2018,All,18,youth,male,21,3,0,False
2018,All,50,adult,female,115,2,0,False
2018,All,42,adult,male,161,3,0,False
2018,All,35,adult,male,116,3,0,False
2018,All,28,adult,female,123,0,0,False
2018,All,42,adult,male,103,2,0,False
2018,All,35,adult,female,139,1,0,False
2018,All,50,adult,male,174,3,0,False
2018,All,35,adult,female,125,1,0,False
2018,All,18,youth,male,163,1,0,False
2018,All,18,youth,female,173,2,0,False
2018,All,28,adult,male,53,3,0,False
2018,All,42,adult,female,76,1,0,False
2018,All,42,adult,female,34,3,0,False
2018,All,18,youth,female,67,0,0,False
2018,All,42,adult,female,177,2,0,False
2018,All,42,adult,male,5,2,0,False
2018,All,50,adult,male,169,0,0,False
2018,All,22,youth,female,85,0,0,False
2018,All,35,adult,female,70,3,0,False
2018,All,28,adult,male,80,0,0,False
2018,All,22,youth,male,134,3,0,False
2018,All,35,adult,male,111,1,0,False
2018,All,42,adult,male,160,2,0,False
2018,All,28,adult,female,11,2,0,False
2018,All,42,adult,male,124,0,0,False
2018,All,58,adult,female,102,0,0,False
2018,All,50,adult,male,46,0,0,False
2018,All,18,youth,female,105,1,0,False
2018,All,42,adult,male,28,3,0,False
2018,All,28,adult,male,164,3,0,False
2018,All,35,adult,male,42,0,0,False
2018,All,42,adult,female,55,1,0,False
2018,All,35,adult,male,98,1,0,False
2018,All,18,youth,female,88,1,0,False
2018,All,50,adult,female,163,3,0,False
2018,All,42,adult,male,139,3,0,False
2018,All,42,adult,male,151,0,0,False
2018,All,58,adult,male,6,1,0,False
2018,All,28,adult,male,4,1,0,False
2018,All,28,adult,male,12,3,0,False
2018,All,42,adult,female,12,2,0,False
2018,All,28,adult,male,57,2,0,False
2018,All,28,adult,female,58,2,0,False
2018,All,35,adult,female,142,1,0,False
2018,All,42,adult,female,152,0,0,False
2018,All,22,youth,male,10,2,0,False
2018,All,28,adult,male,152,1,0,False
2018,All,50,adult,male,25,2,0,False
2018,All,50,adult,female,168,3,0,False
2018,All,42,adult,male,59,0,0,False
2018,All,18,youth,female,173,2,0,False
2018,All,42,adult,male,72,1,0,False
2018,All,58,adult,female,28,0,0,False
2018,All,22,youth,female,12,3,0,False
2018,All,42,adult,male,53,1,0,False
2018,All,28,adult,female,47,3,0,False
2018,All,58,adult,female,96,1,0,False
2018,All,22,youth,male,116,1,0,False
2018,All,22,youth,male,35,2,0,False
2018,All,22,youth,male,32,1,0,False
2018,All,22,youth,male,57,0,0,False
2018,All,58,adult,male,134,2,0,False
2018,All,28,adult,male,29,0,0,False
2018,All,35,adult,male,36,3,0,False
2018,All,65,adult,male,172,0,0,False
2018,All,35,adult,male,19,2,0,False
2018,All,35,adult,female,161,2,0,False
2018,All,28,adult,female,120,1,0,False
2018,All,42,adult,male,135,1,0,False
2018,All,35,adult,female,103,1,0,False
2018,All,42,adult,female,14,0,0,False
2018,All,18,youth,male,173,0,0,False
2018,All,35,adult,male,94,1,0,False
2018,All,22,youth,female,159,0,0,False
2018,All,35,adult,female,2,1,0,False
2018,All,28,adult,male,16,2,0,False
2018,All,42,adult,male,59,3,0,False
2018,All,22,youth,female,13,1,0,False
2018,All,42,adult,female,171,2,0,False
2018,All,22,youth,female,105,1,0,False
2018,All,28,adult,female,131,3,0,False
2018,All,22,youth,female,23,1,0,False
2018,All,42,adult,male,49,3,0,False
2018,All,28,adult,female,91,3,0,False
2018,All,35,adult,female,112,2,0,False
2018,All,35,adult,female,165,1,0,False
2018,All,35,adult,male,79,2,0,False
2018,All,42,adult,male,55,0,0,False
2018,All,22,youth,male,3,1,0,False
2018,All,42,adult,male,99,0,0,False
2018,All,50,adult,male,11,1,0,False
2018,All,35,adult,female,80,3,0,False
2018,All,35,adult,male,119,1,0,False
2018,All,22,youth,male,109,0,0,False
2018,All,22,youth,male,137,3,0,False
2018,All,42,adult,female,172,0,0,False
2018,All,42,adult,female,123,1,0,False
2018,All,22,youth,male,91,0,0,False
2018,All,18,youth,female,102,1,0,False
2018,All,35,adult,female,120,2,0,False
2018,All,18,youth,male,130,1,0,False
2018,All,22,youth,female,51,3,0,False
2018,All,35,adult,male,172,2,0,False
2018,All,42,adult,male,47,3,0,False
2018,All,22,youth,female,120,3,0,False
2018,All,65,adult,male,137,1,0,False
2018,All,35,adult,female,136,2,0,False
2018,All,28,adult,male,83,0,0,False
2018,All,35,adult,female,115,2,0,False
2018,All,50,adult,female,114,3,0,False
2018,All,35,adult,female,174,0,0,False
2018,All,28,adult,male,28,1,0,False
2018,All,42,adult,male,44,0,0,False
2018,All,28,adult,male,16,1,0,False
2018,All,35,adult,female,5,1,0,False
2018,All,28,adult,male,97,3,0,False
2018,All,35,adult,male,151,3,0,False
2018,All,35,adult,female,44,0,0,False
2018,All,28,adult,female,137,1,0,False
2018,All,58,adult,male,16,0,0,False
2018,All,35,adult,male,27,0,0,False
2018,All,50,adult,male,123,3,0,False
2018,All,42,adult,female,5,3,0,False
2018,All,35,adult,female,30,0,0,False
2018,All,28,adult,male,129,2,0,False
2018,All,42,adult,male,104,0,0,False
2018,All,50,adult,female,45,1,0,False
2018,All,28,adult,male,143,0,0,False
2018,All,42,adult,male,93,0,0,False
2018,All,35,adult,male,59,1,0,False
2018,All,42,adult,female,39,0,0,False
2018,All,50,adult,male,109,1,0,False
2018,All,42,adult,male,26,1,0,False
2018,All,28,adult,male,99,2,0,False
2018,All,42,adult,male,75,2,0,False
2018,All,50,adult,female,109,3,0,False
2018,All,35,adult,male,26,2,0,False
2018,All,35,adult,male,107,1,0,False
2018,All,18,youth,male,164,3,0,False
2018,All,50,adult,female,120,1,0,False
2018,All,22,youth,female,45,0,0,False
2018,All,22,youth,female,10,2,0,False
2018,All,18,youth,female,25,3,0,False
2018,All,22,youth,male,56,1,0,False
2018,All,35,adult,male,4,2,0,False
2018,All,22,youth,male,57,1,0,False
2018,All,50,adult,male,24,3,0,False
2018,All,18,youth,male,7,0,0,False
2018,All,35,adult,male,16,1,0,False
2018,All,35,adult,male,149,0,0,False
2018,All,42,adult,male,169,1,0,False
2018,All,35,adult,male,126,0,0,False
2018,All,28,adult,male,175,1,0,False
2018,All,18,youth,male,40,3,0,False
2018,All,18,youth,female,172,0,0,False
2018,All,35,adult,male,58,3,0,False
2018,All,18,youth,female,69,2,0,False
2018,All,50,adult,male,74,2,0,False
2018,All,42,adult,female,169,3,0,False
2018,All,28,adult,female,106,3,0,False
2018,All,42,adult,male,137,2,0,False
2018,All,28,adult,male,129,3,0,False
2018,All,35,adult,male,59,1,0,False
2018,All,28,adult,male,122,3,0,False
2018,All,22,youth,male,82,3,0,False
2018,All,28,adult,male,41,0,0,False
2018,All,50,adult,female,96,1,0,False
2018,All,18,youth,male,103,2,0,False
2018,All,50,adult,female,156,3,0,False
2018,All,35,adult,female,50,0,0,False
2018,All,35,adult,male,92,3,0,False
2018,All,50,adult,male,3,3,0,False
2018,All,42,adult,female,107,2,0,False
2018,All,42,adult,male,53,2,0,False
2018,All,35,adult,male,49,2,0,False
2018,All,18,youth,male,54,0,0,False
2018,All,22,youth,male,120,2,0,False
2018,All,22,youth,male,14,3,0,False
2018,All,28,adult,male,77,2,0,False
2018,All,50,adult,female,129,3,0,False
2018,All,18,youth,male,114,2,0,False
2018,All,42,adult,male,56,1,0,False
2018,All,50,adult,male,95,2,0,False
2018,All,28,adult,female,10,1,0,False
2018,All,22,youth,female,41,1,0,False
2018,All,28,adult,female,123,0,0,False
2018,All,28,adult,female,102,3,0,False
2018,All,35,adult,male,16,2,0,False
2018,All,35,adult,male,65,2,0,False
2018,All,28,adult,female,108,3,0,False
2018,All,42,adult,male,103,2,0,False
2018,All,18,youth,female,137,2,0,False
2018,All,35,adult,male,178,1,0,False
2018,All,28,adult,male,110,0,0,False
2018,All,35,adult,female,52,2,0,False
2018,All,50,adult,male,178,0,0,False
2018,All,42,adult,male,74,3,0,False
2018,All,42,adult,male,42,1,0,False
2018,All,58,adult,male,78,1,0,False
2018,All,50,adult,male,177,2,0,False
2018,All,35,adult,female,137,3,0,False
2018,All,28,adult,male,87,2,0,False
2018,All,58,adult,male,5,2,0,False
2018,All,50,adult,male,40,2,0,False
2018,All,35,adult,male,140,0,0,False
2018,All,50,adult,male,31,1,0,False
2018,All,42,adult,male,8,1,0,False
2018,All,28,adult,female,71,3,0,False
2018,All,50,adult,female,53,0,0,False
2018,All,18,youth,male,141,2,0,False
2018,All,18,youth,female,5,3,0,False
2018,All,35,adult,female,95,1,0,False
2018,All,22,youth,male,21,0,0,False
2018,All,35,adult,male,71,1,0,False
2018,All,35,adult,female,86,2,0,False
2018,All,28,adult,female,172,0,0,False
2018,All,42,adult,male,134,1,0,False
2018,All,18,youth,female,38,2,0,False
2018,All,28,adult,male,170,2,0,False
2018,All,65,adult,female,81,1,0,False
2018,All,22,youth,female,4,3,0,False
2018,All,35,adult,female,169,1,0,False
2018,All,65,adult,male,176,0,0,False
2018,All,35,adult,female,179,3,0,False
2018,All,18,youth,male,168,0,0,False
2018,All,28,adult,male,48,0,0,False
2018,All,35,adult,male,132,0,0,False
2018,All,50,adult,male,109,1,0,False
2018,All,35,adult,male,112,0,0,False
2018,All,42,adult,male,52,3,0,False
2018,All,28,adult,male,12,1,0,False
2018,All,28,adult,female,7,2,0,False
2018,All,35,adult,female,59,0,0,False
2018,All,35,adult,male,99,0,0,False
2018,All,28,adult,female,44,3,0,False
2018,All,58,adult,male,15,3,0,False
2018,All,18,youth,female,161,3,0,False
2018,All,35,adult,female,92,2,0,False
2018,All,22,youth,male,157,2,0,False
2018,All,28,adult,male,26,3,0,False
2018,All,18,youth,male,99,3,0,False
2018,All,22,youth,female,178,0,0,False
2018,All,42,adult,female,0,1,0,False
2018,All,28,adult,female,87,0,0,False
2018,All,18,youth,female,48,3,0,False
2018,All,22,youth,male,173,3,0,False
2018,All,18,youth,female,11,0,0,False
2018,All,35,adult,male,25,1,0,False
2018,All,28,adult,male,46,2,0,False
2018,All,35,adult,male,173,2,0,False
2018,All,42,adult,male,28,3,0,False
2018,All,22,youth,male,114,1,0,False
2018,All,35,adult,male,147,2,0,False
2018,All,22,youth,male,43,0,0,False
2018,All,35,adult,male,56,3,0,False
2018,All,42,adult,male,147,0,0,False
2018,All,18,youth,female,11,2,0,False
2018,All,58,adult,male,40,0,0,False
2018,All,58,adult,female,109,0,0,False
2018,All,58,adult,male,148,1,0,False
2018,All,35,adult,female,59,0,0,False
2018,All,18,youth,male,127,1,0,False
2018,All,42,adult,female,157,2,0,False
2018,All,35,adult,male,53,0,0,False
2018,All,58,adult,male,142,3,0,False
2018,All,18,youth,male,136,1,0,False
2018,All,18,youth,male,87,0,0,False
2018,All,22,youth,male,34,2,0,False
2018,All,65,adult,male,38,0,0,False
2018,All,28,adult,female,141,0,0,False
2018,All,50,adult,male,154,3,0,False
2018,All,35,adult,female,74,0,0,False
2018,All,42,adult,male,13,2,0,False
2018,All,22,youth,male,75,0,0,False
2018,All,22,youth,female,122,3,0,False
2018,All,35,adult,male,108,3,0,False
2018,All,28,adult,male,6,2,0,False
2018,All,50,adult,female,8,0,0,False
2018,All,42,adult,male,28,2,0,False
2018,All,28,adult,female,40,1,0,False
2018,All,42,adult,male,47,3,0,False
2018,All,58,adult,female,62,1,0,False
2018,All,58,adult,female,49,0,0,False
2018,All,22,youth,male,136,2,0,False
2018,All,22,youth,male,60,0,0,False
2018,All,35,adult,male,77,0,0,False
2018,All,58,adult,male,32,2,0,False
2018,All,22,youth,female,20,2,0,False
2018,All,35,adult,male,100,3,0,False
2018,All,22,youth,male,30,0,0,False
2018,All,50,adult,female,100,3,0,False
2018,All,22,youth,male,14,3,0,False
2018,All,35,adult,female,61,1,0,False
2018,All,35,adult,male,171,0,0,False
2018,All,50,adult,male,48,3,0,False
2018,All,35,adult,female,113,3,0,False
2018,All,42,adult,male,128,2,0,False
2018,All,50,adult,male,177,3,0,False
2018,All,22,youth,male,59,1,0,False
2018,All,42,adult,female,66,3,0,False
2018,All,28,adult,male,91,3,0,False
2018,All,42,adult,male,58,1,0,False
2018,All,22,youth,male,109,2,0,False
2018,All,42,adult,female,145,0,0,False
2018,All,65,adult,male,98,1,0,False
2018,All,42,adult,male,115,2,0,False
2018,All,50,adult,female,61,1,0,False
2018,All,42,adult,male,113,3,0,False
2018,All,22,youth,female,125,2,0,False
2018,All,22,youth,female,51,2,0,False
2018,All,35,adult,male,132,1,0,False
2018,All,18,youth,male,36,3,0,False
2018,All,35,adult,male,70,1,0,False
2018,All,35,adult,female,131,3,0,False
2018,All,42,adult,male,12,2,0,False
2018,All,50,adult,male,28,0,0,False
2018,All,22,youth,female,164,0,0,False
2018,All,65,adult,female,179,2,0,False
2018,All,18,youth,female,112,3,0,False
2018,All,18,youth,male,78,2,0,False
2018,All,42,adult,male,87,1,0,False
2018,All,42,adult,male,19,3,0,False
2018,All,35,adult,male,48,2,0,False
2018,All,22,youth,male,31,2,0,False
2018,All,28,adult,male,70,0,0,False
2018,All,42,adult,female,58,1,0,False
2018,All,28,adult,male,90,0,0,False
2018,All,58,adult,male,54,3,0,False
2018,All,35,adult,male,55,2,0,False
2018,All,22,youth,male,31,0,0,False
2018,All,18,youth,male,103,1,0,False
2018,All,42,adult,male,133,0,0,False
2018,All,35,adult,female,53,2,0,False
2018,All,50,adult,male,138,0,0,False
2018,All,50,adult,female,29,3,0,False
2018,All,22,youth,male,115,3,0,False
2018,All,28,adult,male,18,1,0,False
2018,All,35,adult,male,175,0,0,False
2018,All,35,adult,male,75,0,0,False
2018,All,18,youth,female,108,3,0,False
2018,All,22,youth,male,65,1,0,False
2018,All,35,adult,female,95,2,0,False
2018,All,28,adult,male,64,0,0,False
2018,All,42,adult,female,100,3,0,False
2018,All,18,youth,male,123,2,0,False
2018,All,18,youth,male,133,1,0,False
2018,All,35,adult,male,177,3,0,False
2018,All,18,youth,male,36,3,0,False
2018,All,28,adult,female,75,3,0,False
2018,All,50,adult,male,1,2,0,False
2018,All,28,adult,male,120,0,0,False
2018,All,35,adult,male,86,2,0,False
2018,All,42,adult,male,49,3,0,False
2018,All,42,adult,male,70,2,0,False
2018,All,18,youth,female,14,0,0,False
2018,All,18,youth,female,83,3,0,False
2018,All,42,adult,male,51,2,0,False
2018,All,50,adult,male,174,2,0,False
2018,All,18,youth,male,5,1,0,False
2018,All,65,adult,female,120,0,0,False
2021,All,50,adult,female,79,0,0,False
2021,All,28,adult,female,5,2,0,False
2021,All,65,adult,male,72,0,0,False
2021,All,22,youth,male,22,2,0,False
2021,All,18,youth,female,10,1,0,False
2021,All,28,adult,male,137,3,0,False
2021,All,58,adult,male,120,3,0,False
2021,All,42,adult,male,60,3,0,False
2021,All,65,adult,male,177,2,0,False
2021,All,50,adult,male,138,3,0,False
2021,All,35,adult,male,139,2,0,False
2021,All,35,adult,female,42,2,0,False
2021,All,35,adult,female,38,2,0,False
2021,All,22,youth,male,33,1,0,False
2021,All,18,youth,male,112,3,0,False
2021,All,50,adult,male,170,3,0,False
2021,All,28,adult,male,14,3,0,False
2021,All,22,youth,female,42,0,0,False
2021,All,35,adult,male,40,2,0,False
2021,All,18,youth,male,174,2,0,False
2021,All,58,adult,female,111,1,0,False
2021,All,35,adult,male,77,0,0,False
2021,All,58,adult,male,153,1,0,False
2021,All,28,adult,male,22,2,0,False
2021,All,35,adult,male,72,3,0,False
2021,All,50,adult,male,25,0,0,False
2021,All,42,adult,female,131,1,0,False
2021,All,58,adult,male,172,3,0,False
2021,All,58,adult,male,125,3,0,False
2021,All,28,adult,female,79,3,0,False
2021,All,50,adult,male,77,3,0,False
2021,All,22,youth,female,39,1,0,False
2021,All,18,youth,female,56,1,0,False
2021,All,22,youth,male,3,1,0,False
2021,All,28,adult,male,78,1,0,False
2021,All,22,youth,male,100,0,0,False
2021,All,35,adult,male,129,3,0,False
2021,All,22,youth,male,40,2,0,False
2021,All,35,adult,male,131,0,0,False
2021,All,28,adult,male,26,3,0,False
2021,All,42,adult,male,127,3,0,False
2021,All,35,adult,male,121,1,0,False
2021,All,35,adult,male,38,2,0,False
2021,All,28,adult,female,107,3,0,False
2021,All,22,youth,male,121,1,0,False
2021,All,22,youth,female,3,1,0,False
2021,All,58,adult,male,44,0,0,False
2021,All,42,adult,female,75,3,0,False
2021,All,18,youth,male,42,1,0,False
2021,All,18,youth,male,44,2,0,False
2021,All,18,youth,female,97,0,0,False
2021,All,65,adult,female,120,2,0,False
2021,All,22,youth,male,179,0,0,False
2021,All,50,adult,female,118,2,0,False
2021,All,28,adult,male,29,1,0,False
2021,All,42,adult,male,41,2,0,False
2021,All,28,adult,male,80,1,0,False
2021,All,22,youth,male,165,1,0,False
2021,All,22,youth,female,173,2,0,False
2021,All,50,adult,male,15,2,0,False
2021,All,28,adult,female,96,3,0,False
2021,All,18,youth,male,91,0,0,False
2021,All,35,adult,male,12,3,0,False
2021,All,35,adult,male,63,0,0,False
2021,All,22,youth,female,150,0,0,False
2021,All,42,adult,male,41,1,0,False
2021,All,18,youth,male,112,2,0,False
2021,All,22,youth,male,94,3,0,False
2021,All,18,youth,female,149,2,0,False
2021,All,50,adult,male,93,1,0,False
2021,All,28,adult,male,163,1,0,False
2021,All,18,youth,male,106,1,0,False
2021,All,28,adult,male,94,3,0,False
2021,All,42,adult,male,1,3,0,False
2021,All,42,adult,male,174,2,0,False
2021,All,18,youth,male,72,3,0,False
2021,All,50,adult,male,49,2,0,False
2021,All,22,youth,female,124,0,0,False
2021,All,28,adult,male,71,3,0,False
2021,All,22,youth,male,83,0,0,False
2021,All,22,youth,male,86,1,0,False
2021,All,50,adult,male,58,2,0,False
2021,All,58,adult,male,67,2,0,False
2021,All,35,adult,female,35,0,0,False
2021,All,35,adult,male,79,2,0,False
2021,All,42,adult,male,177,3,0,False
2021,All,28,adult,male,85,3,0,False
2021,All,35,adult,male,152,0,0,False
2021,All,42,adult,female,132,1,0,False
2021,All,35,adult,male,75,2,0,False
2021,All,42,adult,male,75,3,0,False
2021,All,22,youth,male,118,0,0,False
2021,All,42,adult,male,54,1,0,False
2021,All,28,adult,male,70,2,0,False
2021,All,58,adult,female,55,3,0,False
2021,All,35,adult,male,135,2,0,False
2021,All,50,adult,male,123,2,0,False
2021,All,28,adult,female,71,3,0,False
2021,All,18,youth,male,44,1,0,False
2021,All,42,adult,male,44,3,0,False
2021,All,65,adult,male,3,0,0,False
2021,All,28,adult,male,144,2,0,False
2021,All,22,youth,female,156,3,0,False
2021,All,50,adult,male,74,1,0,False
2021,All,28,adult,female,163,3,0,False
2021,All,28,adult,male,55,2,0,False
2021,All,28,adult,female,5,2,0,False
2021,All,50,adult,male,61,3,0,False
2021,All,35,adult,female,19,2,0,False
2021,All,50,adult,female,1,2,0,False
2021,All,42,adult,male,116,3,0,False
2021,All,42,adult,female,176,2,0,False
2021,All,28,adult,female,18,2,0,False
2021,All,65,adult,male,171,1,0,False
2021,All,35,adult,male,99,1,0,False
2021,All,58,adult,male,43,3,0,False
2021,All,35,adult,female,63,3,0,False
2021,All,35,adult,female,59,2,0,False
2021,All,35,adult,female,90,0,0,False
2021,All,42,adult,male,147,2,0,False
2021,All,22,youth,female,91,2,0,False
2021,All,42,adult,male,165,2,0,False
2021,All,35,adult,female,156,0,0,False
2021,All,28,adult,male,88,0,0,False
2021,All,42,adult,male,158,1,0,False
2021,All,28,adult,female,155,2,0,False
2021,All,42,adult,male,111,0,0,False
2021,All,18,youth,male,93,0,0,False
2021,All,50,adult,male,29,0,0,False
2021,All,65,adult,female,135,2,0,False
2021,All,42,adult,male,61,3,0,False
2021,All,22,youth,female,78,3,0,False
2021,All,18,youth,male,121,1,0,False
2021,All,22,youth,male,41,0,0,False
2021,All,42,adult,male,113,3,0,False
2021,All,22,youth,male,179,3,0,False
2021,All,35,adult,female,33,1,0,False
2021,All,35,adult,male,163,0,0,False
2021,All,22,youth,female,74,1,0,False
2021,All,22,youth,male,34,0,0,False
2021,All,35,adult,female,156,2,0,False
2021,All,42,adult,male,129,1,0,False
2021,All,35,adult,female,111,3,0,False
2021,All,50,adult,male,179,0,0,False
2021,All,22,youth,female,130,3,0,False
2021,All,35,adult,male,65,3,0,False
2021,All,22,youth,male,83,3,0,False
2021,All,28,adult,female,89,0,0,False
2021,All,18,youth,female,2,0,0,False
2021,All,35,adult,male,19,2,0,False
2021,All,28,adult,male,144,1,0,False
2021,All,42,adult,male,16,2,0,False
2021,All,28,adult,male,127,1,0,False
2021,All,22,youth,female,173,2,0,False
2021,All,28,adult,male,148,3,0,False
2021,All,18,youth,male,97,1,0,False
2021,All,42,adult,male,170,0,0,False
2021,All,42,adult,female,85,1,0,False
2021,All,28,adult,male,94,2,0,False
2021,All,22,youth,female,159,1,0,False
2021,All,42,adult,male,17,2,0,False
2021,All,42,adult,female,121,3,0,False
2021,All,42,adult,male,33,1,0,False
2021,All,42,adult,male,158,1,0,False
2021,All,50,adult,male,135,2,0,False
2021,All,28,adult,male,175,1,0,False
2021,All,35,adult,female,171,1,0,False
2021,All,35,adult,male,51,1,0,False
2021,All,18,youth,male,173,3,0,False
2021,All,42,adult,male,141,2,0,False
2021,All,18,youth,male,161,0,0,False
2021,All,35,adult,male,6,2,0,False
2021,All,35,adult,male,39,2,0,False
2021,All,18,youth,female,131,2,0,False
2021,All,50,adult,female,73,2,0,False
2021,All,22,youth,female,94,1,0,False
2021,All,18,youth,male,151,2,0,False
2021,All,35,adult,male,29,2,0,False
2021,All,28,adult,male,13,2,0,False
2021,All,28,adult,female,37,2,0,False
2021,All,35,adult,female,106,2,0,False
2021,All,28,adult,male,17,2,0,False
2021,All,42,adult,male,171,1,0,False
2021,All,18,youth,male,33,1,0,False
2021,All,28,adult,female,174,0,0,False
2021,All,35,adult,male,21,3,0,False
2021,All,28,adult,male,122,1,0,False
2021,All,28,adult,male,2,1,0,False
2021,All,28,adult,male,69,2,0,False
2021,All,18,youth,female,69,3,0,False
2021,All,42,adult,male,27,3,0,False
2021,All,50,adult,female,34,2,0,False
2021,All,22,youth,female,166,0,0,False
2021,All,58,adult,female,128,0,0,False
2021,All,58,adult,male,53,1,0,False
2021,All,35,adult,male,133,0,0,False
2021,All,35,adult,male,63,2,0,False
2021,All,28,adult,male,105,1,0,False
2021,All,22,youth,male,83,0,0,False
2021,All,42,adult,male,120,1,0,False
2021,All,22,youth,female,39,3,0,False
2021,All,28,adult,male,126,0,0,False
2021,All,35,adult,male,82,3,0,False
2021,All,35,adult,female,7,0,0,False
2021,All,42,adult,female,175,2,0,False
2021,All,35,adult,male,66,2,0,False
2021,All,18,youth,male,123,3,0,False
2021,All,18,youth,male,138,2,0,False
2021,All,50,adult,male,32,3,0,False
2021,All,50,adult,male,4,0,0,False
2021,All,42,adult,female,112,0,0,False
2021,All,28,adult,male,132,1,0,False
2021,All,35,adult,male,33,0,0,False
2021,All,18,youth,male,158,1,0,False
2021,All,22,youth,male,45,2,0,False
2021,All,18,youth,female,117,3,0,False
2021,All,28,adult,male,100,1,0,False
2021,All,50,adult,male,66,0,0,False
2021,All,35,adult,male,149,0,0,False
2021,All,50,adult,male,56,2,0,False
2021,All,42,adult,female,91,0,0,False
2021,All,22,youth,female,167,0,0,False
2021,All,22,youth,male,73,0,0,False
2021,All,22,youth,female,86,2,0,False
2021,All,65,adult,male,70,1,0,False
2021,All,42,adult,female,123,0,0,False
2021,All,35,adult,male,110,1,0,False
2021,All,42,adult,female,93,2,0,False
2021,All,50,adult,male,87,1,0,False
2021,All,18,youth,female,65,2,0,False
2021,All,50,adult,male,103,2,0,False
2021,All,35,adult,female,75,3,0,False
2021,All,65,adult,male,54,3,0,False
2021,All,22,youth,male,97,0,0,False
2021,All,22,youth,male,125,2,0,False
2021,All,28,adult,female,66,1,0,False
2021,All,28,adult,male,60,2,0,False
2021,All,42,adult,female,8,0,0,False
2021,All,35,adult,female,147,0,0,False
2021,All,35,adult,male,83,2,0,False
2021,All,35,adult,male,18,1,0,False
2021,All,42,adult,male,16,2,0,False
2021,All,42,adult,male,66,3,0,False
2021,All,28,adult,male,99,3,0,False
2021,All,18,youth,female,149,1,0,False
2021,All,35,adult,female,166,3,0,False
2021,All,35,adult,male,104,3,0,False
2021,All,18,youth,male,0,1,0,False
2021,All,50,adult,female,137,0,0,False
2021,All,42,adult,male,26,1,0,False
2021,All,50,adult,male,1,1,0,False
2021,All,28,adult,male,113,1,0,False
2021,All,42,adult,female,110,2,0,False
2021,All,22,youth,female,152,2,0,False
2021,All,22,youth,male,18,2,0,False
2021,All,58,adult,male,105,2,0,False
2021,All,50,adult,male,151,3,0,False
2021,All,22,youth,female,48,1,0,False
2021,All,42,adult,female,52,3,0,False
2021,All,35,adult,female,138,2,0,False
2021,All,28,adult,male,45,3,0,False
2021,All,22,youth,male,42,2,0,False
2021,All,42,adult,male,12,1,0,False
2021,All,28,adult,male,171,1,0,False
2021,All,28,adult,male,60,3,0,False
2021,All,35,adult,female,99,1,0,False
2021,All,35,adult,male,168,3,0,False
2021,All,28,adult,male,124,3,0,False
2021,All,28,adult,male,141,0,0,False
2021,All,18,youth,male,86,0,0,False
2021,All,42,adult,male,22,1,0,False
2021,All,22,youth,female,144,3,0,False
2021,All,22,youth,female,48,2,0,False
2021,All,35,adult,male,41,3,0,False
2021,All,58,adult,male,112,1,0,False
2021,All,35,adult,male,110,1,0,False
2021,All,58,adult,male,23,1,0,False
2021,All,42,adult,female,152,2,0,False
2021,All,22,youth,female,143,1,0,False
2021,All,35,adult,female,7,1,0,False
2021,All,42,adult,male,161,3,0,False
2021,All,22,youth,male,156,2,0,False
2021,All,18,youth,male,3,0,0,False
2021,All,42,adult,male,22,3,0,False
2021,All,42,adult,male,49,3,0,False
2021,All,22,youth,male,40,0,0,False
2021,All,35,adult,female,85,1,0,False
2021,All,42,adult,male,117,1,0,False
2021,All,18,youth,female,15,3,0,False
2021,All,28,adult,male,14,1,0,False
2021,All,18,youth,male,134,1,0,False
2021,All,22,youth,male,1,0,0,False
2021,All,28,adult,male,49,0,0,False
2021,All,35,adult,male,94,2,0,False
2021,All,42,adult,male,82,2,0,False
2021,All,58,adult,male,55,0,0,False
2021,All,35,adult,male,153,2,0,False
2021,All,22,youth,male,110,3,0,False
2021,All,22,youth,male,30,3,0,False
2021,All,58,adult,male,49,1,0,False
2021,All,42,adult,male,98,0,0,False
2021,All,22,youth,male,78,1,0,False
2021,All,18,youth,male,119,1,0,False
2021,All,35,adult,female,174,0,0,False
2021,All,35,adult,male,30,3,0,False
2021,All,35,adult,male,146,2,0,False
2021,All,35,adult,male,158,3,0,False
2021,All,18,youth,female,25,0,0,False
2021,All,42,adult,female,24,2,0,False
2021,All,18,youth,male,27,3,0,False
2021,All,58,adult,male,45,3,0,False
2021,All,50,adult,male,152,2,0,False
2021,All,58,adult,male,51,2,0,False
2021,All,42,adult,male,2,0,0,False
2021,All,28,adult,male,152,3,0,False
2021,All,35,adult,male,127,1,0,False
2021,All,18,youth,male,87,0,0,False
2021,All,18,youth,female,55,0,0,False
2021,All,50,adult,male,58,0,0,False
2021,All,35,adult,male,152,1,0,False
2021,All,35,adult,male,177,3,0,False
2021,All,50,adult,male,133,3,0,False
2021,All,18,youth,male,142,2,0,False
2021,All,50,adult,female,31,3,0,False
2021,All,35,adult,female,71,2,0,False
2021,All,42,adult,male,145,1,0,False
2021,All,18,youth,male,27,2,0,False
2021,All,35,adult,female,171,3,0,False
2021,All,58,adult,female,168,3,0,False
2021,All,42,adult,female,142,3,0,False
2021,All,28,adult,female,53,3,0,False
2021,All,28,adult,male,110,1,0,False
2021,All,28,adult,male,119,3,0,False
2021,All,42,adult,male,172,3,0,False
2021,All,42,adult,female,76,2,0,False
2021,All,35,adult,male,124,3,0,False
2021,All,50,adult,male,109,1,0,False
2021,All,65,adult,male,47,1,0,False
2021,All,18,youth,male,49,3,0,False
2021,All,35,adult,male,167,0,0,False
2021,All,58,adult,male,152,1,0,False
2021,All,58,adult,male,9,3,0,False
2021,All,50,adult,male,26,3,0,False
2021,All,35,adult,male,13,3,0,False
2021,All,58,adult,male,63,1,0,False
2021,All,50,adult,female,41,3,0,False
2021,All,22,youth,female,173,2,0,False
2021,All,42,adult,female,15,3,0,False
2021,All,35,adult,male,115,0,0,False
2021,All,35,adult,female,178,0,0,False
2021,All,42,adult,female,83,3,0,False
2021,All,22,youth,male,72,3,0,False
2021,All,22,youth,male,39,0,0,False
2021,All,50,adult,female,98,0,0,False
2021,All,18,youth,male,85,1,0,False
2021,All,35,adult,male,90,1,0,False
2021,All,28,adult,female,121,2,0,False
2021,All,42,adult,male,68,1,0,False
2021,All,50,adult,female,97,1,0,False
2021,All,28,adult,female,56,3,0,False
2021,All,42,adult,male,32,2,0,False
2021,All,22,youth,male,26,2,0,False
2021,All,58,adult,male,175,1,0,False
2021,All,22,youth,female,156,2,0,False
2021,All,18,youth,female,145,2,0,False
2021,All,58,adult,male,150,3,0,False
2021,All,50,adult,male,64,2,0,False
2021,All,22,youth,male,3,3,0,False
2021,All,42,adult,male,72,1,0,False
2021,All,35,adult,male,83,3,0,False
2021,All,22,youth,male,1,0,0,False
2021,All,28,adult,male,64,3,0,False
2021,All,28,adult,female,11,3,0,False
2021,All,22,youth,male,155,2,0,False
2021,All,42,adult,female,44,1,0,False
2021,All,22,youth,male,20,1,0,False
2021,All,58,adult,female,104,2,0,False
2021,All,42,adult,male,20,3,0,False
2021,All,35,adult,female,21,0,0,False
2021,All,35,adult,male,93,2,0,False
2021,All,22,youth,male,68,0,0,False
2021,All,35,adult,male,98,3,0,False
2021,All,22,youth,male,68,3,0,False
2021,All,35,adult,male,160,1,0,False
2021,All,28,adult,male,142,0,0,False
2021,All,35,adult,male,143,2,0,False
2021,All,42,adult,male,119,0,0,False
2021,All,42,adult,male,34,2,0,False
2021,All,42,adult,male,59,1,0,False
2021,All,42,adult,male,143,3,0,False
2021,All,28,adult,male,15,0,0,False
2021,All,42,adult,female,146,1,0,False
2021,All,42,adult,female,98,3,0,False
2021,All,42,adult,female,4,0,0,False
2021,All,18,youth,male,85,2,0,False
2021,All,58,adult,male,14,2,0,False
2021,All,42,adult,male,83,1,0,False
2021,All,65,adult,male,65,2,0,False
2021,All,50,adult,male,150,2,0,False
2021,All,28,adult,male,174,2,0,False
2021,All,22,youth,female,40,3,0,False
2021,All,28,adult,female,112,2,0,False
2021,All,42,adult,male,121,1,0,False
2021,All,35,adult,male,85,0,0,False
2021,All,50,adult,male,74,0,0,False
2021,All,28,adult,male,11,0,0,False
2021,All,18,youth,male,138,1,0,False
2021,All,18,youth,male,20,0,0,False
2021,All,35,adult,female,122,2,0,False
2021,All,22,youth,male,97,0,0,False
2021,All,65,adult,female,116,1,0,False
2021,All,28,adult,male,159,0,0,False
2021,All,18,youth,female,120,1,0,False
2021,All,28,adult,male,105,1,0,False
2021,All,35,adult,female,1,2,0,False
2021,All,28,adult,male,42,0,0,False
2021,All,18,youth,male,81,0,0,False
2021,All,35,adult,male,1,2,0,False
2021,All,28,adult,male,147,3,0,False
2021,All,35,adult,male,157,2,0,False
2021,All,22,youth,female,103,3,0,False
2021,All,28,adult,female,105,3,0,False
2021,All,22,youth,female,174,2,0,False
2021,All,28,adult,female,139,3,0,False
2021,All,28,adult,male,97,1,0,False
2021,All,35,adult,male,132,3,0,False
2021,All,22,youth,female,90,2,0,False
2021,All,18,youth,male,103,2,0,False
2021,All,58,adult,male,27,2,0,False
2021,All,42,adult,female,41,3,0,False
2021,All,58,adult,male,114,3,0,False
2021,All,35,adult,male,41,3,0,False
2021,All,28,adult,male,151,3,0,False
2021,All,35,adult,female,174,0,0,False
2021,All,58,adult,female,113,0,0,False
2021,All,28,adult,female,153,3,0,False
2021,All,42,adult,male,124,0,0,False
2021,All,42,adult,male,56,2,0,False
2021,All,22,youth,female,2,2,0,False
2021,All,42,adult,male,15,0,0,False
2021,All,42,adult,male,51,0,0,False
2021,All,22,youth,male,55,3,0,False
2021,All,18,youth,male,13,1,0,False
2021,All,50,adult,female,8,0,0,False
2021,All,28,adult,female,115,0,0,False
2021,All,22,youth,male,105,2,0,False
2021,All,42,adult,male,107,1,0,False
2021,All,50,adult,male,113,2,0,False
2021,All,28,adult,male,178,2,0,False
2021,All,42,adult,male,48,2,0,False
2021,All,35,adult,female,29,1,0,False
2021,All,22,youth,male,69,1,0,False
2021,All,18,youth,female,24,1,0,False
2021,All,50,adult,male,62,1,0,False
2021,All,28,adult,female,42,0,0,False
2021,All,18,youth,female,4,0,0,False
2021,All,35,adult,male,162,1,0,False
2021,All,50,adult,male,104,3,0,False
2021,All,28,adult,male,69,1,0,False
2021,All,28,adult,female,123,2,0,False
2021,All,35,adult,male,94,0,0,False
2021,All,58,adult,male,131,3,0,False
2021,All,28,adult,male,155,3,0,False
2021,All,28,adult,male,128,3,0,False
2021,All,42,adult,male,9,0,0,False
2021,All,18,youth,male,141,2,0,False
2021,All,35,adult,female,30,3,0,False
2021,All,35,adult,female,16,2,0,False
2021,All,50,adult,male,91,0,0,False
2021,All,35,adult,female,4,2,0,False
2021,All,35,adult,male,136,2,0,False
2021,All,35,adult,male,57,1,0,False
2021,All,28,adult,male,132,0,0,False
2021,All,58,adult,male,166,0,0,False
2021,All,28,adult,female,27,3,0,False
2021,All,35,adult,male,107,3,0,False
2021,All,18,youth,female,78,1,0,False
2021,All,28,adult,female,101,2,0,False
2021,All,58,adult,male,105,1,0,False
2021,All,18,youth,male,173,2,0,False
2021,All,35,adult,male,80,2,0,False
2021,All,58,adult,male,100,3,0,False
2021,All,65,adult,male,65,2,0,False
2021,All,50,adult,male,81,3,0,False
2021,All,28,adult,female,142,2,0,False
2021,All,35,adult,female,3,0,0,False
2021,All,28,adult,male,124,2,0,False
2021,All,58,adult,male,121,1,0,False
2021,All,18,youth,female,32,1,0,False
2021,All,28,adult,male,143,1,0,False
2021,All,22,youth,male,6,1,0,False
2021,All,35,adult,female,136,2,0,False
2021,All,35,adult,male,140,3,0,False
2021,All,50,adult,female,131,3,0,False
2021,All,28,adult,female,77,1,0,False
2021,All,35,adult,female,76,2,0,False
2021,All,35,adult,female,143,0,0,False
2021,All,22,youth,male,23,0,0,False
2021,All,28,adult,male,128,3,0,False
2021,All,65,adult,male,98,3,0,False
2021,All,42,adult,female,61,0,0,False
2021,All,42,adult,male,57,3,0,False
2021,All,22,youth,female,169,1,0,False
2021,All,18,youth,male,10,0,0,False
2021,All,35,adult,female,45,3,0,False
2021,All,35,adult,male,66,3,0,False
2021,All,42,adult,male,51,0,0,False
2021,All,28,adult,male,139,3,0,False
2021,All,50,adult,female,15,0,0,False
2021,All,22,youth,female,140,3,0,False
2021,All,28,adult,male,148,1,0,False
2021,All,28,adult,female,52,0,0,False
2021,All,58,adult,female,23,0,0,False
2021,All,35,adult,female,80,2,0,False
2021,All,22,youth,female,11,2,0,False
2021,All,50,adult,male,90,1,0,False
2021,All,18,youth,female,129,2,0,False
2021,All,18,youth,female,0,3,0,False
2021,All,28,adult,male,26,2,0,False
2021,All,58,adult,male,111,0,0,False
2021,All,28,adult,female,78,1,0,False
2021,All,35,adult,male,33,2,0,False
2021,All,50,adult,male,35,0,0,False
2021,All,35,adult,female,68,0,0,False
2021,All,28,adult,male,110,0,0,False
2021,All,50,adult,male,32,1,0,False
2021,All,28,adult,male,64,3,0,False
2021,All,35,adult,male,179,3,0,False
2021,All,28,adult,male,35,1,0,False
2021,All,35,adult,male,97,1,0,False
2021,All,18,youth,female,30,3,0,False
2021,All,28,adult,female,35,3,0,False
2021,All,50,adult,male,170,2,0,False
2021,All,42,adult,male,61,2,0,False
2021,All,35,adult,male,91,1,0,False
2021,All,50,adult,male,143,0,0,False
2021,All,35,adult,male,156,3,0,False
2021,All,22,youth,male,17,0,0,False
2021,All,28,adult,female,3,1,0,False
2021,All,42,adult,male,37,2,0,False
2021,All,28,adult,male,179,2,0,False
2021,All,22,youth,male,82,1,0,False
2021,All,42,adult,male,165,1,0,False
2021,All,50,adult,male,170,2,0,False
2021,All,58,adult,female,11,2,0,False
2021,All,42,adult,female,12,1,0,False
2021,All,28,adult,female,67,0,0,False
2021,All,28,adult,female,60,2,0,False
2021,All,35,adult,male,177,0,0,False
2021,All,42,adult,female,122,1,0,False
2021,All,28,adult,female,59,1,0,False
2021,All,22,youth,male,74,0,0,False
2021,All,35,adult,male,140,2,0,False
2021,All,28,adult,male,32,0,0,False
2021,All,18,youth,male,8,3,0,False
2021,All,42,adult,male,160,0,0,False
2021,All,18,youth,female,119,0,0,False
2021,All,28,adult,male,3,2,0,False
2021,All,35,adult,male,113,0,0,False
2021,All,65,adult,female,29,3,0,False
2021,All,28,adult,male,136,3,0,False
2021,All,28,adult,male,19,3,0,False
2021,All,42,adult,male,15,3,0,False
2021,All,22,youth,male,139,3,0,False
2021,All,35,adult,male,133,1,0,False
2021,All,42,adult,male,150,3,0,False
2021,All,22,youth,male,98,0,0,False
2021,All,18,youth,female,69,2,0,False
2021,All,28,adult,male,170,0,0,False
2021,All,18,youth,female,134,3,0,False
2021,All,35,adult,female,20,3,0,False
2021,All,58,adult,male,128,2,0,False
2021,All,35,adult,female,4,3,0,False
2021,All,58,adult,female,111,1,0,False
2021,All,28,adult,female,40,2,0,False
2021,All,35,adult,male,94,0,0,False
2021,All,18,youth,female,111,1,0,False
2021,All,50,adult,male,26,1,0,False
2021,All,58,adult,male,146,0,0,False
2021,All,35,adult,male,141,1,0,False
2021,All,18,youth,female,51,1,0,False
2021,All,28,adult,male,97,0,0,False
2021,All,35,adult,male,74,0,0,False
2021,All,18,youth,female,80,3,0,False
2021,All,65,adult,female,84,0,0,False
2021,All,50,adult,male,98,3,0,False
2021,All,42,adult,female,154,1,0,False
2021,All,18,youth,male,162,0,0,False
2021,All,28,adult,male,138,3,0,False
2021,All,58,adult,male,136,1,0,False
2021,All,18,youth,male,121,1,0,False
2021,All,28,adult,female,4,1,0,False
2021,All,28,adult,male,39,0,0,False
2021,All,22,youth,male,91,3,0,False
2021,All,42,adult,male,82,3,0,False
2021,All,35,adult,male,45,3,0,False
2021,All,28,adult,male,87,3,0,False
2021,All,42,adult,male,150,0,0,False
2021,All,35,adult,male,158,0,0,False
2021,All,22,youth,male,45,2,0,False
2021,All,22,youth,male,113,2,0,False
2021,All,58,adult,female,143,1,0,False
2021,All,42,adult,female,72,0,0,False
2021,All,42,adult,male,98,1,0,False
2021,All,35,adult,female,36,1,0,False
2021,All,22,youth,male,95,0,0,False
2021,All,42,adult,female,65,3,0,False
2021,All,42,adult,male,30,2,0,False
2021,All,22,youth,female,99,0,0,False
2021,All,50,adult,male,105,1,0,False
2021,All,42,adult,male,157,0,0,False
2021,All,22,youth,male,21,1,0,False
2021,All,35,adult,female,136,0,0,False
2021,All,58,adult,male,124,3,0,False
2021,All,50,adult,female,14,1,0,False
2021,All,50,adult,female,179,2,0,False
2021,All,28,adult,female,165,2,0,False
2021,All,65,adult,male,103,1,0,False
2021,All,28,adult,female,36,3,0,False
2021,All,35,adult,male,19,2,0,False
2021,All,35,adult,male,45,1,0,False
2021,All,28,adult,female,89,3,0,False
2021,All,28,adult,male,17,2,0,False
2021,All,18,youth,female,175,0,0,False
2021,All,28,adult,female,90,2,0,False
2021,All,18,youth,female,144,1,0,False
2021,All,22,youth,female,139,0,0,False
2021,All,35,adult,female,47,0,0,False
2021,All,18,youth,female,179,1,0,False
2021,All,28,adult,female,150,0,0,False
2021,All,58,adult,male,163,0,0,False
2021,All,65,adult,female,140,2,0,False
2021,All,22,youth,female,127,3,0,False
2021,All,28,adult,female,151,1,0,False
2021,All,50,adult,female,85,0,0,False
2021,All,22,youth,female,152,1,0,False
2021,All,22,youth,male,126,0,0,False
2021,All,22,youth,female,39,0,0,False
2021,All,35,adult,female,134,1,0,False
2021,All,28,adult,female,128,2,0,False
2021,All,42,adult,male,80,3,0,False
2021,All,35,adult,male,112,2,0,False
2021,All,18,youth,female,138,2,0,False
2021,All,28,adult,male,101,2,0,False
2021,All,35,adult,male,81,3,0,False
2021,All,35,adult,male,85,0,0,False
2021,All,50,adult,male,88,3,0,False
2021,All,18,youth,male,175,0,0,False
2021,All,50,adult,male,46,3,0,False
2021,All,28,adult,male,127,2,0,False
2021,All,18,youth,female,126,3,0,False
2021,All,42,adult,female,44,1,0,False
2021,All,22,youth,male,162,2,0,False
2021,All,35,adult,male,14,2,0,False
2021,All,35,adult,male,117,0,0,False
2021,All,18,youth,female,91,1,0,False
2021,All,58,adult,female,67,1,0,False
2021,All,42,adult,female,120,1,0,False
2021,All,50,adult,female,20,2,0,False
2021,All,42,adult,male,169,2,0,False
2021,All,22,youth,male,134,2,0,False
2021,All,35,adult,male,8,0,0,False
2021,All,22,youth,male,159,2,0,False
2021,All,58,adult,male,54,2,0,False
2021,All,22,youth,male,65,0,0,False
2021,All,42,adult,male,173,0,0,False
2021,All,22,youth,male,10,1,0,False
2021,All,35,adult,female,85,2,0,False
2021,All,22,youth,female,94,3,0,False
2021,All,35,adult,male,114,1,0,False
2021,All,22,youth,male,167,1,0,False
2021,All,42,adult,male,51,1,0,False
2021,All,22,youth,female,115,2,0,False
2021,All,42,adult,male,19,3,0,False
2021,All,35,adult,male,83,1,0,False
2021,All,42,adult,female,124,0,0,False
2021,All,58,adult,male,147,1,0,False
2021,All,50,adult,male,69,1,0,False
2021,All,22,youth,male,63,3,0,False
2021,All,35,adult,female,32,3,0,False
2021,All,35,adult,male,40,1,0,False
2021,All,42,adult,female,20,3,0,False
2021,All,35,adult,male,95,0,0,False
2021,All,22,youth,female,141,0,0,False
2021,All,28,adult,male,130,0,0,False
2021,All,35,adult,male,51,2,0,False
2021,All,50,adult,male,152,3,0,False
2021,All,28,adult,male,65,1,0,False
2021,All,35,adult,male,122,2,0,False
2021,All,28,adult,male,138,3,0,False
2021,All,50,adult,male,126,1,0,False
2021,All,28,adult,male,27,3,0,False
2021,All,28,adult,male,134,3,0,False
2021,All,28,adult,male,132,0,0,False
2021,All,50,adult,male,90,3,0,False
2021,All,28,adult,female,44,1,0,False
2021,All,22,youth,male,47,0,0,False
2021,All,35,adult,male,81,1,0,False
2021,All,18,youth,female,170,0,0,False
2021,All,28,adult,male,27,3,0,False
2021,All,58,adult,female,131,0,0,False
2021,All,35,adult,male,110,1,0,False
2021,All,42,adult,male,171,1,0,False
2021,All,35,adult,female,150,3,0,False
2021,All,42,adult,male,1,2,0,False
2021,All,28,adult,male,8,0,0,False
2021,All,28,adult,female,158,0,0,False
2021,All,28,adult,male,154,0,0,False
2021,All,50,adult,female,76,2,0,False
2021,All,42,adult,male,98,1,0,False
2021,All,58,adult,male,45,3,0,False
2021,All,18,youth,male,135,2,0,False
2021,All,50,adult,male,11,3,0,False
2021,All,28,adult,male,157,1,0,False
2021,All,35,adult,male,31,1,0,False
2021,All,22,youth,female,115,1,0,False
2021,All,42,adult,male,171,0,0,False
2021,All,28,adult,male,177,0,0,False
2021,All,28,adult,male,159,3,0,False
2021,All,42,adult,male,157,1,0,False
2021,All,58,adult,male,117,2,0,False
2021,All,35,adult,female,111,3,0,False
2021,All,28,adult,male,105,2,0,False
2021,All,22,youth,female,23,1,0,False
2021,All,50,adult,male,103,2,0,False
2021,All,35,adult,male,178,3,0,False
2021,All,22,youth,male,88,0,0,False
2021,All,58,adult,female,15,0,0,False
2021,All,22,youth,male,93,3,0,False
2021,All,42,adult,male,141,0,0,False
2021,All,18,youth,female,100,1,0,False
2021,All,18,youth,female,130,3,0,False
2021,All,18,youth,male,156,2,0,False
2021,All,22,youth,female,5,2,0,False
2021,All,58,adult,female,9,3,0,False
2021,All,42,adult,male,88,2,0,False
2021,All,28,adult,female,86,2,0,False
2021,All,58,adult,female,37,0,0,False
2021,All,22,youth,male,56,3,0,False
2021,All,50,adult,male,167,2,0,False
2021,All,22,youth,male,13,1,0,False
2021,All,35,adult,male,29,0,0,False
2021,All,35,adult,female,79,2,0,False
2021,All,28,adult,male,35,3,0,False
2021,All,35,adult,male,110,2,0,False
2021,All,28,adult,male,161,1,0,False
2021,All,28,adult,male,143,2,0,False
2021,All,22,youth,male,8,2,0,False
2021,All,18,youth,male,5,2,0,False
2021,All,22,youth,female,79,3,0,False
2021,All,35,adult,male,17,2,0,False
2021,All,22,youth,male,106,3,0,False
2021,All,28,adult,male,84,1,0,False
2021,All,28,adult,female,176,2,0,False
2021,All,65,adult,male,176,3,0,False
2021,All,35,adult,female,66,3,0,False
2021,All,22,youth,female,0,3,0,False
2021,All,50,adult,male,68,3,0,False
2021,All,42,adult,female,176,0,0,False
2021,All,35,adult,female,2,0,0,False
2021,All,35,adult,male,98,1,0,False
2021,All,42,adult,female,97,1,0,False
2021,All,22,youth,male,169,0,0,False
2021,All,28,adult,male,50,3,0,False
2021,All,35,adult,male,106,1,0,False
2021,All,18,youth,female,122,3,0,False
2021,All,35,adult,female,156,3,0,False
2021,All,28,adult,male,15,2,0,False
2021,All,65,adult,female,7,2,0,False
2021,All,42,adult,male,99,0,0,False
2021,All,22,youth,male,174,2,0,False
2021,All,58,adult,male,79,0,0,False
2021,All,42,adult,male,28,3,0,False
2021,All,58,adult,male,48,0,0,False
2021,All,28,adult,male,135,0,0,False
2021,All,22,youth,male,66,1,0,False
2021,All,18,youth,male,170,3,0,False
2021,All,18,youth,female,177,3,0,False
2021,All,28,adult,male,178,3,0,False
2021,All,22,youth,male,26,2,0,False
2021,All,22,youth,male,16,0,0,False
2021,All,42,adult,male,102,1,0,False
2021,All,18,youth,male,138,0,0,False
2021,All,22,youth,male,152,2,0,False
2021,All,50,adult,female,112,0,0,False
2021,All,22,youth,male,164,0,0,False
2021,All,42,adult,female,162,2,0,False
2021,All,35,adult,male,119,3,0,False
2021,All,35,adult,male,90,1,0,False
2021,All,22,youth,male,73,1,0,False
2021,All,42,adult,male,86,2,0,False
2021,All,42,adult,male,35,3,0,False
2021,All,18,youth,male,49,2,0,False
2021,All,50,adult,male,174,3,0,False
2021,All,35,adult,male,45,1,0,False
2021,All,22,youth,female,123,2,0,False
2021,All,50,adult,male,82,2,0,False
2021,All,50,adult,male,176,0,0,False
2021,All,42,adult,female,74,0,0,False
2021,All,50,adult,female,36,2,0,False
2021,All,18,youth,female,98,1,0,False
2021,All,35,adult,male,108,2,0,False
2021,All,50,adult,male,99,3,0,False
2021,All,28,adult,female,110,2,0,False
2021,All,50,adult,male,2,1,0,False
2021,All,35,adult,female,9,3,0,False
2021,All,22,youth,male,68,1,0,False
2021,All,42,adult,male,50,3,0,False
2021,All,18,youth,male,122,3,0,False
2021,All,18,youth,female,132,3,0,False
2021,All,58,adult,male,94,3,0,False
2021,All,28,adult,male,15,1,0,False
2021,All,35,adult,male,116,2,0,False
2021,All,35,adult,male,72,2,0,False
2021,All,35,adult,male,32,0,0,False
2021,All,28,adult,male,30,0,0,False
2021,All,22,youth,male,165,3,0,False
2021,All,35,adult,female,108,1,0,False
2021,All,18,youth,female,133,2,0,False
2021,All,42,adult,male,5,0,0,False
2021,All,28,adult,male,147,1,0,False
2021,All,42,adult,female,127,3,0,False
2021,All,50,adult,female,142,3,0,False
2021,All,42,adult,male,31,0,0,False
2021,All,28,adult,male,143,2,0,False
2021,All,42,adult,male,1,0,0,False
2021,All,18,youth,female,127,0,0,False
2021,All,22,youth,male,74,3,0,False
2021,All,42,adult,female,16,1,0,False
2021,All,50,adult,female,44,1,0,False
2021,All,42,adult,male,48,2,0,False
2021,All,18,youth,female,175,1,0,False
2021,All,18,youth,female,63,2,0,False
2021,All,50,adult,female,64,1,0,False
2021,All,35,adult,female,147,3,0,False
2021,All,18,youth,female,69,3,0,False
2021,All,50,adult,female,62,3,0,False
2021,All,18,youth,female,84,3,0,False
2021,All,58,adult,male,57,1,0,False
2021,All,50,adult,female,83,1,0,False
2021,All,28,adult,male,93,3,0,False
2021,All,35,adult,male,128,0,0,False
2021,All,35,adult,male,101,3,0,False
2021,All,28,adult,male,107,2,0,False
2021,All,42,adult,female,161,3,0,False
2021,All,18,youth,male,20,1,0,False
2021,All,28,adult,male,174,2,0,False
2021,All,35,adult,male,107,0,0,False
2021,All,18,youth,female,32,3,0,False
2021,All,28,adult,male,156,3,0,False
2021,All,22,youth,male,152,1,0,False
2021,All,28,adult,male,67,3,0,False
2021,All,22,youth,female,0,2,0,False
2021,All,35,adult,male,35,1,0,False
2021,All,42,adult,female,118,1,0,False
2021,All,22,youth,female,29,3,0,False
2021,All,35,adult,female,101,0,0,False
2021,All,28,adult,female,135,2,0,False
2021,All,50,adult,female,112,0,0,False
2021,All,42,adult,male,27,1,0,False
2021,All,35,adult,male,48,0,0,False
2021,All,35,adult,male,33,0,0,False
2021,All,65,adult,male,155,2,0,False
2021,All,50,adult,male,134,1,0,False
2021,All,35,adult,male,75,2,0,False
2021,All,35,adult,male,169,2,0,False
2021,All,22,youth,male,133,2,0,False
2021,All,35,adult,male,114,1,0,False
2021,All,35,adult,male,100,2,0,False
2021,All,50,adult,female,17,3,0,False
2021,All,42,adult,female,27,1,0,False
2021,All,58,adult,male,87,1,0,False
2021,All,28,adult,female,63,3,0,False
2021,All,35,adult,male,143,1,0,False
2021,All,58,adult,male,14,2,0,False
2021,All,58,adult,male,62,3,0,False
2021,All,35,adult,female,92,0,0,False
2021,All,42,adult,female,150,3,0,False
2021,All,50,adult,female,73,1,0,False
2021,All,28,adult,female,27,3,0,False
2021,All,28,adult,female,29,1,0,False
2021,All,28,adult,male,139,2,0,False
2021,All,28,adult,male,156,0,0,False
2021,All,18,youth,female,77,0,0,False
2021,All,28,adult,male,164,0,0,False
2021,All,65,adult,male,179,0,0,False
2021,All,18,youth,male,15,0,0,False
2021,All,22,youth,male,82,0,0,False
2021,All,35,adult,female,25,1,0,False
2021,All,65,adult,female,127,3,0,False
2021,All,22,youth,male,34,0,0,False
2021,All,42,adult,male,35,1,0,False
2021,All,22,youth,female,173,3,0,False
2021,All,28,adult,male,57,1,0,False
2021,All,42,adult,male,153,1,0,False
2021,All,22,youth,female,0,0,0,False
2021,All,22,youth,female,12,0,0,False
2021,All,50,adult,male,28,3,0,False
2021,All,50,adult,female,144,3,0,False
2021,All,28,adult,male,8,0,0,False
2021,All,35,adult,female,28,3,0,False
2021,All,35,adult,male,66,2,0,False
2021,All,22,youth,male,171,1,0,False
2021,All,35,adult,male,71,0,0,False
2021,All,42,adult,male,11,2,0,False
2021,All,35,adult,male,85,0,0,False
2021,All,28,adult,male,92,3,0,False
2021,All,28,adult,female,47,0,0,False
2021,All,22,youth,male,169,2,0,False
2021,All,28,adult,female,159,0,0,False
2021,All,28,adult,male,23,1,0,False
2021,All,28,adult,male,169,1,0,False
2021,All,22,youth,female,169,1,0,False
2021,All,65,adult,male,0,3,0,False
2021,All,42,adult,male,118,2,0,False
2021,All,18,youth,female,101,1,0,False
2021,All,18,youth,male,85,2,0,False
2021,All,58,adult,male,136,0,0,False
2021,All,28,adult,male,12,2,0,False
2021,All,35,adult,male,125,3,0,False
2021,All,35,adult,male,162,1,0,False
2021,All,42,adult,male,154,0,0,False
2021,All,28,adult,male,100,1,0,False
2021,All,42,adult,male,90,3,0,False
2021,All,35,adult,male,47,2,0,False
2021,All,35,adult,male,162,1,0,False
2021,All,58,adult,male,129,2,0,False
2021,All,35,adult,male,40,3,0,False
2021,All,42,adult,female,110,2,0,False
2021,All,50,adult,male,161,1,0,False
2021,All,22,youth,male,116,0,0,False
2021,All,35,adult,female,127,1,0,False
2021,All,35,adult,male,174,2,0,False
2021,All,18,youth,male,137,1,0,False
2021,All,58,adult,male,146,3,0,False
2021,All,58,adult,male,153,3,0,False
2021,All,22,youth,female,149,1,0,False
2021,All,50,adult,female,166,0,0,False
2021,All,22,youth,male,156,1,0,False
2021,All,50,adult,male,125,2,0,False
2021,All,22,youth,female,83,3,0,False
2021,All,58,adult,female,128,1,0,False
2021,All,28,adult,male,127,2,0,False
2021,All,42,adult,female,91,2,0,False
2021,All,35,adult,male,119,1,0,False
2021,All,28,adult,male,157,2,0,False
2021,All,35,adult,female,162,2,0,False
2021,All,28,adult,female,114,1,0,False
2021,All,58,adult,male,139,2,0,False
2021,All,42,adult,male,119,2,0,False
2021,All,35,adult,male,51,1,0,False
2021,All,22,youth,male,7,1,0,False
2021,All,35,adult,male,69,0,0,False
2021,All,35,adult,male,4,1,0,False
2021,All,22,youth,female,36,0,0,False
2021,All,22,youth,female,108,0,0,False
2021,All,22,youth,male,66,0,0,False
2021,All,28,adult,male,45,0,0,False
2021,All,35,adult,male,98,2,0,False
2021,All,42,adult,female,54,3,0,False
2021,All,42,adult,male,40,0,0,False
2021,All,28,adult,male,129,0,0,False
2021,All,50,adult,male,63,3,0,False
2021,All,58,adult,female,174,3,0,False
2021,All,35,adult,female,60,0,0,False
2021,All,22,youth,male,85,3,0,False
2021,All,22,youth,female,116,0,0,False
2021,All,50,adult,female,112,3,0,False
2021,All,28,adult,female,107,2,0,False
2021,All,42,adult,male,18,1,0,False
2021,All,58,adult,male,137,3,0,False
2021,All,58,adult,male,78,1,0,False
2021,All,50,adult,male,38,1,0,False
2021,All,28,adult,female,45,2,0,False
2021,All,18,youth,male,125,0,0,False
2021,All,42,adult,female,139,2,0,False
2021,All,28,adult,male,40,1,0,False
2021,All,58,adult,female,104,0,0,False
2021,All,42,adult,male,1,3,0,False
2021,All,35,adult,male,111,3,0,False
2021,All,42,adult,female,9,3,0,False
2021,All,18,youth,male,24,0,0,False
2021,All,22,youth,male,126,3,0,False
2021,All,58,adult,male,110,3,0,False
2021,All,28,adult,male,133,2,0,False
2021,All,58,adult,male,73,3,0,False
2021,All,50,adult,female,109,2,0,False
2021,All,18,youth,female,51,2,0,False
2021,All,28,adult,male,136,2,0,False
2021,All,35,adult,male,5,3,0,False
2021,All,42,adult,male,56,1,0,False
2021,All,35,adult,male,109,0,0,False
2021,All,28,adult,female,57,1,0,False
2021,All,50,adult,female,141,2,0,False
2021,All,58,adult,female,55,2,0,False
2021,All,42,adult,female,160,1,0,False
2021,All,50,adult,female,15,0,0,False
2021,All,22,youth,male,143,0,0,False
2021,All,28,adult,male,79,2,0,False
2021,All,42,adult,male,84,1,0,False
2021,All,42,adult,male,27,2,0,False
2021,All,28,adult,male,142,1,0,False
2021,All,18,youth,male,45,0,0,False
2021,All,50,adult,male,4,1,0,False
2021,All,28,adult,male,136,3,0,False
2021,All,18,youth,female,2,1,0,False
2021,All,22,youth,female,117,0,0,False
2021,All,28,adult,male,91,2,0,False
2021,All,22,youth,female,22,3,0,False
2021,All,35,adult,male,36,1,0,False
2021,All,22,youth,male,132,1,0,False
2021,All,35,adult,male,111,1,0,False
2021,All,50,adult,female,141,2,0,False
2021,All,28,adult,female,85,2,0,False
2021,All,22,youth,male,160,3,0,False
2021,All,18,youth,female,58,2,0,False
2021,All,18,youth,female,127,0,0,False
2021,All,18,youth,male,160,0,0,False
2021,All,42,adult,male,141,2,0,False
2021,All,58,adult,male,102,1,0,False
2021,All,35,adult,female,51,1,0,False
2021,All,42,adult,male,35,2,0,False
2021,All,22,youth,male,79,0,0,False
2021,All,42,adult,female,57,2,0,False
2021,All,35,adult,male,115,1,0,False
2021,All,42,adult,male,79,2,0,False
2021,All,50,adult,female,82,3,0,False
2021,All,18,youth,male,38,1,0,False
2021,All,28,adult,female,109,2,0,False
2021,All,22,youth,male,74,2,0,False
2021,All,35,adult,male,67,1,0,False
2021,All,35,adult,male,66,2,0,False
2021,All,18,youth,male,96,2,0,False
2021,All,28,adult,male,120,1,0,False
2021,All,28,adult,male,64,3,0,False
2021,All,35,adult,male,46,3,0,False
2021,All,42,adult,male,19,0,0,False
2021,All,42,adult,male,114,1,0,False
2021,All,42,adult,female,168,2,0,False
2021,All,42,adult,female,64,2,0,False
2021,All,28,adult,male,70,0,0,False
2021,All,42,adult,female,165,2,0,False
2021,All,22,youth,female,142,2,0,False
2021,All,58,adult,female,104,1,0,False
2021,All,18,youth,female,52,0,0,False
2021,All,42,adult,male,3,3,0,False
2021,All,22,youth,female,25,0,0,False
2021,All,42,adult,male,153,2,0,False
2021,All,28,adult,female,173,1,0,False
2021,All,18,youth,female,26,2,0,False
2021,All,42,adult,female,60,2,0,False
2021,All,42,adult,male,91,3,0,False
2021,All,22,youth,female,69,3,0,False
2021,All,28,adult,male,32,3,0,False
2021,All,22,youth,male,59,2,0,False
2021,All,42,adult,male,26,1,0,False
2021,All,28,adult,male,141,2,0,False
2021,All,50,adult,male,127,2,0,False
2021,All,50,adult,male,68,2,0,False
2021,All,28,adult,female,170,2,0,False
2021,All,42,adult,male,31,3,0,False
2021,All,42,adult,male,18,0,0,False
2021,All,22,youth,male,43,3,0,False
2021,All,50,adult,male,52,3,0,False
2021,All,42,adult,male,38,2,0,False
2021,All,35,adult,male,90,0,0,False
2021,All,18,youth,male,40,1,0,False
2021,All,42,adult,male,39,2,0,False
2021,All,35,adult,female,71,2,0,False
2021,All,22,youth,male,129,2,0,False
2021,All,28,adult,male,116,1,0,False
2021,All,42,adult,male,131,2,0,False
2021,All,28,adult,male,90,1,0,False
2021,All,35,adult,male,11,3,0,False
2021,All,65,adult,female,123,3,0,False
2021,All,50,adult,female,84,2,0,False
2021,All,35,adult,male,67,1,0,False
2021,All,28,adult,female,47,1,0,False
2021,All,42,adult,female,150,0,0,False
2021,All,22,youth,female,5,2,0,False
2021,All,18,youth,male,57,0,0,False
2021,All,28,adult,male,55,1,0,False
2021,All,28,adult,male,163,1,0,False
2021,All,35,adult,male,98,1,0,False
2021,All,35,adult,male,83,1,0,False
2021,All,35,adult,male,128,3,0,False
2021,All,42,adult,male,113,1,0,False
2021,All,28,adult,male,127,1,0,False
2021,All,18,youth,male,177,3,0,False
2021,All,22,youth,male,86,2,0,False
2021,All,22,youth,male,142,3,0,False
2021,All,42,adult,male,104,2,0,False
2021,All,35,adult,male,165,0,0,False
2021,All,42,adult,male,59,1,0,False
2021,All,35,adult,female,40,2,0,False
2021,All,42,adult,male,75,2,0,False
2021,All,18,youth,male,169,1,0,False
2021,All,65,adult,male,47,0,0,False
2021,All,22,youth,female,89,0,0,False
2021,All,28,adult,female,115,1,0,False
2021,All,35,adult,male,71,0,0,False
2021,All,65,adult,male,79,1,0,False
2021,All,65,adult,female,37,2,0,False
2021,All,28,adult,male,169,1,0,False
2021,All,18,youth,female,92,2,0,False
2021,All,50,adult,male,158,3,0,False
2021,All,65,adult,male,165,1,0,False
2021,All,22,youth,male,144,3,0,False
2021,All,50,adult,female,46,0,0,False
2021,All,58,adult,male,34,1,0,False
2021,All,58,adult,female,86,1,0,False
2021,All,35,adult,female,164,3,0,False
2021,All,42,adult,male,141,3,0,False
2021,All,22,youth,male,59,1,0,False
2021,All,28,adult,female,62,0,0,False
2021,All,42,adult,female,142,1,0,False
2021,All,42,adult,male,141,3,0,False
2021,All,28,adult,female,27,3,0,False
2021,All,58,adult,female,119,2,0,False
2021,All,50,adult,female,74,2,0,False
2021,All,58,adult,male,37,1,0,False
2021,All,35,adult,male,95,1,0,False
2021,All,58,adult,male,48,0,0,False
2021,All,42,adult,male,4,2,0,False
2021,All,35,adult,female,85,1,0,False
2021,All,42,adult,male,136,3,0,False
2021,All,18,youth,female,168,0,0,False
2021,All,22,youth,male,20,0,0,False
2021,All,28,adult,female,37,1,0,False
2021,All,18,youth,male,92,3,0,False
2021,All,18,youth,male,147,0,0,False
2021,All,42,adult,female,168,1,0,False
2021,All,42,adult,male,2,1,0,False
2021,All,18,youth,male,53,0,0,False
2021,All,22,youth,male,98,1,0,False
2021,All,42,adult,female,36,1,0,False
2021,All,22,youth,female,54,1,0,False
2021,All,18,youth,female,93,1,0,False
2021,All,22,youth,female,62,0,0,False
2021,All,35,adult,female,155,0,0,False
2021,All,35,adult,male,146,1,0,False
2021,All,42,adult,female,144,1,0,False
2021,All,58,adult,male,73,1,0,False
2021,All,42,adult,female,58,2,0,False
2021,All,42,adult,female,160,0,0,False
2021,All,35,adult,female,4,3,0,False
2021,All,50,adult,female,154,0,0,False
2021,All,28,adult,male,94,0,0,False
2021,All,22,youth,female,150,3,0,False
2021,All,35,adult,male,142,0,0,False
2021,All,58,adult,male,78,0,0,False
2021,All,42,adult,male,166,3,0,False
2021,All,22,youth,male,79,1,0,False
2021,All,18,youth,male,82,1,0,False
2021,All,22,youth,male,120,1,0,False
2021,All,28,adult,female,73,2,0,False
2021,All,58,adult,male,65,2,0,False
2021,All,28,adult,female,94,2,0,False
2021,All,58,adult,male,30,0,0,False
2021,All,28,adult,male,178,0,0,False
2021,All,22,youth,male,121,2,0,False
2021,All,28,adult,male,171,3,0,False
2021,All,22,youth,male,6,1,0,False
2021,All,18,youth,female,106,2,0,False
2021,All,50,adult,male,77,1,0,False
2021,All,28,adult,male,140,0,0,False
2021,All,28,adult,female,65,3,0,False
2021,All,22,youth,male,113,0,0,False
2021,All,42,adult,female,112,0,0,False
2021,All,35,adult,male,119,2,0,False
2021,All,35,adult,male,20,1,0,False
2021,All,42,adult,male,113,2,0,False
2021,All,28,adult,female,14,0,0,False
2021,All,42,adult,male,107,2,0,False
2021,All,18,youth,female,123,0,0,False
2021,All,50,adult,female,107,0,0,False
2021,All,42,adult,male,125,1,0,False
2021,All,50,adult,male,178,1,0,False
2021,All,18,youth,male,103,1,0,False
2021,All,28,adult,male,161,3,0,False
2021,All,42,adult,male,70,1,0,False
2021,All,28,adult,female,100,3,0,False
2021,All,28,adult,male,78,0,0,False
2021,All,28,adult,male,119,1,0,False
2021,All,35,adult,male,148,0,0,False
2021,All,50,adult,female,48,0,0,False
2021,All,18,youth,male,116,3,0,False
2021,All,28,adult,male,3,1,0,False
2021,All,22,youth,male,144,3,0,False
2021,All,35,adult,male,2,3,0,False
2021,All,28,adult,male,84,0,0,False
2021,All,35,adult,female,127,1,0,False
2021,All,35,adult,male,14,2,0,False
2021,All,22,youth,female,9,2,0,False
2021,All,42,adult,female,8,2,0,False
2021,All,22,youth,male,116,1,0,False
2021,All,18,youth,female,168,3,0,False
2021,All,50,adult,male,75,2,0,False
2021,All,42,adult,female,125,3,0,False
2021,All,18,youth,male,106,2,0,False
2021,All,42,adult,male,145,1,0,False
2021,All,50,adult,female,107,3,0,False
2021,All,28,adult,female,72,3,0,False
2021,All,35,adult,male,74,1,0,False
2021,All,58,adult,female,98,0,0,False
2021,All,42,adult,male,37,2,0,False
2021,All,35,adult,male,104,3,0,False
2021,All,28,adult,female,127,2,0,False
2021,All,22,youth,female,177,1,0,False
2021,All,42,adult,male,157,2,0,False
2021,All,18,youth,female,151,0,0,False
2021,All,28,adult,female,121,3,0,False
2021,All,18,youth,male,138,1,0,False
2021,All,50,adult,female,122,1,0,False
2021,All,18,youth,male,20,3,0,False
2021,All,28,adult,male,40,2,0,False
2021,All,35,adult,male,131,3,0,False
2021,All,42,adult,male,21,2,0,False
2021,All,35,adult,male,44,3,0,False
2021,All,50,adult,male,25,2,0,False
2021,All,35,adult,male,86,0,0,False
2021,All,18,youth,male,134,1,0,False
2021,All,22,youth,male,18,0,0,False
2021,All,22,youth,male,40,2,0,False
2021,All,28,adult,female,93,1,0,False
2021,All,28,adult,female,52,0,0,False
2021,All,50,adult,male,95,0,0,False
2021,All,50,adult,female,98,2,0,False
2021,All,22,youth,male,42,3,0,False
2021,All,22,youth,male,55,0,0,False
2021,All,42,adult,female,9,2,0,False
2021,All,35,adult,male,3,2,0,False
2021,All,58,adult,male,164,0,0,False
2021,All,22,youth,male,120,0,0,False
2021,All,22,youth,male,174,1,0,False
2021,All,42,adult,male,172,1,0,False
2021,All,18,youth,male,148,1,0,False
2021,All,22,youth,male,162,1,0,False
2021,All,50,adult,male,49,0,0,False
2021,All,42,adult,female,74,1,0,False
2021,All,42,adult,male,142,3,0,False
2021,All,35,adult,male,160,2,0,False
2021,All,50,adult,female,6,1,0,False
2021,All,42,adult,male,167,0,0,False
2021,All,22,youth,male,116,0,0,False
2021,All,28,adult,female,70,3,0,False
2021,All,58,adult,male,138,2,0,False
2021,All,28,adult,male,176,3,0,False
2021,All,28,adult,male,135,3,0,False
2021,All,35,adult,male,62,0,0,False
2021,All,65,adult,male,65,3,0,False
2021,All,18,youth,male,67,1,0,False
2021,All,28,adult,male,169,1,0,False
2021,All,18,youth,male,27,0,0,False
2021,All,58,adult,male,96,3,0,False
2021,All,28,adult,female,55,3,0,False
2021,All,35,adult,female,139,2,0,False
2021,All,35,adult,male,75,1,0,False
2021,All,18,youth,female,118,3,0,False
2021,All,22,youth,male,49,2,0,False
2021,All,35,adult,female,11,1,0,False
2021,All,50,adult,male,113,2,0,False
2021,All,42,adult,female,99,2,0,False
2021,All,65,adult,male,98,1,0,False
2021,All,28,adult,female,146,3,0,False
2021,All,50,adult,male,92,1,0,False
2021,All,28,adult,female,112,0,0,False
2021,All,35,adult,male,138,0,0,False
2021,All,28,adult,male,112,2,0,False
2021,All,28,adult,male,145,1,0,False
2021,All,50,adult,male,66,1,0,False
2021,All,22,youth,female,157,1,0,False
2021,All,22,youth,female,39,0,0,False
2021,All,22,youth,female,107,2,0,False
2021,All,28,adult,male,73,1,0,False
2021,All,50,adult,female,47,3,0,False
2021,All,28,adult,male,156,0,0,False
2021,All,42,adult,male,131,2,0,False
2021,All,28,adult,male,42,3,0,False
2021,All,28,adult,male,62,2,0,False
2021,All,65,adult,male,64,3,0,False
2021,All,35,adult,male,48,1,0,False
2021,All,22,youth,female,48,0,0,False
2021,All,28,adult,female,179,2,0,False
2021,All,28,adult,male,165,0,0,False
2021,All,35,adult,female,165,2,0,False
2021,All,28,adult,female,9,1,0,False
2021,All,22,youth,male,96,1,0,False
2021,All,35,adult,male,132,0,0,False
2021,All,18,youth,male,108,0,0,False
2021,All,42,adult,male,55,0,0,False
2021,All,42,adult,female,83,2,0,False
2021,All,28,adult,male,72,3,0,False
2021,All,35,adult,female,74,2,0,False
2021,All,35,adult,male,171,3,0,False
2021,All,35,adult,male,58,0,0,False
2021,All,18,youth,female,169,0,0,False
2021,All,18,youth,male,19,3,0,False
2021,All,18,youth,male,146,1,0,False
2021,All,22,youth,male,55,3,0,False
2021,All,28,adult,female,162,3,0,False
2021,All,22,youth,male,18,3,0,False
2021,All,50,adult,male,67,0,0,False
2021,All,28,adult,female,174,0,0,False
2021,All,18,youth,male,61,1,0,False
2021,All,35,adult,male,4,3,0,False
2021,All,28,adult,female,14,0,0,False
2021,All,28,adult,male,131,2,0,False
2021,All,65,adult,female,171,2,0,False
2021,All,50,adult,male,97,3,0,False
2021,All,28,adult,male,79,3,0,False
2021,All,18,youth,male,50,2,0,False
2021,All,18,youth,male,108,0,0,False
2021,All,28,adult,male,38,3,0,False
2021,All,28,adult,male,103,2,0,False
2021,All,35,adult,male,136,1,0,False
2021,All,42,adult,female,65,2,0,False
2021,All,42,adult,female,14,2,0,False
2021,All,35,adult,male,79,0,0,False
2021,All,28,adult,male,21,1,0,False
2021,All,58,adult,male,72,3,0,False
2021,All,35,adult,female,165,3,0,False
2021,All,28,adult,female,76,0,0,False
2021,All,42,adult,female,0,3,0,False
2021,All,22,youth,female,163,2,0,False
2021,All,35,adult,female,138,2,0,False
2021,All,22,youth,male,83,3,0,False
2021,All,28,adult,male,178,0,0,False
2021,All,18,youth,female,56,0,0,False
2021,All,22,youth,male,58,1,0,False
2021,All,28,adult,male,110,3,0,False
2021,All,18,youth,male,103,2,0,False
2021,All,35,adult,male,23,1,0,False
2021,All,28,adult,male,25,1,0,False
2021,All,50,adult,male,9,3,0,False
2021,All,22,youth,female,98,2,0,False
2021,All,28,adult,male,64,1,0,False
2021,All,35,adult,male,106,3,0,False
2021,All,65,adult,female,39,2,0,False
2021,All,42,adult,female,147,2,0,False
2024,All,35,adult,male,127,0,0,False
2024,All,42,adult,female,85,2,0,False
2024,All,65,adult,male,79,0,0,False
2024,All,28,adult,male,153,3,0,False
2024,All,42,adult,male,111,0,0,False
2024,All,28,adult,male,152,1,0,False
2024,All,50,adult,male,133,1,0,False
2024,All,58,adult,female,134,1,0,False
2024,All,28,adult,male,129,2,0,False
2024,All,28,adult,female,74,2,0,False
2024,All,35,adult,male,20,0,0,False
2024,All,28,adult,female,158,2,0,False
2024,All,58,adult,male,53,3,0,False
2024,All,28,adult,male,169,3,0,False
2024,All,42,adult,male,50,0,0,False
2024,All,50,adult,female,179,0,0,False
2024,All,22,youth,male,52,0,0,False
2024,All,28,adult,male,178,3,0,False
2024,All,28,adult,male,136,1,0,False
2024,All,35,adult,male,59,3,0,False
2024,All,18,youth,male,122,3,0,False
2024,All,35,adult,male,105,3,0,False
2024,All,35,adult,male,4,3,0,False
2024,All,35,adult,male,59,1,0,False
2024,All,22,youth,female,121,1,0,False
2024,All,35,adult,female,146,1,0,False
2024,All,28,adult,male,89,2,0,False
2024,All,18,youth,female,148,3,0,False
2024,All,28,adult,female,117,2,0,False
2024,All,35,adult,male,42,2,0,False
2024,All,35,adult,female,111,2,0,False
2024,All,42,adult,female,99,2,0,False
2024,All,28,adult,female,118,2,0,False
2024,All,65,adult,male,160,0,0,False
2024,All,35,adult,male,141,1,0,False
2024,All,18,youth,male,94,2,0,False
2024,All,18,youth,female,10,2,0,False
2024,All,42,adult,male,42,3,0,False
2024,All,50,adult,male,151,1,0,False
2024,All,58,adult,male,27,2,0,False
2024,All,28,adult,male,104,3,0,False
2024,All,42,adult,female,84,0,0,False
2024,All,28,adult,female,113,3,0,False
2024,All,42,adult,female,5,2,0,False
2024,All,22,youth,male,55,1,0,False
2024,All,35,adult,male,175,2,0,False
2024,All,58,adult,male,54,3,0,False
2024,All,42,adult,male,140,1,0,False
2024,All,28,adult,female,157,0,0,False
2024,All,22,youth,male,17,1,0,False
2024,All,28,adult,female,155,3,0,False
2024,All,35,adult,male,141,3,0,False
2024,All,58,adult,female,101,2,0,False
2024,All,28,adult,female,28,3,0,False
2024,All,35,adult,female,48,3,0,False
2024,All,35,adult,female,4,1,0,False
2024,All,42,adult,female,76,0,0,False
2024,All,35,adult,female,145,2,0,False
2024,All,22,youth,male,71,3,0,False
2024,All,28,adult,male,74,2,0,False
2024,All,28,adult,male,88,3,0,False
2024,All,28,adult,male,128,1,0,False
2024,All,42,adult,female,89,0,0,False
2024,All,28,adult,male,93,3,0,False
2024,All,50,adult,male,73,3,0,False
2024,All,22,youth,male,138,1,0,False
2024,All,18,youth,female,164,2,0,False
2024,All,18,youth,male,93,1,0,False
2024,All,50,adult,male,68,3,0,False
2024,All,42,adult,female,61,1,0,False
2024,All,28,adult,male,166,1,0,False
2024,All,50,adult,male,48,3,0,False
2024,All,35,adult,male,21,0,0,False
2024,All,42,adult,male,68,2,0,False
2024,All,50,adult,male,112,1,0,False
2024,All,42,adult,male,25,2,0,False
2024,All,28,adult,female,163,1,0,False
2024,All,35,adult,male,77,3,0,False
2024,All,28,adult,female,85,0,0,False
2024,All,28,adult,male,1,3,0,False
2024,All,22,youth,female,147,3,0,False
2024,All,42,adult,male,140,1,0,False
2024,All,35,adult,male,112,3,0,False
2024,All,22,youth,male,130,0,0,False
2024,All,42,adult,female,70,3,0,False
2024,All,18,youth,female,27,1,0,False
2024,All,28,adult,female,52,3,0,False
2024,All,35,adult,female,52,2,0,False
2024,All,22,youth,male,29,0,0,False
2024,All,42,adult,female,31,3,0,False
2024,All,42,adult,male,38,1,0,False
2024,All,42,adult,male,63,1,0,False
2024,All,22,youth,female,171,3,0,False
2024,All,35,adult,female,169,3,0,False
2024,All,50,adult,female,108,3,0,False
2024,All,42,adult,male,5,0,0,False
2024,All,35,adult,male,75,2,0,False
2024,All,42,adult,female,112,2,0,False
2024,All,50,adult,male,112,1,0,False
2024,All,50,adult,male,68,2,0,False
2024,All,35,adult,male,33,2,0,False
2024,All,28,adult,male,153,1,0,False
2024,All,35,adult,female,36,3,0,False
2024,All,50,adult,female,33,2,0,False
2024,All,22,youth,male,131,2,0,False
2024,All,18,youth,female,84,2,0,False
2024,All,35,adult,male,177,1,0,False
2024,All,18,youth,female,65,2,0,False
2024,All,42,adult,female,104,2,0,False
2024,All,50,adult,male,153,1,0,False
2024,All,42,adult,male,52,2,0,False
2024,All,28,adult,male,151,0,0,False
2024,All,50,adult,female,54,0,0,False
2024,All,42,adult,female,79,0,0,False
2024,All,18,youth,female,154,2,0,False
2024,All,35,adult,male,171,2,0,False
2024,All,50,adult,female,178,2,0,False
2024,All,28,adult,male,46,2,0,False
2024,All,35,adult,male,98,1,0,False
2024,All,42,adult,male,80,3,0,False
2024,All,28,adult,male,174,3,0,False
2024,All,22,youth,male,29,1,0,False
2024,All,28,adult,female,105,1,0,False
2024,All,28,adult,male,67,1,0,False
2024,All,28,adult,male,129,2,0,False
2024,All,22,youth,female,75,3,0,False
2024,All,50,adult,male,13,0,0,False
2024,All,35,adult,male,65,0,0,False
2024,All,28,adult,male,64,1,0,False
2024,All,35,adult,male,112,3,0,False
2024,All,22,youth,male,78,0,0,False
2024,All,35,adult,female,102,1,0,False
2024,All,58,adult,female,173,1,0,False
2024,All,35,adult,male,3,3,0,False
2024,All,28,adult,female,25,3,0,False
2024,All,50,adult,female,19,0,0,False
2024,All,58,adult,female,177,1,0,False
2024,All,42,adult,male,119,0,0,False
2024,All,28,adult,male,143,1,0,False
2024,All,18,youth,male,118,3,0,False
2024,All,58,adult,male,133,2,0,False
2024,All,35,adult,male,124,3,0,False
2024,All,42,adult,male,100,3,0,False
2024,All,58,adult,male,133,2,0,False
2024,All,35,adult,male,117,2,0,False
2024,All,50,adult,female,141,2,0,False
2024,All,18,youth,female,171,0,0,False
2024,All,28,adult,male,77,0,0,False
2024,All,22,youth,female,144,2,0,False
2024,All,28,adult,male,71,2,0,False
2024,All,18,youth,male,42,3,0,False
2024,All,22,youth,female,70,0,0,False
2024,All,35,adult,male,12,0,0,False
2024,All,18,youth,male,81,3,0,False
2024,All,18,youth,male,108,0,0,False
2024,All,22,youth,male,6,2,0,False
2024,All,50,adult,male,96,2,0,False
2024,All,22,youth,male,24,3,0,False
2024,All,28,adult,male,171,2,0,False
2024,All,18,youth,male,99,2,0,False
2024,All,50,adult,male,126,2,0,False
2024,All,28,adult,male,177,3,0,False
2024,All,42,adult,male,16,0,0,False
2024,All,18,youth,female,44,0,0,False
2024,All,65,adult,male,111,3,0,False
2024,All,35,adult,female,41,3,0,False
2024,All,42,adult,male,51,0,0,False
2024,All,28,adult,female,150,0,0,False
2024,All,50,adult,male,92,1,0,False
2024,All,50,adult,male,43,0,0,False
2024,All,35,adult,male,145,3,0,False
2024,All,50,adult,female,89,3,0,False
2024,All,42,adult,male,129,0,0,False
2024,All,22,youth,female,51,3,0,False
2024,All,42,adult,male,29,0,0,False
2024,All,42,adult,female,105,2,0,False
2024,All,42,adult,male,32,3,0,False
2024,All,28,adult,male,93,3,0,False
2024,All,35,adult,female,15,0,0,False
2024,All,50,adult,female,43,3,0,False
2024,All,50,adult,male,100,3,0,False
2024,All,35,adult,male,4,0,0,False
2024,All,50,adult,male,121,3,0,False
2024,All,58,adult,male,2,2,0,False
2024,All,35,adult,male,39,2,0,False
2024,All,50,adult,male,149,0,0,False
2024,All,42,adult,female,165,2,0,False
2024,All,18,youth,male,90,3,0,False
2024,All,18,youth,female,98,1,0,False
2024,All,28,adult,female,132,3,0,False
2024,All,28,adult,female,42,0,0,False
2024,All,18,youth,female,1,3,0,False
2024,All,50,adult,female,6,3,0,False
2024,All,28,adult,female,27,3,0,False
2024,All,35,adult,female,14,3,0,False
2024,All,22,youth,male,158,1,0,False
2024,All,42,adult,female,168,2,0,False
2024,All,35,adult,female,88,2,0,False
2024,All,58,adult,female,14,2,0,False
2024,All,28,adult,female,105,2,0,False
2024,All,28,adult,male,142,1,0,False
2024,All,22,youth,female,176,0,0,False
2024,All,18,youth,male,74,3,0,False
2024,All,50,adult,female,119,3,0,False
2024,All,58,adult,male,7,2,0,False
2024,All,35,adult,female,29,3,0,False
2024,All,28,adult,male,88,1,0,False
2024,All,35,adult,male,49,1,0,False
2024,All,22,youth,male,152,3,0,False
2024,All,58,adult,male,71,0,0,False
2024,All,58,adult,male,128,1,0,False
2024,All,18,youth,male,41,1,0,False
2024,All,50,adult,male,121,1,0,False
2024,All,28,adult,male,59,1,0,False
2024,All,22,youth,female,52,2,0,False
2024,All,58,adult,male,7,0,0,False
2024,All,35,adult,female,16,2,0,False
2024,All,35,adult,male,109,3,0,False
2024,All,58,adult,male,45,3,0,False
2024,All,28,adult,male,159,2,0,False
2024,All,35,adult,female,33,1,0,False
2024,All,35,adult,female,90,0,0,False
2024,All,50,adult,male,148,3,0,False
2024,All,42,adult,female,65,0,0,False
2024,All,22,youth,female,97,1,0,False
2024,All,22,youth,male,88,1,0,False
2024,All,22,youth,male,92,2,0,False
2024,All,35,adult,male,31,1,0,False
2024,All,35,adult,female,9,3,0,False
2024,All,22,youth,male,64,1,0,False
2024,All,22,youth,female,103,3,0,False
2024,All,28,adult,female,32,1,0,False
2024,All,50,adult,male,15,1,0,False
2024,All,35,adult,male,104,0,0,False
2024,All,22,youth,male,116,0,0,False
2024,All,28,adult,male,64,3,0,False
2024,All,28,adult,female,70,0,0,False
2024,All,28,adult,male,94,1,0,False
2024,All,42,adult,male,169,0,0,False
2024,All,35,adult,male,77,3,0,False
2024,All,35,adult,male,36,0,0,False
2024,All,42,adult,male,70,2,0,False
2024,All,18,youth,female,57,3,0,False
2024,All,42,adult,male,39,2,0,False
2024,All,22,youth,female,156,2,0,False
2024,All,42,adult,male,70,1,0,False
2024,All,42,adult,male,15,3,0,False
2024,All,50,adult,female,111,2,0,False
2024,All,28,adult,male,73,3,0,False
2024,All,18,youth,male,48,3,0,False
2024,All,35,adult,male,64,3,0,False
2024,All,50,adult,female,126,0,0,False
2024,All,50,adult,male,160,2,0,False
2024,All,28,adult,male,173,1,0,False
2024,All,28,adult,female,64,0,0,False
2024,All,18,youth,male,146,2,0,False
2024,All,22,youth,female,88,2,0,False
2024,All,28,adult,female,137,1,0,False
2024,All,22,youth,male,71,0,0,False
2024,All,22,youth,male,51,3,0,False
2024,All,42,adult,male,151,2,0,False
2024,All,22,youth,female,163,3,0,False
2024,All,28,adult,male,82,1,0,False
2024,All,50,adult,male,53,1,0,False
2024,All,28,adult,male,142,1,0,False
2024,All,42,adult,male,41,3,0,False
2024,All,28,adult,male,56,0,0,False
2024,All,18,youth,female,174,0,0,False
2024,All,42,adult,female,100,3,0,False
2024,All,42,adult,female,135,1,0,False
2024,All,50,adult,male,141,0,0,False
2024,All,42,adult,female,78,0,0,False
2024,All,28,adult,female,108,3,0,False
2024,All,22,youth,male,34,3,0,False
2024,All,28,adult,male,102,1,0,False
2024,All,22,youth,male,108,0,0,False
2024,All,42,adult,male,18,0,0,False
2024,All,58,adult,male,161,3,0,False
2024,All,18,youth,male,61,0,0,False
2024,All,35,adult,female,97,1,0,False
2024,All,42,adult,female,55,0,0,False
2024,All,28,adult,male,143,2,0,False
2024,All,42,adult,female,106,3,0,False
2024,All,22,youth,male,179,1,0,False
2024,All,42,adult,male,58,2,0,False
2024,All,22,youth,male,173,1,0,False
2024,All,42,adult,female,62,1,0,False
2024,All,35,adult,male,127,2,0,False
2024,All,65,adult,female,97,1,0,False
2024,All,28,adult,female,40,0,0,False
2024,All,28,adult,female,161,1,0,False
2024,All,28,adult,female,98,0,0,False
2024,All,18,youth,male,54,3,0,False
2024,All,50,adult,female,83,3,0,False
2024,All,18,youth,male,59,3,0,False
2024,All,18,youth,male,62,3,0,False
2024,All,42,adult,male,124,0,0,False
2024,All,42,adult,male,20,2,0,False
2024,All,18,youth,male,56,0,0,False
2024,All,50,adult,male,132,3,0,False
2024,All,35,adult,male,41,3,0,False
2024,All,65,adult,male,150,3,0,False
2024,All,18,youth,female,58,0,0,False
2024,All,42,adult,female,33,2,0,False
2024,All,22,youth,male,20,0,0,False
2024,All,50,adult,female,80,3,0,False
2024,All,28,adult,male,172,3,0,False
2024,All,28,adult,male,124,3,0,False
2024,All,42,adult,male,100,2,0,False
2024,All,35,adult,male,43,3,0,False
2024,All,28,adult,male,27,1,0,False
2024,All,42,adult,male,38,1,0,False
2024,All,35,adult,female,29,0,0,False
2024,All,42,adult,male,122,1,0,False
2024,All,35,adult,male,167,3,0,False
2024,All,28,adult,male,17,3,0,False
2024,All,22,youth,male,158,1,0,False
2024,All,18,youth,male,118,2,0,False
2024,All,35,adult,female,147,2,0,False
2024,All,42,adult,male,35,1,0,False
2024,All,35,adult,male,81,3,0,False
2024,All,42,adult,female,104,2,0,False
2024,All,42,adult,male,42,3,0,False
2024,All,18,youth,female,58,3,0,False
2024,All,35,adult,male,32,0,0,False
2024,All,18,youth,male,106,0,0,False
2024,All,50,adult,female,132,2,0,False
2024,All,42,adult,female,98,2,0,False
2024,All,50,adult,male,83,1,0,False
2024,All,28,adult,male,161,2,0,False
2024,All,28,adult,female,174,2,0,False
2024,All,42,adult,male,75,0,0,False
2024,All,35,adult,male,38,1,0,False
2024,All,35,adult,male,58,3,0,False
2024,All,35,adult,female,22,1,0,False
2024,All,22,youth,male,60,0,0,False
2024,All,22,youth,male,41,0,0,False
2024,All,22,youth,female,50,2,0,False
2024,All,35,adult,female,110,1,0,False
2024,All,28,adult,female,11,0,0,False
2024,All,42,adult,male,31,3,0,False
2024,All,18,youth,male,128,1,0,False
2024,All,50,adult,male,155,1,0,False
2024,All,35,adult,female,72,1,0,False
2024,All,42,adult,male,50,2,0,False
2024,All,35,adult,male,15,1,0,False
2024,All,28,adult,male,63,0,0,False
2024,All,35,adult,female,147,0,0,False
2024,All,18,youth,male,20,0,0,False
2024,All,22,youth,female,13,2,0,False
2024,All,18,youth,male,38,2,0,False
2024,All,22,youth,female,154,0,0,False
2024,All,35,adult,male,107,3,0,False
2024,All,35,adult,male,19,0,0,False
2024,All,22,youth,female,93,0,0,False
2024,All,35,adult,male,45,1,0,False
2024,All,58,adult,male,40,3,0,False
2024,All,22,youth,female,59,0,0,False
2024,All,18,youth,male,86,0,0,False
2024,All,28,adult,female,0,2,0,False
2024,All,50,adult,male,95,2,0,False
2024,All,28,adult,male,143,2,0,False
2024,All,65,adult,male,39,1,0,False
2024,All,42,adult,male,37,1,0,False
2024,All,28,adult,male,56,2,0,False
2024,All,18,youth,female,88,3,0,False
2024,All,50,adult,male,89,0,0,False
2024,All,42,adult,male,115,1,0,False
2024,All,42,adult,female,147,3,0,False
2024,All,28,adult,male,65,1,0,False
2024,All,28,adult,male,10,2,0,False
2024,All,50,adult,female,47,3,0,False
2024,All,28,adult,male,6,0,0,False
2024,All,35,adult,male,38,0,0,False
2024,All,18,youth,male,71,2,0,False
2024,All,18,youth,male,112,2,0,False
2024,All,18,youth,male,134,1,0,False
2024,All,28,adult,female,83,3,0,False
2024,All,18,youth,female,81,1,0,False
2024,All,28,adult,female,42,1,0,False
2024,All,18,youth,male,17,2,0,False
2024,All,35,adult,male,137,0,0,False
2024,All,28,adult,female,105,3,0,False
2024,All,50,adult,female,64,0,0,False
2024,All,35,adult,male,48,1,0,False
2024,All,42,adult,male,47,1,0,False
2024,All,28,adult,female,123,3,0,False
2024,All,22,youth,female,98,3,0,False
2024,All,18,youth,male,65,0,0,False
2024,All,42,adult,male,35,3,0,False
2024,All,35,adult,female,83,3,0,False
2024,All,18,youth,male,140,1,0,False
2024,All,50,adult,male,168,0,0,False
2024,All,50,adult,male,7,1,0,False
2024,All,28,adult,female,128,3,0,False
2024,All,35,adult,male,151,2,0,False
2024,All,22,youth,female,144,1,0,False
2024,All,28,adult,male,83,1,0,False
2024,All,35,adult,female,35,3,0,False
2024,All,35,adult,female,10,3,0,False
2024,All,22,youth,male,7,3,0,False
2024,All,18,youth,male,106,2,0,False
2024,All,35,adult,female,82,2,0,False
2024,All,35,adult,male,75,3,0,False
2024,All,42,adult,female,13,3,0,False
2024,All,35,adult,male,66,1,0,False
2024,All,35,adult,male,65,1,0,False
2024,All,42,adult,male,168,2,0,False
2024,All,35,adult,male,103,3,0,False
2024,All,65,adult,male,11,3,0,False
2024,All,65,adult,female,86,3,0,False
2024,All,42,adult,male,1,1,0,False
2024,All,42,adult,male,89,0,0,False
2024,All,28,adult,male,18,0,0,False
2024,All,22,youth,male,20,0,0,False
2024,All,35,adult,male,53,3,0,False
2024,All,28,adult,male,166,0,0,False
2024,All,22,youth,male,82,3,0,False
2024,All,50,adult,male,138,1,0,False
2024,All,50,adult,female,145,3,0,False
2024,All,28,adult,female,8,1,0,False
2024,All,22,youth,male,14,3,0,False
2024,All,35,adult,female,9,3,0,False
2024,All,58,adult,male,38,1,0,False
2024,All,22,youth,male,78,3,0,False
2024,All,50,adult,female,107,2,0,False
2024,All,42,adult,female,0,2,0,False
2024,All,42,adult,male,73,1,0,False
2024,All,22,youth,female,41,2,0,False
2024,All,35,adult,male,21,2,0,False
2024,All,35,adult,male,88,2,0,False
2024,All,18,youth,female,157,1,0,False
2024,All,35,adult,female,9,2,0,False
2024,All,22,youth,female,102,2,0,False
2024,All,22,youth,female,109,0,0,False
2024,All,22,youth,male,122,2,0,False
2024,All,58,adult,male,88,1,0,False
2024,All,58,adult,female,83,3,0,False
2024,All,42,adult,male,15,3,0,False
2024,All,42,adult,male,94,0,0,False
2024,All,65,adult,female,2,0,0,False
2024,All,18,youth,female,177,1,0,False
2024,All,18,youth,female,16,0,0,False
2024,All,28,adult,male,16,0,0,False
2024,All,42,adult,male,100,1,0,False
2024,All,22,youth,female,83,3,0,False
2024,All,50,adult,male,49,1,0,False
2024,All,35,adult,male,25,2,0,False
2024,All,50,adult,male,134,0,0,False
2024,All,35,adult,female,64,1,0,False
2024,All,18,youth,male,12,2,0,False
2024,All,35,adult,female,9,1,0,False
2024,All,42,adult,male,59,0,0,False
2024,All,18,youth,male,172,0,0,False
2024,All,28,adult,male,13,3,0,False
2024,All,65,adult,female,59,2,0,False
2024,All,35,adult,male,95,2,0,False
2024,All,42,adult,male,63,0,0,False
2024,All,22,youth,female,111,0,0,False
2024,All,35,adult,male,123,3,0,False
2024,All,58,adult,male,176,3,0,False
2024,All,22,youth,female,131,0,0,False
2024,All,50,adult,male,167,0,0,False
2024,All,35,adult,female,89,2,0,False
2024,All,58,adult,male,88,1,0,False
2024,All,18,youth,female,116,2,0,False
2024,All,22,youth,male,142,0,0,False
2024,All,28,adult,male,84,1,0,False
2024,All,35,adult,male,105,1,0,False
2024,All,28,adult,male,109,2,0,False
2024,All,18,youth,male,66,0,0,False
2024,All,28,adult,male,124,2,0,False
2024,All,42,adult,male,45,0,0,False
2024,All,42,adult,male,45,3,0,False
2024,All,28,adult,male,13,2,0,False
2024,All,42,adult,female,140,1,0,False
2024,All,35,adult,female,134,3,0,False
2024,All,28,adult,male,79,0,0,False
2024,All,35,adult,female,73,2,0,False
2024,All,18,youth,female,162,3,0,False
2024,All,42,adult,female,98,2,0,False
2024,All,35,adult,male,64,2,0,False
2024,All,28,adult,male,127,1,0,False
2024,All,50,adult,male,21,0,0,False
2024,All,50,adult,male,36,1,0,False
2024,All,28,adult,male,85,1,0,False
2024,All,35,adult,male,141,3,0,False
2024,All,28,adult,male,175,0,0,False
2024,All,28,adult,male,130,3,0,False
2024,All,28,adult,male,162,0,0,False
2024,All,22,youth,female,47,0,0,False
2024,All,65,adult,female,39,0,0,False
2024,All,35,adult,male,77,1,0,False
2024,All,35,adult,female,116,2,0,False
2024,All,18,youth,female,98,3,0,False
2024,All,42,adult,female,129,3,0,False
2024,All,28,adult,female,178,1,0,False
2024,All,42,adult,male,6,0,0,False
2024,All,28,adult,female,35,1,0,False
2024,All,28,adult,female,21,0,0,False
2024,All,65,adult,male,74,3,0,False
2024,All,28,adult,female,116,1,0,False
2024,All,58,adult,female,122,2,0,False
2024,All,58,adult,male,36,1,0,False
2024,All,42,adult,female,45,0,0,False
2024,All,35,adult,female,52,3,0,False
2024,All,50,adult,male,46,1,0,False
2024,All,28,adult,male,71,1,0,False
2024,All,18,youth,female,138,0,0,False
2024,All,35,adult,male,66,3,0,False
2024,All,35,adult,male,33,0,0,False
2024,All,42,adult,male,49,0,0,False
2024,All,22,youth,male,151,1,0,False
2024,All,22,youth,male,39,3,0,False
2024,All,28,adult,female,49,1,0,False
2024,All,28,adult,male,139,0,0,False
2024,All,28,adult,female,7,2,0,False
2024,All,22,youth,female,39,0,0,False
2024,All,18,youth,male,33,3,0,False
2024,All,50,adult,male,26,0,0,False
2024,All,58,adult,male,130,0,0,False
2024,All,42,adult,male,108,0,0,False
2024,All,58,adult,female,116,0,0,False
2024,All,35,adult,male,13,0,0,False
2024,All,22,youth,male,54,2,0,False
2024,All,18,youth,male,56,0,0,False
2024,All,42,adult,female,69,1,0,False
2024,All,35,adult,male,146,1,0,False
2024,All,22,youth,male,112,3,0,False
2024,All,42,adult,female,143,1,0,False
2024,All,35,adult,male,3,2,0,False
2024,All,28,adult,female,154,0,0,False
2024,All,50,adult,male,41,3,0,False
2024,All,50,adult,female,91,3,0,False
2024,All,42,adult,male,174,0,0,False
2024,All,50,adult,male,135,0,0,False
2024,All,22,youth,female,90,0,0,False
2024,All,42,adult,male,17,1,0,False
2024,All,58,adult,male,60,1,0,False
2024,All,50,adult,male,165,0,0,False
2024,All,35,adult,male,24,0,0,False
2024,All,22,youth,male,27,0,0,False
2024,All,58,adult,male,132,2,0,False
2024,All,28,adult,male,74,0,0,False
2024,All,28,adult,male,97,0,0,False
2024,All,28,adult,male,25,1,0,False
2024,All,58,adult,male,147,1,0,False
2024,All,35,adult,female,7,3,0,False
2024,All,28,adult,female,10,3,0,False
2024,All,42,adult,male,166,1,0,False
2024,All,50,adult,female,106,0,0,False
2024,All,42,adult,female,134,3,0,False
2024,All,42,adult,male,89,2,0,False
2024,All,22,youth,female,138,2,0,False
2024,All,50,adult,female,7,0,0,False
2024,All,35,adult,male,160,1,0,False
2024,All,22,youth,female,5,0,0,False
2024,All,42,adult,female,155,3,0,False
2024,All,35,adult,male,145,1,0,False
2024,All,35,adult,female,37,3,0,False
2024,All,18,youth,male,29,1,0,False
2024,All,22,youth,female,119,3,0,False
2024,All,22,youth,male,85,2,0,False
2024,All,42,adult,male,33,2,0,False
2024,All,35,adult,male,64,0,0,False
2024,All,50,adult,female,158,2,0,False
2024,All,22,youth,male,49,3,0,False
2024,All,18,youth,female,85,1,0,False
2024,All,58,adult,female,55,0,0,False
2024,All,18,youth,female,165,0,0,False
2024,All,22,youth,male,37,3,0,False
2024,All,22,youth,female,14,2,0,False
2024,All,28,adult,male,172,0,0,False
2024,All,58,adult,female,61,0,0,False
2024,All,58,adult,male,68,2,0,False
2024,All,50,adult,female,178,3,0,False
2024,All,18,youth,female,69,1,0,False
2024,All,28,adult,female,147,3,0,False
2024,All,50,adult,male,18,1,0,False
2024,All,50,adult,female,133,2,0,False
2024,All,28,adult,female,47,1,0,False
2024,All,28,adult,male,40,2,0,False
2024,All,42,adult,male,84,0,0,False
2024,All,42,adult,male,57,1,0,False
2024,All,65,adult,male,68,3,0,False
2024,All,35,adult,female,52,0,0,False
2024,All,58,adult,male,165,1,0,False
2024,All,42,adult,female,127,3,0,False
2024,All,18,youth,female,147,0,0,False
2024,All,42,adult,female,176,0,0,False
2024,All,42,adult,male,178,2,0,False
2024,All,28,adult,female,117,3,0,False
2024,All,28,adult,male,32,2,0,False
2024,All,42,adult,female,69,0,0,False
2024,All,42,adult,female,138,0,0,False
2024,All,42,adult,male,92,0,0,False
2024,All,65,adult,male,169,2,0,False
2024,All,28,adult,female,118,1,0,False
2024,All,22,youth,female,34,2,0,False
2024,All,42,adult,female,72,3,0,False
2024,All,18,youth,male,116,1,0,False
2024,All,65,adult,female,119,2,0,False
2024,All,18,youth,male,100,2,0,False
2024,All,22,youth,female,124,0,0,False
2024,All,42,adult,male,35,2,0,False
2024,All,35,adult,male,47,3,0,False
2024,All,42,adult,female,66,2,0,False
2024,All,50,adult,male,152,3,0,False
2024,All,28,adult,male,41,0,0,False
2024,All,22,youth,male,168,3,0,False
2024,All,22,youth,male,76,0,0,False
2024,All,22,youth,male,75,3,0,False
2024,All,35,adult,female,149,3,0,False
2024,All,35,adult,male,49,1,0,False
2024,All,35,adult,male,116,1,0,False
2024,All,35,adult,female,175,1,0,False
2024,All,28,adult,female,147,1,0,False
2024,All,35,adult,female,110,2,0,False
2024,All,58,adult,male,119,2,0,False
2024,All,42,adult,male,64,2,0,False
2024,All,42,adult,male,92,1,0,False
2024,All,42,adult,male,179,1,0,False
2024,All,50,adult,female,31,3,0,False
2024,All,18,youth,male,118,0,0,False
2024,All,22,youth,male,44,0,0,False
2024,All,42,adult,female,53,3,0,False
2024,All,50,adult,female,113,2,0,False
2024,All,22,youth,male,28,0,0,False
2024,All,35,adult,male,81,1,0,False
2024,All,65,adult,male,134,1,0,False
2024,All,35,adult,female,48,2,0,False
2024,All,65,adult,female,100,2,0,False
2024,All,42,adult,male,17,1,0,False
2024,All,22,youth,male,114,0,0,False
2024,All,58,adult,male,161,2,0,False
2024,All,42,adult,male,43,0,0,False
2024,All,58,adult,male,108,2,0,False
2024,All,22,youth,male,34,2,0,False
2024,All,22,youth,female,27,1,0,False
2024,All,28,adult,female,30,0,0,False
2024,All,42,adult,male,155,3,0,False
2024,All,65,adult,male,90,3,0,False
2024,All,42,adult,female,94,1,0,False
2024,All,50,adult,male,119,1,0,False
2024,All,50,adult,female,53,1,0,False
2024,All,28,adult,male,96,3,0,False
2024,All,35,adult,male,168,2,0,False
2024,All,35,adult,male,79,0,0,False
2024,All,22,youth,male,12,2,0,False
2024,All,35,adult,female,30,3,0,False
2024,All,50,adult,female,153,2,0,False
2024,All,58,adult,male,62,3,0,False
2024,All,18,youth,female,70,3,0,False
2024,All,22,youth,male,17,3,0,False
2024,All,22,youth,male,139,1,0,False
2024,All,35,adult,male,68,3,0,False
2024,All,18,youth,female,34,2,0,False
2024,All,35,adult,male,61,3,0,False
2024,All,18,youth,male,28,1,0,False
2024,All,22,youth,female,8,0,0,False
2024,All,22,youth,female,26,3,0,False
2024,All,28,adult,female,29,2,0,False
2024,All,22,youth,male,148,1,0,False
2024,All,35,adult,male,153,3,0,False
2024,All,28,adult,female,166,1,0,False
2024,All,18,youth,female,73,0,0,False
2024,All,50,adult,female,120,3,0,False
2024,All,22,youth,male,84,3,0,False
2024,All,18,youth,female,113,1,0,False
2024,All,28,adult,female,66,2,0,False
2024,All,18,youth,male,71,3,0,False
2024,All,50,adult,male,14,1,0,False
2024,All,35,adult,male,95,2,0,False
2024,All,35,adult,male,78,2,0,False
2024,All,42,adult,male,42,0,0,False
2024,All,28,adult,male,26,3,0,False
2024,All,35,adult,female,41,2,0,False
2024,All,28,adult,female,125,2,0,False
2024,All,18,youth,female,157,1,0,False
2024,All,28,adult,male,173,1,0,False
2024,All,35,adult,male,24,2,0,False
2024,All,35,adult,female,117,1,0,False
2024,All,22,youth,female,95,3,0,False
2024,All,18,youth,female,120,2,0,False
2024,All,58,adult,male,113,2,0,False
2024,All,22,youth,male,13,1,0,False
2024,All,22,youth,female,175,2,0,False
2024,All,35,adult,male,6,1,0,False
2024,All,50,adult,female,18,0,0,False
2024,All,28,adult,male,131,2,0,False
2024,All,28,adult,male,159,2,0,False
2024,All,42,adult,male,51,1,0,False
2024,All,50,adult,female,14,2,0,False
2024,All,22,youth,female,0,1,0,False
2024,All,28,adult,female,4,2,0,False
2024,All,42,adult,male,111,3,0,False
2024,All,28,adult,male,66,2,0,False
2024,All,42,adult,female,118,1,0,False
2024,All,18,youth,male,174,0,0,False
2024,All,58,adult,female,154,0,0,False
2024,All,35,adult,male,16,2,0,False
2024,All,28,adult,male,111,3,0,False
2024,All,28,adult,male,171,1,0,False
2024,All,22,youth,male,82,3,0,False
2024,All,28,adult,female,89,0,0,False
2024,All,28,adult,male,78,1,0,False
2024,All,42,adult,male,155,2,0,False
2024,All,42,adult,female,159,3,0,False
2024,All,35,adult,male,169,3,0,False
2024,All,22,youth,male,45,3,0,False
2024,All,35,adult,male,29,0,0,False
2024,All,42,adult,male,55,1,0,False
2024,All,22,youth,male,9,1,0,False
2024,All,58,adult,male,139,3,0,False
2024,All,58,adult,male,81,3,0,False
2024,All,22,youth,female,72,3,0,False
2024,All,22,youth,male,168,2,0,False
2024,All,28,adult,female,52,2,0,False
2024,All,42,adult,male,69,0,0,False
2024,All,28,adult,male,47,1,0,False
2024,All,58,adult,female,10,1,0,False
2024,All,28,adult,male,1,3,0,False
2024,All,42,adult,female,129,1,0,False
2024,All,35,adult,male,96,1,0,False
2024,All,65,adult,female,77,1,0,False
2024,All,50,adult,male,114,1,0,False
2024,All,42,adult,female,71,0,0,False
2024,All,50,adult,male,61,2,0,False
2024,All,42,adult,female,82,1,0,False
2024,All,28,adult,female,7,3,0,False
2024,All,42,adult,male,164,1,0,False
2024,All,58,adult,female,157,1,0,False
2024,All,18,youth,male,77,3,0,False
2024,All,35,adult,male,112,0,0,False
2024,All,22,youth,female,138,3,0,False
2024,All,35,adult,male,113,0,0,False
2024,All,42,adult,female,61,2,0,False
2024,All,28,adult,female,5,1,0,False
2024,All,42,adult,male,67,2,0,False
2024,All,18,youth,female,132,2,0,False
2024,All,42,adult,male,58,1,0,False
2024,All,22,youth,female,131,2,0,False
2024,All,50,adult,male,176,0,0,False
2024,All,50,adult,female,174,3,0,False
2024,All,28,adult,male,37,2,0,False
2024,All,42,adult,female,13,2,0,False
2024,All,35,adult,male,92,0,0,False
2024,All,22,youth,female,43,3,0,False
2024,All,22,youth,male,150,0,0,False
2024,All,42,adult,male,159,0,0,False
2024,All,35,adult,male,74,2,0,False
2024,All,18,youth,male,64,2,0,False
2024,All,22,youth,female,42,0,0,False
2024,All,65,adult,female,17,3,0,False
2024,All,35,adult,male,60,0,0,False
2024,All,18,youth,male,137,3,0,False
2024,All,22,youth,male,15,0,0,False
2024,All,42,adult,female,73,1,0,False
2024,All,22,youth,male,20,0,0,False
2024,All,65,adult,male,106,2,0,False
2024,All,35,adult,female,86,3,0,False
2024,All,35,adult,male,164,0,0,False
2024,All,42,adult,male,107,3,0,False
2024,All,22,youth,female,151,1,0,False
2024,All,22,youth,male,127,1,0,False
2024,All,35,adult,male,103,2,0,False
2024,All,28,adult,female,109,0,0,False
2024,All,22,youth,male,125,2,0,False
2024,All,28,adult,male,120,0,0,False
2024,All,18,youth,male,25,0,0,False
2024,All,42,adult,male,82,2,0,False
2024,All,42,adult,male,54,3,0,False
2024,All,22,youth,male,130,2,0,False
2024,All,35,adult,male,95,1,0,False
2024,All,22,youth,male,163,1,0,False
2024,All,50,adult,male,157,0,0,False
2024,All,22,youth,male,21,3,0,False
2024,All,18,youth,male,121,1,0,False
2024,All,58,adult,male,129,0,0,False
2024,All,18,youth,female,41,0,0,False
2024,All,42,adult,male,97,1,0,False
2024,All,42,adult,male,146,2,0,False
2024,All,28,adult,male,8,2,0,False
2024,All,18,youth,female,149,0,0,False
2024,All,28,adult,female,113,3,0,False
2024,All,42,adult,female,33,3,0,False
2024,All,35,adult,male,94,3,0,False
2024,All,28,adult,male,47,2,0,False
2024,All,18,youth,female,100,1,0,False
2024,All,18,youth,male,122,1,0,False
2024,All,42,adult,male,70,0,0,False
2024,All,18,youth,female,40,1,0,False
2024,All,18,youth,female,173,1,0,False
2024,All,50,adult,male,174,1,0,False
2024,All,35,adult,male,68,1,0,False
2024,All,50,adult,male,44,0,0,False
2024,All,42,adult,male,119,0,0,False
2024,All,42,adult,male,78,0,0,False
2024,All,58,adult,male,21,0,0,False
2024,All,35,adult,female,108,3,0,False
2024,All,18,youth,male,67,3,0,False
2024,All,35,adult,male,12,2,0,False
2024,All,42,adult,male,26,1,0,False
2024,All,22,youth,male,59,0,0,False
2024,All,28,adult,male,87,1,0,False
2024,All,18,youth,female,117,0,0,False
2024,All,28,adult,female,150,1,0,False
2024,All,50,adult,male,93,3,0,False
2024,All,28,adult,male,143,3,0,False
2024,All,22,youth,female,154,3,0,False
2024,All,18,youth,female,111,3,0,False
2024,All,42,adult,female,86,1,0,False
2024,All,50,adult,male,16,1,0,False
2024,All,42,adult,male,104,3,0,False
2024,All,42,adult,male,48,3,0,False
2024,All,22,youth,female,79,3,0,False
2024,All,42,adult,female,55,1,0,False
2024,All,28,adult,male,167,2,0,False
2024,All,35,adult,female,113,1,0,False
2024,All,22,youth,male,47,0,0,False
2024,All,35,adult,male,21,1,0,False
2024,All,42,adult,female,116,0,0,False
2024,All,28,adult,male,10,0,0,False
2024,All,22,youth,female,83,3,0,False
2024,All,35,adult,male,125,2,0,False
2024,All,35,adult,male,154,1,0,False
2024,All,35,adult,female,125,0,0,False
2024,All,22,youth,female,122,3,0,False
2024,All,35,adult,male,165,2,0,False
2024,All,18,youth,male,50,3,0,False
2024,All,28,adult,male,57,3,0,False
2024,All,35,adult,male,87,1,0,False
2024,All,35,adult,male,111,0,0,False
2024,All,50,adult,male,151,1,0,False
2024,All,18,youth,male,89,3,0,False
2024,All,35,adult,male,87,3,0,False
2024,All,35,adult,female,9,2,0,False
2024,All,50,adult,female,164,0,0,False
2024,All,35,adult,male,35,2,0,False
2024,All,18,youth,male,84,1,0,False
2024,All,22,youth,male,125,3,0,False
2024,All,22,youth,male,133,3,0,False
2024,All,18,youth,male,160,2,0,False
2024,All,22,youth,male,34,1,0,False
2024,All,28,adult,male,61,3,0,False
2024,All,28,adult,male,109,1,0,False
2024,All,42,adult,female,131,2,0,False
2024,All,42,adult,female,169,1,0,False
2024,All,42,adult,female,179,2,0,False
2024,All,42,adult,male,137,3,0,False
2024,All,65,adult,female,9,2,0,False
2024,All,22,youth,female,158,3,0,False
2024,All,35,adult,male,52,1,0,False
2024,All,22,youth,male,71,3,0,False
2024,All,65,adult,female,38,0,0,False
2024,All,42,adult,female,96,3,0,False
2024,All,35,adult,male,135,0,0,False
2024,All,35,adult,male,53,3,0,False
2024,All,35,adult,female,172,1,0,False
2024,All,35,adult,female,16,1,0,False
2024,All,50,adult,female,33,2,0,False
2024,All,28,adult,female,2,3,0,False
2024,All,18,youth,male,15,0,0,False
2024,All,35,adult,male,92,0,0,False
2024,All,18,youth,female,176,2,0,False
2024,All,22,youth,female,87,2,0,False
2024,All,28,adult,female,143,1,0,False
2024,All,42,adult,male,173,1,0,False
2024,All,22,youth,female,6,0,0,False
2024,All,42,adult,female,149,1,0,False
2024,All,22,youth,male,76,2,0,False
2024,All,58,adult,male,17,2,0,False
2024,All,28,adult,female,12,1,0,False
2024,All,35,adult,female,153,2,0,False
2024,All,28,adult,male,163,3,0,False
2024,All,28,adult,male,173,2,0,False
2024,All,58,adult,female,101,2,0,False
2024,All,28,adult,male,95,2,0,False
2024,All,50,adult,male,109,3,0,False
2024,All,42,adult,male,7,3,0,False
2024,All,28,adult,male,21,0,0,False
2024,All,35,adult,male,23,0,0,False
2024,All,22,youth,male,115,2,0,False
2024,All,42,adult,male,123,1,0,False
2024,All,42,adult,female,61,3,0,False
2024,All,58,adult,male,162,2,0,False
2024,All,58,adult,female,112,1,0,False
2024,All,18,youth,female,54,3,0,False
2024,All,58,adult,male,18,3,0,False
2024,All,42,adult,male,33,0,0,False
2024,All,28,adult,female,28,2,0,False
2024,All,22,youth,male,103,1,0,False
2024,All,42,adult,female,111,2,0,False
2024,All,18,youth,female,129,3,0,False
2024,All,28,adult,male,77,1,0,False
2024,All,50,adult,male,97,3,0,False
2024,All,58,adult,female,70,2,0,False
2024,All,35,adult,male,51,1,0,False
2024,All,42,adult,male,126,3,0,False
2024,All,28,adult,male,100,1,0,False
2024,All,42,adult,male,139,3,0,False
2024,All,58,adult,male,55,1,0,False
2024,All,35,adult,male,152,0,0,False
2024,All,28,adult,male,29,1,0,False
2024,All,28,adult,female,85,3,0,False
2024,All,28,adult,male,168,0,0,False
2024,All,50,adult,female,14,1,0,False
2024,All,22,youth,male,75,0,0,False
2024,All,28,adult,male,125,2,0,False
2024,All,58,adult,male,19,0,0,False
2024,All,22,youth,male,177,0,0,False
2024,All,22,youth,female,24,0,0,False
2024,All,50,adult,male,109,0,0,False
2024,All,42,adult,male,10,1,0,False
2024,All,58,adult,female,162,0,0,False
2024,All,50,adult,male,106,3,0,False
2024,All,22,youth,female,36,0,0,False
2024,All,50,adult,female,177,1,0,False
2024,All,42,adult,male,60,3,0,False
2024,All,35,adult,male,85,2,0,False
2024,All,35,adult,female,159,2,0,False
2024,All,50,adult,male,60,0,0,False
2024,All,42,adult,male,8,0,0,False
2024,All,18,youth,male,39,3,0,False
2024,All,42,adult,male,159,2,0,False
2024,All,35,adult,female,165,0,0,False
2024,All,22,youth,female,49,2,0,False
2024,All,42,adult,male,141,2,0,False
2024,All,28,adult,male,77,1,0,False
2024,All,28,adult,male,105,2,0,False
2024,All,58,adult,male,179,3,0,False
2024,All,50,adult,male,97,2,0,False
2024,All,22,youth,male,14,2,0,False
2024,All,18,youth,male,18,1,0,False
2024,All,58,adult,male,177,3,0,False
2024,All,28,adult,male,145,3,0,False
2024,All,28,adult,male,176,2,0,False
2024,All,50,adult,female,97,2,0,False
2024,All,28,adult,female,125,0,0,False
2024,All,28,adult,male,7,2,0,False
2024,All,28,adult,female,39,3,0,False
2024,All,35,adult,female,127,0,0,False
2024,All,22,youth,male,97,3,0,False
2024,All,35,adult,male,21,2,0,False
2024,All,18,youth,male,142,1,0,False
2024,All,18,youth,male,44,2,0,False
2024,All,22,youth,male,89,1,0,False
2024,All,22,youth,male,121,2,0,False
2024,All,35,adult,male,94,2,0,False
2024,All,58,adult,male,63,2,0,False
2024,All,35,adult,female,104,3,0,False
2024,All,35,adult,female,121,0,0,False
2024,All,50,adult,male,98,0,0,False
2024,All,65,adult,male,128,3,0,False
2024,All,22,youth,female,101,0,0,False
2024,All,42,adult,female,70,0,0,False
2024,All,50,adult,male,85,0,0,False
2024,All,28,adult,male,167,3,0,False
2024,All,58,adult,male,113,0,0,False
2024,All,18,youth,male,129,0,0,False
2024,All,28,adult,male,123,2,0,False
2024,All,50,adult,male,135,3,0,False
2024,All,50,adult,female,5,3,0,False
2024,All,50,adult,male,83,2,0,False
2024,All,35,adult,male,46,2,0,False
2024,All,35,adult,female,47,0,0,False
2024,All,35,adult,male,58,2,0,False
2024,All,28,adult,male,136,0,0,False
2024,All,28,adult,male,60,3,0,False
2024,All,18,youth,male,18,1,0,False
2024,All,42,adult,female,173,3,0,False
2024,All,28,adult,female,9,0,0,False
2024,All,22,youth,female,104,3,0,False
2024,All,65,adult,male,124,1,0,False
2024,All,42,adult,female,80,3,0,False
2024,All,18,youth,female,62,1,0,False
2024,All,22,youth,male,1,0,0,False
2024,All,35,adult,male,57,1,0,False
2024,All,58,adult,female,107,2,0,False
2024,All,35,adult,female,54,1,0,False
2024,All,22,youth,male,133,3,0,False
2024,All,28,adult,male,178,3,0,False
2024,All,28,adult,female,120,1,0,False
2024,All,35,adult,female,143,2,0,False
2024,All,58,adult,female,94,3,0,False
2024,All,35,adult,female,139,1,0,False
2024,All,35,adult,female,153,2,0,False
2024,All,42,adult,male,59,0,0,False
2024,All,22,youth,male,119,1,0,False
2024,All,58,adult,female,69,0,0,False
2024,All,28,adult,male,48,2,0,False
2024,All,28,adult,male,11,0,0,False
2024,All,22,youth,male,147,1,0,False
2024,All,50,adult,male,99,0,0,False
2024,All,42,adult,female,176,1,0,False
2024,All,42,adult,female,159,1,0,False
2024,All,35,adult,female,118,0,0,False
2024,All,42,adult,male,154,2,0,False
2024,All,50,adult,male,90,2,0,False
2024,All,58,adult,male,149,2,0,False
2024,All,35,adult,male,179,3,0,False
2024,All,50,adult,female,147,2,0,False
2024,All,35,adult,female,172,3,0,False
2024,All,35,adult,female,168,1,0,False
2024,All,35,adult,male,95,0,0,False
2024,All,35,adult,male,82,1,0,False
2024,All,58,adult,male,136,2,0,False
2024,All,42,adult,male,29,2,0,False
2024,All,18,youth,male,141,1,0,False
2024,All,18,youth,female,28,2,0,False
2024,All,28,adult,male,114,1,0,False
2024,All,28,adult,male,130,1,0,False
2024,All,42,adult,female,27,0,0,False
2024,All,28,adult,male,141,1,0,False
2024,All,22,youth,female,83,1,0,False
2024,All,35,adult,male,93,2,0,False
2024,All,22,youth,male,57,1,0,False
2024,All,42,adult,male,114,1,0,False
2024,All,18,youth,male,15,0,0,False
2024,All,18,youth,male,27,2,0,False
2024,All,28,adult,male,14,0,0,False
2024,All,35,adult,male,42,0,0,False
2024,All,28,adult,female,88,1,0,False
2024,All,58,adult,male,68,1,0,False
2024,All,22,youth,female,32,1,0,False
2024,All,22,youth,male,5,0,0,False
2024,All,28,adult,male,87,2,0,False
2024,All,28,adult,male,29,1,0,False
2024,All,18,youth,male,29,3,0,False
2024,All,22,youth,male,52,2,0,False
2024,All,28,adult,male,106,0,0,False
2024,All,35,adult,female,80,1,0,False
2024,All,18,youth,female,100,2,0,False
2024,All,50,adult,male,92,1,0,False
2024,All,35,adult,female,17,2,0,False
2024,All,28,adult,female,81,1,0,False
2024,All,35,adult,male,0,3,0,False
2024,All,50,adult,female,61,0,0,False
2024,All,65,adult,male,25,3,0,False
2024,All,18,youth,male,76,0,0,False
2024,All,42,adult,male,118,0,0,False
2024,All,28,adult,female,6,3,0,False
2024,All,35,adult,male,59,3,0,False
2024,All,18,youth,female,51,1,0,False
2024,All,35,adult,male,24,2,0,False
2024,All,58,adult,female,44,3,0,False
2024,All,50,adult,male,177,1,0,False
2024,All,42,adult,male,78,2,0,False
2024,All,35,adult,male,40,2,0,False
2024,All,22,youth,female,106,2,0,False
2024,All,42,adult,female,38,0,0,False
2024,All,18,youth,male,160,2,0,False
2024,All,42,adult,male,176,0,0,False
2024,All,42,adult,male,131,1,0,False
2024,All,22,youth,male,13,1,0,False
2024,All,50,adult,male,64,1,0,False
2024,All,42,adult,female,122,0,0,False
2024,All,35,adult,female,172,3,0,False
2024,All,22,youth,male,31,0,0,False
2024,All,42,adult,female,155,1,0,False
2024,All,42,adult,female,58,1,0,False
2024,All,18,youth,female,66,0,0,False
2024,All,35,adult,female,91,3,0,False
2024,All,35,adult,male,90,2,0,False
2024,All,28,adult,male,111,0,0,False
2024,All,42,adult,male,34,1,0,False
2024,All,50,adult,male,48,0,0,False
2024,All,28,adult,male,34,0,0,False
2024,All,42,adult,female,114,3,0,False
2024,All,35,adult,male,168,1,0,False
2024,All,42,adult,female,40,1,0,False
2024,All,42,adult,male,6,2,0,False
2024,All,28,adult,female,1,2,0,False
2024,All,35,adult,male,19,3,0,False
2024,All,58,adult,male,27,3,0,False
2024,All,22,youth,male,22,3,0,False
2024,All,18,youth,female,147,2,0,False
2024,All,35,adult,female,43,0,0,False
2024,All,18,youth,male,14,3,0,False
2024,All,22,youth,male,21,2,0,False
2024,All,22,youth,male,179,1,0,False
2024,All,42,adult,male,55,0,0,False
2024,All,28,adult,female,140,0,0,False
2024,All,28,adult,female,84,1,0,False
2024,All,35,adult,female,155,1,0,False
2024,All,22,youth,male,51,2,0,False
2024,All,50,adult,female,76,2,0,False
2024,All,28,adult,female,125,0,0,False
2024,All,42,adult,male,32,2,0,False
2024,All,42,adult,female,124,0,0,False
2024,All,22,youth,male,179,2,0,False
2024,All,42,adult,female,127,1,0,False
2024,All,35,adult,female,139,1,0,False
2024,All,28,adult,male,50,0,0,False
2024,All,50,adult,female,171,2,0,False
2024,All,28,adult,male,8,3,0,False
2024,All,22,youth,female,80,3,0,False
2024,All,35,adult,female,106,2,0,False
2024,All,28,adult,male,28,3,0,False
2024,All,28,adult,male,84,1,0,False
2024,All,42,adult,male,59,1,0,False
2024,All,42,adult,female,68,2,0,False
2024,All,35,adult,male,108,0,0,False
2024,All,58,adult,female,136,3,0,False
2024,All,22,youth,female,146,2,0,False
2024,All,18,youth,female,77,0,0,False
2024,All,35,adult,male,143,3,0,False
2024,All,42,adult,male,135,0,0,False
2024,All,18,youth,male,55,1,0,False
2024,All,42,adult,female,73,0,0,False
2024,All,42,adult,male,137,0,0,False
2024,All,18,youth,male,113,2,0,False
2024,All,35,adult,male,163,3,0,False
2024,All,58,adult,male,12,3,0,False
2024,All,35,adult,female,3,0,0,False
2024,All,35,adult,male,46,3,0,False
2024,All,50,adult,male,112,1,0,False
2024,All,28,adult,male,78,3,0,False
2024,All,35,adult,male,41,3,0,False
2024,All,42,adult,female,16,3,0,False
2024,All,35,adult,male,158,3,0,False
2024,All,18,youth,male,103,3,0,False
2024,All,35,adult,male,38,3,0,False
2024,All,22,youth,male,4,1,0,False
2024,All,42,adult,female,108,3,0,False
2024,All,28,adult,male,6,3,0,False
2024,All,35,adult,male,112,0,0,False
2024,All,35,adult,female,47,1,0,False
2024,All,28,adult,male,144,0,0,False
2024,All,42,adult,male,169,3,0,False
2024,All,42,adult,female,62,1,0,False
2024,All,50,adult,female,101,3,0,False
2024,All,28,adult,female,144,1,0,False
2024,All,35,adult,female,70,0,0,False
2024,All,35,adult,male,108,2,0,False
2024,All,65,adult,male,54,1,0,False
2024,All,58,adult,male,168,2,0,False
2024,All,42,adult,male,122,1,0,False
2024,All,18,youth,male,19,1,0,False
2024,All,50,adult,male,108,0,0,False
2024,All,28,adult,female,158,3,0,False
2024,All,42,adult,female,0,3,0,False
2024,All,22,youth,female,155,0,0,False
2024,All,35,adult,female,88,2,0,False
2024,All,50,adult,male,153,2,0,False
2024,All,65,adult,female,79,3,0,False
2024,All,42,adult,male,9,1,0,False
2024,All,18,youth,female,170,1,0,False
2024,All,42,adult,female,65,0,0,False
2024,All,42,adult,male,117,3,0,False
2024,All,58,adult,male,167,0,0,False
2024,All,35,adult,male,61,2,0,False
2024,All,28,adult,male,100,0,0,False
2024,All,18,youth,male,156,2,0,False
2024,All,28,adult,male,44,3,0,False
2024,All,58,adult,male,163,2,0,False
2024,All,18,youth,female,162,3,0,False
2024,All,18,youth,male,32,1,0,False
2024,All,35,adult,female,82,0,0,False
2024,All,22,youth,female,156,3,0,False
2024,All,28,adult,male,87,1,0,False
2024,All,35,adult,male,87,3,0,False
2024,All,28,adult,female,178,3,0,False
2024,All,35,adult,male,148,2,0,False
2024,All,28,adult,female,60,0,0,False
2024,All,58,adult,female,151,0,0,False
2024,All,50,adult,male,113,0,0,False
2024,All,42,adult,male,0,2,0,False
2024,All,28,adult,male,161,0,0,False
2024,All,22,youth,male,71,3,0,False
2024,All,28,adult,female,99,0,0,False
2024,All,35,adult,female,137,0,0,False
2024,All,35,adult,female,14,2,0,False
2024,All,22,youth,male,155,2,0,False
2024,All,35,adult,male,61,3,0,False
2024,All,18,youth,male,44,2,0,False
2024,All,18,youth,female,46,0,0,False
2024,All,28,adult,female,146,1,0,False
2024,All,50,adult,female,98,3,0,False
2024,All,22,youth,male,110,0,0,False
2024,All,50,adult,female,38,1,0,False
2024,All,50,adult,male,10,2,0,False
2024,All,35,adult,male,134,1,0,False
2024,All,50,adult,female,34,1,0,False
2024,All,50,adult,female,25,3,0,False
2024,All,42,adult,male,125,0,0,False
2024,All,50,adult,female,162,2,0,False
2024,All,50,adult,male,78,2,0,False
2024,All,28,adult,female,56,2,0,False
2024,All,42,adult,male,101,3,0,False
2024,All,58,adult,female,58,2,0,False
2024,All,28,adult,male,56,2,0,False
2024,All,22,youth,female,51,1,0,False
2024,All,42,adult,male,39,2,0,False
2024,All,28,adult,male,143,2,0,False
2024,All,35,adult,female,111,1,0,False
2024,All,18,youth,male,26,2,0,False
2024,All,28,adult,male,115,2,0,False
2024,All,28,adult,female,127,2,0,False
2024,All,18,youth,male,149,1,0,False
2024,All,28,adult,male,110,2,0,False
2024,All,42,adult,male,109,1,0,False
2024,All,42,adult,male,92,0,0,False
2024,All,42,adult,male,32,1,0,False
2024,All,18,youth,female,175,2,0,False
2024,All,58,adult,male,160,2,0,False
2024,All,42,adult,female,144,3,0,False
2024,All,42,adult,male,39,2,0,False
2024,All,28,adult,male,173,2,0,False
2024,All,35,adult,male,142,1,0,False
2024,All,50,adult,male,116,1,0,False
2024,All,42,adult,male,134,3,0,False
2024,All,35,adult,male,112,2,0,False
2024,All,35,adult,male,81,1,0,False
2024,All,28,adult,female,171,2,0,False
2024,All,35,adult,male,150,1,0,False
2024,All,35,adult,female,102,1,0,False
2024,All,28,adult,female,93,2,0,False
2024,All,35,adult,female,24,0,0,False
2024,All,58,adult,female,132,0,0,False
2024,All,28,adult,male,5,3,0,False
2024,All,35,adult,male,118,2,0,False
2024,All,35,adult,male,53,1,0,False
2024,All,35,adult,female,72,0,0,False
2024,All,50,adult,male,32,0,0,False
2024,All,28,adult,male,63,1,0,False
2024,All,35,adult,male,112,1,0,False
2024,All,35,adult,female,174,3,0,False
2024,All,28,adult,male,7,0,0,False
2024,All,42,adult,female,131,0,0,False
2024,All,22,youth,female,70,3,0,False
2024,All,65,adult,female,107,3,0,False
2024,All,35,adult,male,18,1,0,False
2024,All,28,adult,male,25,3,0,False
2024,All,28,adult,male,103,2,0,False
2024,All,22,youth,male,44,3,0,False
2024,All,28,adult,male,25,3,0,False
2024,All,18,youth,male,131,2,0,False
2024,All,22,youth,female,145,0,0,False
2024,All,35,adult,male,21,1,0,False
2024,All,35,adult,female,2,0,0,False
2024,All,28,adult,male,3,0,0,False
2024,All,28,adult,male,42,1,0,False
2024,All,42,adult,male,135,0,0,False
2024,All,35,adult,female,106,0,0,False
2024,All,42,adult,female,13,2,0,False
2024,All,22,youth,male,158,0,0,False
2024,All,42,adult,female,126,2,0,False
2024,All,35,adult,female,48,1,0,False
2024,All,42,adult,female,151,1,0,False
2024,All,22,youth,female,0,1,0,False
2024,All,42,adult,male,147,1,0,False
2024,All,22,youth,female,72,3,0,False
2024,All,50,adult,female,166,1,0,False
2024,All,35,adult,male,10,2,0,False
2024,All,22,youth,female,126,0,0,False
2024,All,42,adult,female,145,3,0,False
2024,All,28,adult,female,147,0,0,False
2024,All,28,adult,female,131,1,0,False
2024,All,22,youth,male,112,2,0,False
2024,All,65,adult,female,134,1,0,False
2024,All,65,adult,male,122,3,0,False
2024,All,28,adult,male,139,1,0,False
2024,All,42,adult,female,72,1,0,False
2024,All,50,adult,male,25,1,0,False
2024,All,18,youth,male,57,1,0,False
2024,All,18,youth,female,45,2,0,False
2024,All,28,adult,male,34,0,0,False
2024,All,35,adult,female,50,3,0,False
2024,All,58,adult,male,104,3,0,False
2024,All,28,adult,male,130,0,0,False
2024,All,42,adult,male,160,0,0,False
2024,All,22,youth,male,36,3,0,False
2024,All,42,adult,male,144,3,0,False
2024,All,35,adult,female,149,0,0,False
2024,All,35,adult,male,77,1,0,False
2024,All,58,adult,male,136,3,0,False
2024,All,35,adult,female,30,3,0,False
2024,All,42,adult,male,159,0,0,False
2024,All,28,adult,female,137,0,0,False
2024,All,22,youth,male,71,1,0,False
2024,All,35,adult,female,126,3,0,False
2024,All,22,youth,male,61,3,0,False
2024,All,35,adult,male,143,3,0,False
2024,All,28,adult,male,10,0,0,False
2024,All,42,adult,male,50,3,0,False
2024,All,22,youth,male,59,2,0,False
2024,All,22,youth,male,104,1,0,False
2024,All,42,adult,male,13,0,0,False
2024,All,28,adult,female,139,0,0,False
2024,All,28,adult,male,115,2,0,False
2024,All,22,youth,male,1,1,0,False
2024,All,28,adult,female,37,3,0,False
2024,All,18,youth,male,19,0,0,False
2024,All,35,adult,female,140,1,0,False
2024,All,22,youth,male,82,1,0,False
2024,All,22,youth,male,70,1,0,False
2024,All,18,youth,female,33,2,0,False
2024,All,28,adult,male,129,2,0,False
2024,All,50,adult,male,91,3,0,False
2024,All,35,adult,female,148,0,0,False
2024,All,28,adult,male,21,3,0,False
2024,All,50,adult,male,15,2,0,False
2024,All,35,adult,female,174,2,0,False
2024,All,50,adult,male,103,3,0,False
2024,All,42,adult,male,165,3,0,False
2024,All,35,adult,male,149,3,0,False
2024,All,58,adult,male,77,2,0,False
2024,All,35,adult,male,176,2,0,False
2024,All,35,adult,male,48,2,0,False
2024,All,58,adult,male,68,3,0,False
2024,All,28,adult,female,168,1,0,False
2024,All,35,adult,male,169,0,0,False
2024,All,28,adult,female,4,3,0,False
2024,All,28,adult,female,88,1,0,False
2024,All,22,youth,female,94,0,0,False
2024,All,18,youth,male,100,1,0,False
2024,All,22,youth,male,128,3,0,False
2024,All,22,youth,male,110,1,0,False
2024,All,35,adult,male,52,3,0,False
2024,All,18,youth,male,88,1,0,False
2024,All,35,adult,male,56,2,0,False
2024,All,35,adult,male,128,3,0,False
2024,All,42,adult,male,148,2,0,False
2024,All,22,youth,female,27,2,0,False
2024,All,42,adult,female,47,1,0,False
2024,All,35,adult,male,54,0,0,False
2024,All,35,adult,female,171,2,0,False
2024,All,35,adult,male,27,2,0,False
2024,All,35,adult,female,116,0,0,False
2024,All,42,adult,male,58,2,0,False
2024,All,50,adult,male,48,3,0,False
2024,All,50,adult,female,31,2,0,False
2024,All,18,youth,male,153,1,0,False
2024,All,42,adult,female,138,1,0,False
2024,All,28,adult,male,46,1,0,False
2024,All,50,adult,male,85,2,0,False
2024,All,22,youth,female,10,1,0,False
2024,All,58,adult,male,136,1,0,False
2024,All,28,adult,male,94,0,0,False
2024,All,28,adult,male,20,2,0,False
2024,All,18,youth,female,8,0,0,False
2024,All,50,adult,male,122,2,0,False
2024,All,50,adult,male,31,0,0,False
2024,All,28,adult,male,33,1,0,False
2024,All,35,adult,male,104,3,0,False
2024,All,28,adult,male,146,2,0,False
2024,All,35,adult,female,148,0,0,False
2024,All,18,youth,male,7,2,0,False
2024,All,50,adult,female,15,3,0,False
2024,All,35,adult,male,119,2,0,False
2024,All,28,adult,male,31,1,0,False
2024,All,28,adult,female,33,2,0,False
2024,All,18,youth,male,152,0,0,False
2024,All,50,adult,female,143,3,0,False
2024,All,35,adult,male,151,0,0,False
2024,All,22,youth,female,49,2,0,False
2024,All,50,adult,female,54,2,0,False
2024,All,42,adult,male,94,2,0,False
2024,All,28,adult,female,125,3,0,False
2024,All,18,youth,male,56,3,0,False
2024,All,22,youth,male,168,0,0,False
2024,All,28,adult,male,149,1,0,False
2024,All,22,youth,male,0,1,0,False
2024,All,42,adult,female,94,2,0,False
2024,All,28,adult,male,36,3,0,False
2024,All,50,adult,male,132,3,0,False
2024,All,28,adult,female,114,2,0,False
2024,All,18,youth,male,128,1,0,False
2024,All,35,adult,male,80,3,0,False
2024,All,18,youth,male,93,2,0,False
2024,All,22,youth,male,122,1,0,False
2024,All,65,adult,male,61,2,0,False
2024,All,22,youth,female,133,2,0,False
2024,All,28,adult,female,63,1,0,False
2024,All,18,youth,male,41,0,0,False
2024,All,18,youth,female,138,2,0,False
2024,All,28,adult,male,2,2,0,False
2024,All,65,adult,female,23,0,0,False
2024,All,28,adult,male,129,0,0,False
2024,All,22,youth,female,15,3,0,False
2024,All,22,youth,male,82,0,0,False
2024,All,42,adult,male,73,2,0,False
2024,All,35,adult,male,174,1,0,False
2024,All,65,adult,male,84,0,0,False
2024,All,35,adult,male,19,0,0,False
2024,All,35,adult,male,53,3,0,False
2024,All,28,adult,male,111,0,0,False
2024,All,58,adult,male,2,2,0,False
2024,All,35,adult,female,58,3,0,False
2024,All,28,adult,male,0,0,0,False
2024,All,35,adult,male,54,3,0,False
2024,All,42,adult,female,164,2,0,False
2024,All,58,adult,female,138,3,0,False
2024,All,50,adult,male,12,3,0,False
2024,All,50,adult,male,3,3,0,False
2024,All,58,adult,female,11,0,0,False
2024,All,28,adult,female,71,3,0,False
2024,All,18,youth,female,74,2,0,False
2024,All,18,youth,female,172,0,0,False
2024,All,35,adult,male,90,2,0,False
2024,All,50,adult,female,43,2,0,False
2024,All,22,youth,male,29,0,0,False
2024,All,50,adult,female,124,3,0,False
2024,All,22,youth,female,10,2,0,False
2024,All,18,youth,male,92,2,0,False
2024,All,18,youth,female,74,3,0,False
2024,All,35,adult,female,83,0,0,False
2024,All,35,adult,female,87,1,0,False
2024,All,18,youth,male,162,2,0,False
2024,All,35,adult,female,24,0,0,False
2024,All,22,youth,male,23,3,0,False
2024,All,28,adult,male,38,0,0,False
2024,All,58,adult,female,25,1,0,False
2024,All,28,adult,female,152,3,0,False
2024,All,22,youth,female,155,1,0,False
2024,All,35,adult,male,7,3,0,False
2024,All,22,youth,female,28,2,0,False
2024,All,50,adult,male,102,1,0,False
2024,All,35,adult,male,16,2,0,False
2024,All,28,adult,male,72,1,0,False
2024,All,58,adult,female,162,0,0,False
2024,All,35,adult,female,94,1,0,False
2024,All,58,adult,male,154,2,0,False
2024,All,58,adult,male,109,0,0,False
2024,All,42,adult,female,68,2,0,False
2024,All,22,youth,male,4,3,0,False
2024,All,22,youth,female,120,3,0,False
2024,All,28,adult,male,98,3,0,False
2024,All,35,adult,female,37,2,0,False
2024,All,28,adult,male,96,2,0,False
2024,All,50,adult,female,95,3,0,False
2024,All,50,adult,female,13,2,0,False
2024,All,35,adult,male,177,3,0,False
2024,All,28,adult,male,6,1,0,False
2024,All,22,youth,male,76,2,0,False
2024,All,28,adult,male,74,3,0,False
2024,All,35,adult,male,34,0,0,False
2024,All,42,adult,female,136,3,0,False
2024,All,35,adult,male,134,0,0,False
2024,All,35,adult,female,108,1,0,False
2024,All,50,adult,male,76,3,0,False
2024,All,18,youth,female,53,0,0,False
2024,All,22,youth,female,62,1,0,False
2024,All,58,adult,male,7,0,0,False
2024,All,22,youth,male,131,1,0,False
2024,All,28,adult,male,84,3,0,False
2024,All,22,youth,female,115,1,0,False
2024,All,42,adult,male,18,1,0,False
2024,All,50,adult,male,24,1,0,False
2024,All,28,adult,male,152,2,0,False
2024,All,22,youth,female,146,2,0,False
2024,All,35,adult,male,7,0,0,False
2024,All,35,adult,male,137,0,0,False
2024,All,28,adult,female,9,1,0,False
2024,All,42,adult,male,62,3,0,False
2024,All,28,adult,female,17,3,0,False
2024,All,35,adult,female,2,2,0,False
2024,All,35,adult,female,103,2,0,False
2024,All,35,adult,female,99,2,0,False
2024,All,58,adult,male,89,2,0,False
2024,All,35,adult,male,113,3,0,False
2024,All,22,youth,female,11,3,0,False
2024,All,28,adult,female,159,3,0,False
2024,All,22,youth,male,150,1,0,False
2024,All,42,adult,female,78,1,0,False
2024,All,28,adult,male,171,2,0,False
2024,All,28,adult,male,108,3,0,False
2024,All,35,adult,male,146,2,0,False
2024,All,42,adult,female,53,0,0,False
2024,All,35,adult,female,22,3,0,False
2024,All,28,adult,female,15,3,0,False
2024,All,18,youth,male,146,2,0,False
2024,All,58,adult,male,19,2,0,False
2024,All,42,adult,female,87,0,0,False
2024,All,42,adult,male,120,1,0,False
2024,All,35,adult,male,175,0,0,False
2024,All,35,adult,male,121,3,0,False
2024,All,42,adult,male,63,1,0,False
2024,All,22,youth,male,175,2,0,False
2024,All,50,adult,male,41,1,0,False
2024,All,35,adult,female,159,2,0,False
2024,All,42,adult,female,167,1,0,False
2024,All,22,youth,female,33,2,0,False
2024,All,42,adult,female,107,3,0,False
2024,All,42,adult,male,121,1,0,False
2024,All,28,adult,female,98,2,0,False
2024,All,58,adult,male,139,1,0,False
2024,All,35,adult,male,46,3,0,False
2024,All,35,adult,male,92,2,0,False
2024,All,42,adult,male,132,1,0,False
2024,All,22,youth,male,2,2,0,False
2024,All,35,adult,male,101,2,0,False
2024,All,18,youth,female,124,1,0,False
2024,All,42,adult,female,179,0,0,False
2024,All,18,youth,female,75,1,0,False
2024,All,18,youth,male,143,1,0,False
2024,All,35,adult,male,123,1,0,False
2024,All,42,adult,male,41,0,0,False
2024,All,42,adult,male,5,1,0,False
2024,All,18,youth,male,130,2,0,False
2024,All,58,adult,female,113,1,0,False
2024,All,42,adult,male,104,0,0,False
2024,All,42,adult,male,26,0,0,False
2024,All,18,youth,male,105,3,0,False
2024,All,50,adult,female,126,2,0,False
2024,All,42,adult,male,42,1,0,False
2024,All,35,adult,female,83,3,0,False
2024,All,28,adult,male,165,0,0,False
2024,All,18,youth,male,104,0,0,False
2024,All,28,adult,female,137,3,0,False
2024,All,58,adult,male,139,0,0,False
2024,All,22,youth,female,84,1,0,False
2024,All,42,adult,male,47,3,0,False
2024,All,18,youth,male,115,0,0,False
2024,All,28,adult,female,35,0,0,False
2024,All,22,youth,male,109,0,0,False
2024,All,28,adult,male,82,3,0,False
2024,All,35,adult,male,90,3,0,False
2024,All,42,adult,female,146,2,0,False
2024,All,22,youth,female,95,0,0,False
2024,All,35,adult,female,71,3,0,False
2024,All,42,adult,female,84,0,0,False
2024,All,22,youth,male,70,2,0,False
2024,All,35,adult,male,89,3,0,False
2024,All,35,adult,male,171,3,0,False
2024,All,42,adult,female,91,0,0,False
2024,All,22,youth,female,179,0,0,False
2024,All,35,adult,female,142,2,0,False
2024,All,35,adult,male,50,3,0,False
2024,All,28,adult,male,81,0,0,False
2024,All,35,adult,male,78,2,0,False
2024,All,22,youth,male,31,2,0,False
2024,All,35,adult,male,26,0,0,False
2024,All,50,adult,female,28,1,0,False
2024,All,35,adult,male,112,0,0,False
2024,All,58,adult,male,151,2,0,False
2024,All,28,adult,female,44,1,0,False
2024,All,42,adult,female,139,3,0,False
2024,All,22,youth,female,137,2,0,False
2024,All,35,adult,male,51,3,0,False
2024,All,42,adult,male,2,0,0,False
2024,All,28,adult,female,5,3,0,False
2024,All,35,adult,female,26,2,0,False
2024,All,58,adult,female,147,0,0,False
2024,All,35,adult,male,126,0,0,False
2024,All,50,adult,male,117,1,0,False
2024,All,58,adult,male,5,3,0,False
2024,All,28,adult,male,44,2,0,False
2024,All,42,adult,male,155,2,0,False
2024,All,50,adult,male,177,1,0,False
2024,All,28,adult,male,121,0,0,False
2024,All,42,adult,female,99,0,0,False
2024,All,42,adult,male,15,3,0,False
2024,All,18,youth,male,107,1,0,False
2024,All,35,adult,female,44,2,0,False
2024,All,42,adult,male,92,3,0,False
2024,All,18,youth,male,162,2,0,False
2024,All,35,adult,male,178,0,0,False
2024,All,18,youth,male,8,0,0,False
2024,All,35,adult,female,117,1,0,False
2024,All,50,adult,male,134,0,0,False
2024,All,28,adult,female,6,1,0,False
2024,All,18,youth,male,143,0,0,False
2024,All,42,adult,male,161,0,0,False
2024,All,22,youth,female,64,2,0,False
2024,All,22,youth,male,133,3,0,False
2024,All,50,adult,female,170,3,0,False
2024,All,22,youth,female,158,1,0,False
2024,All,22,youth,male,174,2,0,False
2024,All,18,youth,male,33,0,0,False
2024,All,35,adult,female,72,0,0,False
2024,All,42,adult,female,29,0,0,False
2024,All,18,youth,male,33,0,0,False
2024,All,50,adult,male,157,2,0,False
2024,All,35,adult,male,178,1,0,False
2024,All,18,youth,male,94,3,0,False
2024,All,42,adult,female,135,3,0,False
2024,All,42,adult,female,150,2,0,False
2024,All,28,adult,male,121,3,0,False
2024,All,35,adult,male,32,2,0,False
2024,All,42,adult,male,112,0,0,False
2024,All,35,adult,male,155,2,0,False
2024,All,28,adult,female,118,3,0,False
2024,All,50,adult,female,112,2,0,False
2024,All,42,adult,male,142,3,0,False
2024,All,42,adult,male,3,3,0,False
2024,All,35,adult,male,125,0,0,False
2024,All,35,adult,female,158,1,0,False
2024,All,28,adult,male,131,3,0,False
2024,All,28,adult,male,52,1,0,False
2024,All,28,adult,male,89,2,0,False
2024,All,35,adult,female,131,0,0,False
2024,All,50,adult,male,156,0,0,False
2024,All,18,youth,male,29,3,0,False
2024,All,28,adult,male,107,3,0,False
2024,All,58,adult,female,164,3,0,False
2024,All,35,adult,female,81,3,0,False
2024,All,35,adult,male,125,0,0,False
2024,All,42,adult,female,74,2,0,False
2024,All,65,adult,male,162,2,0,False
2024,All,18,youth,male,90,0,0,False
2024,All,50,adult,male,91,1,0,False
2024,All,22,youth,female,146,3,0,False
2024,All,18,youth,male,56,0,0,False
2024,All,50,adult,male,85,0,0,False
2024,All,35,adult,male,56,1,0,False
2024,All,28,adult,male,173,3,0,False
2024,All,35,adult,female,36,0,0,False
2024,All,35,adult,male,145,3,0,False
2024,All,28,adult,female,146,1,0,False
2024,All,42,adult,male,106,3,0,False
2024,All,28,adult,female,10,3,0,False
2024,All,28,adult,female,145,0,0,False
2024,All,65,adult,male,86,0,0,False
2024,All,35,adult,female,8,2,0,False
2024,All,35,adult,female,107,3,0,False
2024,All,35,adult,male,92,3,0,False
2024,All,18,youth,male,109,0,0,False
2024,All,18,youth,male,30,1,0,False
2024,All,42,adult,male,90,3,0,False
2024,All,58,adult,male,56,1,0,False
2024,All,22,youth,male,38,3,0,False
2024,All,28,adult,female,163,2,0,False
2024,All,28,adult,male,65,1,0,False
2024,All,28,adult,female,45,1,0,False
2024,All,28,adult,male,154,2,0,False
2024,All,35,adult,male,50,3,0,False
2024,All,35,adult,female,25,2,0,False
2024,All,58,adult,male,84,3,0,False
2024,All,42,adult,male,51,1,0,False
2024,All,42,adult,male,51,3,0,False
2024,All,42,adult,male,36,3,0,False
2024,All,18,youth,female,85,3,0,False
2024,All,22,youth,male,65,3,0,False
2024,All,22,youth,male,9,2,0,False
2024,All,18,youth,male,149,0,0,False
2024,All,50,adult,female,32,2,0,False
2024,All,35,adult,male,75,0,0,False
2024,All,22,youth,male,54,0,0,False
2024,All,18,youth,female,53,2,0,False
2024,All,35,adult,male,110,0,0,False
2024,All,42,adult,male,169,1,0,False
2024,All,22,youth,male,70,2,0,False
2024,All,58,adult,female,143,0,0,False
2024,All,42,adult,female,58,0,0,False
2024,All,42,adult,male,70,2,0,False
2024,All,28,adult,male,99,3,0,False
2024,All,28,adult,male,179,0,0,False
2024,All,42,adult,male,161,1,0,False
2024,All,42,adult,male,53,1,0,False
2024,All,18,youth,male,36,1,0,False
2024,All,42,adult,female,32,3,0,False
2024,All,35,adult,male,60,0,0,False
2024,All,35,adult,female,27,0,0,False
2024,All,42,adult,female,19,0,0,False
2024,All,22,youth,male,69,3,0,False
2024,All,18,youth,male,75,1,0,False
2024,All,58,adult,female,56,2,0,False
2024,All,58,adult,male,87,3,0,False
2024,All,42,adult,female,78,3,0,False
2024,All,28,adult,female,49,3,0,False
2024,All,50,adult,female,123,3,0,False
2024,All,35,adult,male,60,3,0,False
2024,All,58,adult,female,26,2,0,False
2024,All,22,youth,female,113,2,0,False
2024,All,28,adult,male,84,3,0,False
2024,All,35,adult,female,93,2,0,False
2024,All,18,youth,male,19,0,0,False
2024,All,42,adult,male,71,1,0,False
2024,All,35,adult,female,129,0,0,False
2024,All,42,adult,male,148,3,0,False
2024,All,42,adult,male,78,3,0,False
2024,All,22,youth,male,38,2,0,False
2024,All,18,youth,male,153,1,0,False
2024,All,28,adult,male,110,3,0,False
2024,All,42,adult,male,166,1,0,False
2024,All,35,adult,male,96,0,0,False
2024,All,35,adult,male,151,0,0,False
2024,All,28,adult,male,95,3,0,False
2024,All,22,youth,male,89,1,0,False
2024,All,42,adult,female,26,1,0,False
2024,All,35,adult,female,120,2,0,False
2024,All,42,adult,male,36,1,0,False
2024,All,22,youth,female,47,0,0,False
2024,All,22,youth,female,63,0,0,False
2024,All,58,adult,male,59,0,0,False
2024,All,35,adult,male,155,2,0,False
2024,All,28,adult,female,127,3,0,False
2024,All,22,youth,male,93,3,0,False
2024,All,58,adult,male,88,0,0,False
2024,All,28,adult,female,47,3,0,False
2024,All,22,youth,male,65,1,0,False
2024,All,58,adult,male,26,2,0,False
2024,All,65,adult,male,130,1,0,False
2024,All,35,adult,male,148,2,0,False
2024,All,28,adult,male,100,2,0,False
2024,All,42,adult,female,44,2,0,False
2024,All,35,adult,male,139,0,0,False
2024,All,50,adult,female,83,3,0,False
2024,All,18,youth,male,149,2,0,False
2024,All,50,adult,male,137,3,0,False
2024,All,50,adult,female,169,1,0,False
2024,All,42,adult,male,4,3,0,False
2024,All,42,adult,male,34,1,0,False
2024,All,28,adult,female,124,3,0,False
2024,All,42,adult,female,34,1,0,False
2024,All,42,adult,female,164,3,0,False
2024,All,50,adult,female,169,1,0,False
2024,All,18,youth,male,98,3,0,False
2024,All,35,adult,male,112,3,0,False
2024,All,18,youth,male,5,2,0,False
2024,All,50,adult,male,66,2,0,False
2024,All,42,adult,female,120,3,0,False
2024,All,18,youth,female,129,3,0,False
2024,All,42,adult,male,119,1,0,False
2024,All,58,adult,male,179,2,0,False
2024,All,22,youth,female,142,1,0,False
2024,All,22,youth,male,173,1,0,False
2024,All,42,adult,male,8,3,0,False
2024,All,35,adult,male,132,1,0,False
2024,All,28,adult,male,169,2,0,False
2024,All,35,adult,female,121,0,0,False
2024,All,28,adult,male,9,3,0,False
2024,All,50,adult,female,58,0,0,False
2024,All,42,adult,male,112,0,0,False
2024,All,22,youth,female,10,0,0,False
2024,All,18,youth,male,134,2,0,False
2024,All,35,adult,female,162,2,0,False
2024,All,28,adult,male,171,1,0,False
2024,All,18,youth,male,69,2,0,False
2024,All,58,adult,female,5,0,0,False
2024,All,42,adult,male,40,1,0,False
2024,All,28,adult,male,135,3,0,False
2024,All,18,youth,female,90,3,0,False
2024,All,42,adult,female,125,0,0,False
2024,All,28,adult,female,37,1,0,False
2024,All,28,adult,male,14,1,0,False
2024,All,50,adult,female,116,2,0,False
2024,All,42,adult,female,28,2,0,False
2024,All,28,adult,female,23,2,0,False
2024,All,28,adult,male,56,2,0,False
2024,All,35,adult,female,28,2,0,False
2024,All,58,adult,male,80,0,0,False
2024,All,58,adult,male,105,2,0,False
2024,All,35,adult,female,68,1,0,False
2024,All,35,adult,female,33,0,0,False
2024,All,22,youth,male,95,0,0,False
2024,All,18,youth,male,21,1,0,False
2024,All,50,adult,male,147,0,0,False
2024,All,42,adult,male,143,1,0,False
2024,All,42,adult,male,174,1,0,False
2024,All,58,adult,female,103,1,0,False
2024,All,22,youth,female,120,3,0,False
2024,All,42,adult,female,45,3,0,False
2024,All,22,youth,male,35,0,0,False
2024,All,35,adult,male,61,3,0,False
2024,All,35,adult,male,42,0,0,False
2024,All,22,youth,male,5,1,0,False
2024,All,35,adult,male,155,1,0,False
2024,All,35,adult,male,95,1,0,False
2024,All,18,youth,male,75,1,0,False
2024,All,18,youth,male,85,0,0,False
2024,All,42,adult,male,133,0,0,False
2024,All,35,adult,female,81,2,0,False
2024,All,18,youth,female,107,0,0,False
2024,All,42,adult,female,74,2,0,False
2024,All,28,adult,female,135,3,0,False
2024,All,58,adult,male,137,0,0,False
2024,All,18,youth,male,63,1,0,False
2024,All,35,adult,male,10,3,0,False
2024,All,28,adult,male,57,2,0,False
2024,All,58,adult,female,105,0,0,False
2024,All,28,adult,male,5,2,0,False
2024,All,22,youth,female,110,0,0,False
2024,All,28,adult,male,82,2,0,False
2024,All,42,adult,female,121,2,0,False
2024,All,28,adult,female,165,0,0,False
2024,All,18,youth,female,30,1,0,False
2024,All,28,adult,male,114,1,0,False
2024,All,18,youth,male,60,0,0,False
2024,All,58,adult,male,162,1,0,False
2024,All,28,adult,male,102,2,0,False
2024,All,28,adult,male,50,2,0,False
2024,All,28,adult,female,56,0,0,False
2024,All,42,adult,male,14,2,0,False
2024,All,42,adult,male,89,0,0,False
2024,All,50,adult,female,32,3,0,False
2024,All,18,youth,male,93,2,0,False
2024,All,42,adult,male,120,0,0,False
2024,All,18,youth,female,155,0,0,False
2024,All,35,adult,male,141,0,0,False
2024,All,42,adult,female,145,1,0,False
2024,All,35,adult,male,1,3,0,False
2024,All,42,adult,male,72,1,0,False
2024,All,28,adult,female,91,0,0,False
2024,All,28,adult,male,21,3,0,False
2024,All,28,adult,female,95,0,0,False
2024,All,22,youth,male,48,2,0,False
2024,All,22,youth,male,106,2,0,False
2024,All,28,adult,male,34,1,0,False
2024,All,35,adult,female,120,1,0,False
2024,All,50,adult,female,6,1,0,False
2024,All,35,adult,male,40,2,0,False
2024,All,28,adult,male,78,3,0,False
2024,All,65,adult,male,27,2,0,False
2024,All,22,youth,male,59,2,0,False
2024,All,50,adult,female,34,0,0,False
2024,All,22,youth,female,160,1,0,False
2024,All,22,youth,male,147,2,0,False
2024,All,42,adult,male,6,0,0,False
2024,All,42,adult,male,5,2,0,False
2024,All,28,adult,female,84,0,0,False
2024,All,65,adult,female,83,0,0,False
2024,All,35,adult,male,72,0,0,False
2024,All,42,adult,male,176,0,0,False
2024,All,42,adult,female,128,2,0,False
2024,All,50,adult,male,88,3,0,False
2024,All,28,adult,male,71,2,0,False
2024,All,58,adult,female,146,1,0,False
2024,All,18,youth,male,114,3,0,False
2024,All,18,youth,male,111,0,0,False
2024,All,22,youth,female,85,2,0,False
2024,All,35,adult,male,80,2,0,False
2024,All,58,adult,male,20,3,0,False
2024,All,42,adult,male,142,1,0,False
2024,All,35,adult,male,64,3,0,False
2024,All,22,youth,female,66,2,0,False
2024,All,18,youth,female,137,2,0,False
2024,All,50,adult,male,73,0,0,False
2024,All,22,youth,female,160,2,0,False
2024,All,28,adult,male,20,0,0,False
2024,All,35,adult,male,59,3,0,False
2024,All,28,adult,male,91,2,0,False
2024,All,22,youth,female,21,1,0,False
2024,All,50,adult,male,10,2,0,False
2024,All,42,adult,male,143,0,0,False
2024,All,35,adult,male,125,1,0,False
2024,All,22,youth,male,55,0,0,False
2024,All,58,adult,male,43,0,0,False
2024,All,28,adult,female,92,1,0,False
2024,All,28,adult,female,60,3,0,False
2024,All,35,adult,male,20,0,0,False
2024,All,42,adult,female,70,1,0,False
2024,All,28,adult,male,176,0,0,False
2024,All,28,adult,female,159,3,0,False
2024,All,35,adult,female,97,3,0,False
2024,All,50,adult,male,33,1,0,False
2024,All,42,adult,male,128,3,0,False
2024,All,65,adult,male,59,3,0,False
2024,All,22,youth,male,156,2,0,False
2024,All,42,adult,female,70,2,0,False
2024,All,28,adult,male,152,0,0,False
2024,All,35,adult,female,105,2,0,False
2024,All,42,adult,female,13,2,0,False
2024,All,35,adult,male,155,0,0,False
2024,All,58,adult,female,2,2,0,False
2024,All,18,youth,female,5,2,0,False
2024,All,22,youth,female,161,3,0,False
2024,All,35,adult,male,127,2,0,False
2024,All,42,adult,female,167,0,0,False
2024,All,35,adult,male,86,3,0,False
2024,All,35,adult,female,117,2,0,False
2024,All,50,adult,male,6,3,0,False
2024,All,35,adult,female,166,1,0,False
2024,All,22,youth,female,170,1,0,False
2024,All,28,adult,male,44,2,0,False
2024,All,58,adult,female,33,3,0,False
2024,All,35,adult,female,158,1,0,False
2024,All,42,adult,female,20,3,0,False
2024,All,22,youth,male,95,2,0,False
2024,All,58,adult,female,51,1,0,False
2024,All,28,adult,male,170,1,0,False
2024,All,22,youth,female,56,2,0,False
2024,All,18,youth,female,151,2,0,False
2024,All,22,youth,male,125,1,0,False
2024,All,18,youth,female,132,0,0,False
2024,All,22,youth,female,51,2,0,False
2024,All,22,youth,male,87,1,0,False
2024,All,65,adult,male,171,1,0,False
2024,All,18,youth,female,71,0,0,False
2024,All,35,adult,male,78,0,0,False
2024,All,42,adult,male,60,2,0,False
2024,All,18,youth,male,167,0,0,False
2024,All,42,adult,male,19,0,0,False
2024,All,28,adult,male,128,0,0,False
2024,All,22,youth,male,140,2,0,False
2024,All,18,youth,female,114,1,0,False
2024,All,18,youth,male,160,1,0,False
2024,All,35,adult,male,102,1,0,False
2024,All,28,adult,female,152,1,0,False
2024,All,42,adult,female,13,0,0,False
2024,All,22,youth,male,91,3,0,False
2024,All,22,youth,male,21,2,0,False
2024,All,28,adult,male,157,2,0,False
2024,All,42,adult,female,142,3,0,False
2024,All,28,adult,female,123,1,0,False
2024,All,28,adult,male,105,1,0,False
2024,All,22,youth,male,110,1,0,False
2024,All,22,youth,male,39,3,0,False
2024,All,18,youth,male,99,3,0,False
2024,All,42,adult,male,136,0,0,False
2024,All,42,adult,male,71,1,0,False
2024,All,28,adult,female,148,3,0,False
2024,All,50,adult,male,118,0,0,False
2024,All,50,adult,male,149,3,0,False
2024,All,22,youth,male,75,0,0,False
2024,All,42,adult,male,50,0,0,False
2024,All,35,adult,female,131,2,0,False
2024,All,35,adult,male,101,0,0,False
2024,All,28,adult,female,142,0,0,False
2024,All,42,adult,male,83,1,0,False
2024,All,28,adult,female,39,3,0,False
2024,All,22,youth,male,158,0,0,False
2024,All,35,adult,female,143,3,0,False
2024,All,22,youth,male,67,3,0,False
2024,All,42,adult,female,152,1,0,False
2024,All,18,youth,female,124,0,0,False
2024,All,18,youth,male,138,2,0,False
2024,All,22,youth,male,62,3,0,False
2024,All,42,adult,male,124,3,0,False
2024,All,50,adult,female,103,1,0,False
2024,All,28,adult,male,159,0,0,False
2024,All,35,adult,female,177,2,0,False
2024,All,35,adult,male,102,2,0,False
2024,All,22,youth,male,166,3,0,False
2024,All,50,adult,male,175,2,0,False
2024,All,50,adult,female,127,2,0,False
2024,All,22,youth,female,26,3,0,False
2024,All,22,youth,female,172,1,0,False
2024,All,22,youth,male,47,0,0,False
2024,All,50,adult,female,114,2,0,False
2024,All,42,adult,female,44,2,0,False
2024,All,35,adult,female,50,2,0,False
2024,All,22,youth,male,126,2,0,False
2024,All,22,youth,male,144,2,0,False
2024,All,22,youth,male,109,0,0,False
2024,All,42,adult,male,78,1,0,False
2024,All,28,adult,female,139,3,0,False
2024,All,35,adult,male,79,0,0,False
2024,All,28,adult,male,164,3,0,False
2024,All,28,adult,male,147,2,0,False
2024,All,42,adult,male,179,2,0,False
2024,All,35,adult,male,163,0,0,False
2024,All,18,youth,female,77,0,0,False
2024,All,22,youth,male,162,0,0,False
2024,All,28,adult,female,112,3,0,False
2024,All,22,youth,male,35,2,0,False
2024,All,35,adult,male,72,2,0,False
2024,All,42,adult,male,29,0,0,False
2024,All,42,adult,male,147,2,0,False
2024,All,18,youth,male,57,3,0,False
2024,All,28,adult,female,25,1,0,False
2024,All,35,adult,female,123,3,0,False
2024,All,28,adult,male,118,0,0,False
2024,All,28,adult,male,36,0,0,False
2024,All,22,youth,male,35,3,0,False
2024,All,35,adult,female,20,3,0,False
2024,All,58,adult,female,65,2,0,False
2024,All,28,adult,male,79,0,0,False
2024,All,50,adult,male,114,3,0,False
2024,All,22,youth,male,107,3,0,False
2024,All,28,adult,female,176,1,0,False
2024,All,28,adult,female,9,2,0,False
2024,All,35,adult,male,130,1,0,False
2024,All,35,adult,male,157,2,0,False
2024,All,58,adult,female,177,3,0,False
2024,All,58,adult,male,164,2,0,False
2024,All,18,youth,female,45,0,0,False
2024,All,42,adult,female,52,2,0,False
2024,All,35,adult,male,97,2,0,False
2024,All,18,youth,male,125,0,0,False
2024,All,28,adult,female,140,0,0,False
2024,All,22,youth,female,73,1,0,False
2024,All,18,youth,female,117,2,0,False
2024,All,28,adult,female,64,2,0,False
2024,All,42,adult,male,72,1,0,False
2024,All,35,adult,male,122,3,0,False
2024,All,35,adult,male,6,2,0,False
2024,All,42,adult,male,156,1,0,False
2024,All,42,adult,male,52,3,0,False
2024,All,28,adult,male,117,1,0,False
2024,All,42,adult,male,126,3,0,False
2024,All,18,youth,male,72,3,0,False
2024,All,35,adult,female,25,1,0,False
2024,All,65,adult,male,174,2,0,False
2024,All,28,adult,female,110,2,0,False
2024,All,18,youth,male,133,1,0,False
2024,All,18,youth,male,12,0,0,False
2024,All,28,adult,male,125,3,0,False
2024,All,18,youth,male,93,0,0,False
2024,All,28,adult,female,132,2,0,False
2024,All,18,youth,male,118,0,0,False
2024,All,22,youth,female,157,3,0,False
2024,All,35,adult,female,164,0,0,False
2024,All,22,youth,male,95,1,0,False
2024,All,50,adult,female,94,1,0,False
2024,All,42,adult,male,133,2,0,False
2024,All,42,adult,female,130,0,0,False
2024,All,18,youth,female,44,1,0,False
2024,All,42,adult,female,39,0,0,False
2024,All,22,youth,female,131,1,0,False
2024,All,18,youth,female,26,0,0,False
2024,All,65,adult,male,1,3,0,False
2024,All,35,adult,male,78,0,0,False
2024,All,28,adult,male,145,2,0,False
2024,All,35,adult,male,125,3,0,False
2024,All,58,adult,female,10,3,0,False
2024,All,65,adult,female,52,0,0,False
2024,All,28,adult,male,118,3,0,False
2024,All,35,adult,male,151,3,0,False
2024,All,28,adult,female,29,2,0,False
2024,All,58,adult,male,105,0,0,False
2024,All,35,adult,female,111,1,0,False
2024,All,22,youth,male,147,0,0,False
2024,All,22,youth,male,83,2,0,False
2024,All,35,adult,female,97,0,0,False
2024,All,35,adult,male,36,0,0,False
2024,All,42,adult,female,58,3,0,False
2024,All,28,adult,male,31,1,0,False
2024,All,35,adult,male,70,1,0,False
2024,All,28,adult,female,51,2,0,False
2024,All,28,adult,female,152,1,0,False
2024,All,50,adult,female,143,0,0,False
2024,All,42,adult,female,140,3,0,False
2024,All,22,youth,female,78,2,0,False
2024,All,22,youth,female,21,3,0,False
2024,All,18,youth,male,39,1,0,False
2024,All,42,adult,male,99,2,0,False
2024,All,35,adult,male,20,2,0,False
2024,All,42,adult,male,123,1,0,False
2024,All,58,adult,male,131,1,0,False
2024,All,22,youth,male,160,0,0,False
2024,All,18,youth,male,119,0,0,False
2024,All,22,youth,female,155,2,0,False
2024,All,50,adult,female,56,3,0,False
2024,All,22,youth,male,98,3,0,False
2024,All,22,youth,male,155,3,0,False
2024,All,35,adult,male,88,0,0,False
2024,All,35,adult,female,21,1,0,False
2024,All,50,adult,female,83,3,0,False
2024,All,18,youth,female,148,2,0,False
2024,All,28,adult,female,48,3,0,False
2024,All,42,adult,male,3,1,0,False
2024,All,18,youth,male,120,0,0,False
2024,All,35,adult,male,6,2,0,False
2024,All,28,adult,male,165,1,0,False
2024,All,42,adult,male,84,2,0,False
2024,All,35,adult,male,85,3,0,False
2024,All,35,adult,male,136,2,0,False
2024,All,42,adult,male,34,3,0,False
2024,All,42,adult,female,104,3,0,False
2024,All,18,youth,male,152,1,0,False
2024,All,35,adult,female,75,1,0,False
2024,All,42,adult,male,139,3,0,False
2024,All,22,youth,male,4,0,0,False
2024,All,50,adult,female,130,2,0,False
2024,All,35,adult,male,178,1,0,False
2024,All,35,adult,female,48,3,0,False
2024,All,22,youth,female,32,0,0,False
2024,All,22,youth,female,154,2,0,False
2024,All,18,youth,male,144,2,0,False
2024,All,65,adult,male,31,2,0,False
2024,All,58,adult,male,123,0,0,False
2024,All,28,adult,female,107,0,0,False
2024,All,35,adult,female,1,0,0,False
2024,All,35,adult,female,102,1,0,False
2024,All,50,adult,male,173,2,0,False
2024,All,42,adult,female,172,1,0,False
2024,All,58,adult,female,118,0,0,False
2024,All,35,adult,female,46,1,0,False
2024,All,28,adult,male,13,0,0,False
2024,All,28,adult,female,163,0,0,False
2024,All,35,adult,male,39,3,0,False
2024,All,35,adult,female,176,0,0,False
2024,All,35,adult,female,169,2,0,False
2024,All,28,adult,male,168,3,0,False
2024,All,42,adult,female,33,2,0,False
2024,All,18,youth,female,28,1,0,False
2024,All,42,adult,male,26,0,0,False
2024,All,50,adult,female,3,2,0,False
2024,All,28,adult,male,54,3,0,False
2024,All,35,adult,male,10,0,0,False
2024,All,18,youth,male,158,2,0,False
2024,All,35,adult,female,69,2,0,False
2024,All,28,adult,male,6,2,0,False
2024,All,35,adult,female,58,1,0,False
2024,All,42,adult,male,110,0,0,False
2024,All,28,adult,female,169,0,0,False
2024,All,18,youth,female,90,0,0,False
2024,All,22,youth,male,39,2,0,False
2024,All,22,youth,male,70,2,0,False
2024,All,35,adult,male,126,1,0,False
2024,All,28,adult,female,37,0,0,False
2024,All,28,adult,female,71,2,0,False
2024,All,22,youth,male,7,0,0,False
2024,All,28,adult,male,44,0,0,False
2024,All,35,adult,female,90,0,0,False
2024,All,28,adult,male,63,1,0,False
2024,All,28,adult,female,99,3,0,False
2024,All,35,adult,male,28,3,0,False
2024,All,65,adult,male,173,3,0,False
2024,All,22,youth,male,69,3,0,False
2024,All,42,adult,male,157,0,0,False
2024,All,42,adult,female,174,3,0,False
2024,All,18,youth,male,78,0,0,False
2024,All,50,adult,male,103,0,0,False
2024,All,18,youth,female,175,3,0,False
2024,All,35,adult,male,11,3,0,False
2024,All,28,adult,female,100,3,0,False
2024,All,28,adult,male,3,3,0,False
2024,All,35,adult,female,50,1,0,False
2024,All,58,adult,female,83,0,0,False
2024,All,28,adult,female,168,2,0,False
2024,All,28,adult,male,108,3,0,False
2024,All,35,adult,female,137,2,0,False
2024,All,58,adult,female,107,3,0,False
2024,All,50,adult,female,166,1,0,False
2024,All,35,adult,male,119,1,0,False
2024,All,50,adult,male,13,2,0,False
2024,All,18,youth,female,19,1,0,False
2024,All,28,adult,male,50,0,0,False
2024,All,65,adult,female,53,0,0,False
2024,All,22,youth,male,89,1,0,False
2024,All,42,adult,female,165,3,0,False
2024,All,22,youth,female,34,3,0,False
2024,All,18,youth,male,131,3,0,False
2024,All,18,youth,male,56,0,0,False
2024,All,50,adult,male,76,2,0,False
2024,All,65,adult,male,98,1,0,False
2024,All,35,adult,male,157,2,0,False
2024,All,22,youth,female,151,1,0,False
2024,All,18,youth,female,21,0,0,False
2024,All,28,adult,male,53,0,0,False
2024,All,18,youth,male,28,1,0,False
2024,All,50,adult,female,68,1,0,False
2024,All,18,youth,male,92,3,0,False
2024,All,42,adult,female,126,2,0,False
2024,All,58,adult,female,25,3,0,False
2024,All,50,adult,male,32,3,0,False
2024,All,18,youth,male,164,0,0,False
2024,All,28,adult,male,128,0,0,False
2024,All,42,adult,male,74,0,0,False
2024,All,28,adult,female,119,0,0,False
2024,All,35,adult,male,129,0,0,False
2024,All,42,adult,male,147,3,0,False
2024,All,28,adult,male,37,2,0,False
2024,All,28,adult,female,3,2,0,False
2024,All,35,adult,male,37,0,0,False
2024,All,28,adult,male,111,0,0,False
2024,All,50,adult,female,57,3,0,False
2024,All,18,youth,female,146,2,0,False
2024,All,42,adult,female,48,2,0,False
2024,All,42,adult,male,37,1,0,False
2024,All,22,youth,female,69,0,0,False
2024,All,28,adult,male,154,2,0,False
2024,All,28,adult,male,60,0,0,False
2024,All,42,adult,male,90,0,0,False
2024,All,35,adult,female,2,2,0,False
2024,All,58,adult,female,59,1,0,False
2024,All,28,adult,male,81,0,0,False
2024,All,50,adult,female,169,1,0,False
2024,All,42,adult,female,114,1,0,False
2024,All,28,adult,female,24,0,0,False
2024,All,18,youth,female,23,1,0,False
2024,All,18,youth,male,64,2,0,False
2024,All,18,youth,male,59,3,0,False
2024,All,22,youth,female,164,2,0,False
2024,All,50,adult,male,112,3,0,False
2024,All,35,adult,male,40,2,0,False
2024,All,50,adult,male,106,0,0,False
2024,All,50,adult,female,88,3,0,False
2024,All,50,adult,female,144,0,0,False
2024,All,28,adult,male,23,1,0,False
2024,All,50,adult,male,99,2,0,False
2024,All,50,adult,male,125,2,0,False
2024,All,35,adult,male,32,3,0,False
2024,All,28,adult,female,72,2,0,False
2024,All,18,youth,male,22,1,0,False
2024,All,22,youth,female,64,2,0,False
2024,All,18,youth,male,124,1,0,False
2024,All,28,adult,male,95,2,0,False
2024,All,22,youth,female,6,1,0,False
2024,All,28,adult,male,109,2,0,False
2024,All,28,adult,male,29,1,0,False
2024,All,35,adult,female,177,2,0,False
2024,All,50,adult,female,175,3,0,False
2024,All,18,youth,male,174,3,0,False
2024,All,50,adult,male,41,2,0,False
2024,All,58,adult,male,38,0,0,False
2024,All,28,adult,male,31,1,0,False
2024,All,35,adult,female,125,1,0,False
2024,All,35,adult,male,75,1,0,False
2024,All,42,adult,male,102,1,0,False
2024,All,35,adult,male,29,0,0,False
2024,All,28,adult,male,80,2,0,False
2024,All,28,adult,female,14,1,0,False
2024,All,28,adult,male,86,2,0,False
2024,All,58,adult,female,60,1,0,False
2024,All,28,adult,male,37,3,0,False
2024,All,35,adult,female,84,0,0,False
2024,All,35,adult,male,42,2,0,False
2024,All,28,adult,male,170,0,0,False
2024,All,42,adult,male,38,0,0,False
2024,All,42,adult,female,147,2,0,False
2024,All,35,adult,male,136,0,0,False
2024,All,58,adult,male,128,3,0,False
2024,All,28,adult,female,166,0,0,False
2024,All,28,adult,female,135,1,0,False
2024,All,35,adult,male,127,0,0,False
2024,All,42,adult,male,63,0,0,False
2024,All,42,adult,male,161,1,0,False
2024,All,28,adult,female,29,3,0,False
2024,All,22,youth,female,178,3,0,False
2024,All,35,adult,male,32,3,0,False
2024,All,28,adult,female,158,1,0,False
2024,All,22,youth,male,7,2,0,False
2024,All,22,youth,female,55,0,0,False
2024,All,35,adult,female,40,3,0,False
2024,All,28,adult,male,11,1,0,False
2024,All,50,adult,male,83,3,0,False
2024,All,50,adult,female,67,3,0,False
2024,All,42,adult,male,125,2,0,False
2024,All,42,adult,female,103,1,0,False
2024,All,65,adult,male,177,1,0,False
2024,All,28,adult,female,7,3,0,False
2024,All,42,adult,male,141,1,0,False
2024,All,42,adult,male,131,1,0,False
2024,All,50,adult,female,100,2,0,False
2024,All,35,adult,female,41,1,0,False
2024,All,35,adult,female,97,2,0,False
2024,All,42,adult,male,80,3,0,False
2024,All,58,adult,female,64,1,0,False
2024,All,18,youth,male,104,3,0,False
2024,All,42,adult,female,152,0,0,False
2024,All,35,adult,female,120,0,0,False
2024,All,42,adult,male,1,0,0,False
2024,All,28,adult,male,38,0,0,False
2024,All,50,adult,female,120,0,0,False
2024,All,28,adult,female,133,0,0,False
2024,All,35,adult,female,16,2,0,False
2024,All,50,adult,male,27,3,0,False
2024,All,22,youth,female,161,2,0,False
2024,All,22,youth,male,30,2,0,False
2024,All,22,youth,male,95,1,0,False
2024,All,28,adult,male,105,1,0,False
2024,All,50,adult,male,122,3,0,False
2024,All,42,adult,female,148,3,0,False
2024,All,22,youth,male,26,1,0,False
2024,All,22,youth,male,78,0,0,False
2024,All,35,adult,female,71,0,0,False
2024,All,28,adult,male,53,1,0,False
2024,All,50,adult,female,30,1,0,False
2024,All,28,adult,male,47,0,0,False
2024,All,50,adult,female,123,3,0,False
2024,All,18,youth,female,38,1,0,False
2024,All,42,adult,female,34,0,0,False
2024,All,42,adult,female,19,0,0,False
2024,All,65,adult,male,64,1,0,False
2024,All,50,adult,male,154,3,0,False
2024,All,28,adult,female,153,0,0,False
2024,All,35,adult,male,86,0,0,False
2024,All,28,adult,male,121,2,0,False
2024,All,28,adult,male,164,3,0,False
2024,All,18,youth,male,62,3,0,False
2024,All,22,youth,male,100,2,0,False
2024,All,28,adult,female,39,1,0,False
2024,All,18,youth,male,114,1,0,False
2024,All,18,youth,male,81,1,0,False
2024,All,35,adult,male,69,2,0,False
2024,All,28,adult,male,152,3,0,False
2024,All,42,adult,female,66,3,0,False
2024,All,35,adult,male,134,0,0,False
2024,All,18,youth,male,14,0,0,False
2024,All,42,adult,male,76,2,0,False
2024,All,42,adult,female,133,3,0,False
2024,All,28,adult,female,91,3,0,False
2024,All,50,adult,male,46,3,0,False
2024,All,22,youth,male,108,2,0,False
2024,All,22,youth,female,177,3,0,False
2024,All,58,adult,female,137,0,0,False
2024,All,50,adult,male,105,1,0,False
2024,All,35,adult,male,66,2,0,False
2024,All,50,adult,female,67,3,0,False
2024,All,65,adult,male,161,3,0,False
2024,All,42,adult,male,65,0,0,False
2024,All,58,adult,male,71,1,0,False
2024,All,18,youth,female,115,2,0,False
2024,All,28,adult,female,153,3,0,False
2024,All,42,adult,male,62,2,0,False
2024,All,42,adult,male,153,0,0,False
2024,All,35,adult,male,40,2,0,False
2024,All,28,adult,female,33,3,0,False
2024,All,35,adult,male,139,2,0,False
2024,All,22,youth,female,179,1,0,False
2024,All,42,adult,male,142,0,0,False
2024,All,50,adult,male,50,3,0,False
2024,All,22,youth,female,114,3,0,False
2024,All,35,adult,female,74,0,0,False
2024,All,50,adult,male,33,1,0,False
2024,All,50,adult,male,4,1,0,False
2024,All,28,adult,male,36,2,0,False
2024,All,35,adult,male,163,1,0,False
2024,All,50,adult,male,2,1,0,False
2024,All,18,youth,male,75,3,0,False
2024,All,35,adult,male,70,0,0,False
2024,All,58,adult,female,62,2,0,False
2024,All,18,youth,female,73,0,0,False
2024,All,28,adult,male,24,3,0,False
2024,All,28,adult,male,165,1,0,False
2024,All,42,adult,male,64,1,0,False
2024,All,35,adult,female,72,3,0,False
2024,All,18,youth,male,98,3,0,False
2024,All,42,adult,male,167,3,0,False
2024,All,35,adult,female,171,0,0,False
2024,All,50,adult,male,115,3,0,False
2024,All,50,adult,male,20,2,0,False
2024,All,22,youth,male,113,2,0,False
2024,All,50,adult,male,65,3,0,False
2024,All,35,adult,male,21,0,0,False
2024,All,50,adult,female,121,2,0,False
2024,All,18,youth,male,11,3,0,False
2024,All,50,adult,male,32,1,0,False
2024,All,28,adult,male,84,1,0,False
2024,All,22,youth,female,0,1,0,False
2024,All,58,adult,male,40,2,0,False
2024,All,50,adult,female,28,2,0,False
2024,All,18,youth,male,143,1,0,False
2024,All,35,adult,male,145,2,0,False
2024,All,28,adult,female,148,1,0,False
2024,All,58,adult,male,29,2,0,False
2024,All,42,adult,male,72,1,0,False
2024,All,42,adult,male,131,3,0,False
2024,All,28,adult,female,86,3,0,False
2024,All,35,adult,male,1,1,0,False
2024,All,58,adult,male,159,1,0,False
2024,All,28,adult,female,152,3,0,False
2024,All,28,adult,male,31,3,0,False
2024,All,28,adult,male,103,0,0,False
2024,All,58,adult,male,24,2,0,False
2024,All,58,adult,female,49,0,0,False
2024,All,42,adult,female,121,2,0,False
2024,All,42,adult,female,146,2,0,False
2024,All,42,adult,male,64,1,0,False
2024,All,42,adult,male,97,3,0,False
2024,All,35,adult,female,82,1,0,False
2024,All,18,youth,female,140,1,0,False
2024,All,28,adult,female,150,0,0,False
2024,All,42,adult,male,130,3,0,False
2024,All,22,youth,female,172,1,0,False
2024,All,50,adult,male,51,0,0,False
2024,All,22,youth,male,99,0,0,False
2024,All,22,youth,male,151,1,0,False
2024,All,28,adult,male,30,1,0,False
2024,All,28,adult,male,150,3,0,False
2024,All,42,adult,male,175,2,0,False
2024,All,28,adult,male,148,2,0,False
2024,All,58,adult,male,73,3,0,False
2024,All,35,adult,male,83,1,0,False
2024,All,35,adult,male,137,2,0,False
2024,All,42,adult,female,21,2,0,False
2024,All,22,youth,male,126,3,0,False
2024,All,65,adult,male,58,1,0,False
2024,All,22,youth,male,83,1,0,False
2024,All,22,youth,male,152,0,0,False
2024,All,58,adult,male,77,2,0,False
2024,All,42,adult,male,36,2,0,False
2024,All,18,youth,male,136,1,0,False
2024,All,22,youth,male,26,2,0,False
2024,All,22,youth,female,132,1,0,False
2024,All,50,adult,male,158,0,0,False
2024,All,28,adult,male,150,2,0,False
2024,All,28,adult,male,75,1,0,False
2024,All,35,adult,female,141,2,0,False
2024,All,28,adult,male,160,1,0,False
2024,All,28,adult,female,153,0,0,False
2024,All,50,adult,male,75,3,0,False
2024,All,22,youth,male,91,2,0,False
2024,All,28,adult,male,133,1,0,False
2024,All,65,adult,male,23,0,0,False
2024,All,42,adult,male,24,3,0,False
2024,All,28,adult,male,83,0,0,False
2024,All,50,adult,female,4,1,0,False
2024,All,22,youth,female,97,1,0,False
2024,All,28,adult,male,40,2,0,False
2024,All,18,youth,female,176,0,0,False
2024,All,58,adult,female,2,2,0,False
2024,All,18,youth,female,156,0,0,False
2024,All,42,adult,male,16,3,0,False
2024,All,50,adult,male,20,1,0,False
2024,All,50,adult,male,26,2,0,False
2024,All,28,adult,male,43,1,0,False
2024,All,22,youth,male,110,0,0,False
2024,All,35,adult,female,18,1,0,False
2024,All,42,adult,male,120,1,0,False
2024,All,28,adult,male,41,0,0,False
2024,All,42,adult,female,140,2,0,False
2024,All,22,youth,male,8,3,0,False
2024,All,22,youth,female,130,0,0,False
2024,All,42,adult,female,162,0,0,False
2024,All,35,adult,male,59,1,0,False
2024,All,50,adult,male,121,2,0,False
2024,All,28,adult,male,59,2,0,False
2024,All,42,adult,female,25,3,0,False
2024,All,50,adult,male,32,2,0,False
2024,All,28,adult,male,27,1,0,False
2024,All,58,adult,male,158,1,0,False
2024,All,22,youth,male,31,2,0,False
2024,All,28,adult,male,84,3,0,False
2024,All,42,adult,male,106,1,0,False
2024,All,42,adult,male,144,2,0,False
2024,All,35,adult,female,153,2,0,False
2024,All,35,adult,female,96,2,0,False
2024,All,35,adult,male,75,2,0,False
2024,All,35,adult,female,5,3,0,False
2024,All,22,youth,male,156,0,0,False
2024,All,42,adult,female,17,2,0,False
2024,All,28,adult,female,179,2,0,False
2024,All,18,youth,male,124,3,0,False
2024,All,50,adult,female,5,2,0,False
2024,All,18,youth,female,84,3,0,False
2024,All,50,adult,male,27,3,0,False
2024,All,18,youth,male,55,3,0,False
2024,All,18,youth,male,29,1,0,False
2024,All,22,youth,female,69,1,0,False
2024,All,18,youth,female,91,2,0,False
2024,All,35,adult,male,9,1,0,False
2024,All,28,adult,female,146,2,0,False
2024,All,28,adult,female,59,1,0,False
2024,All,35,adult,male,48,1,0,False
2024,All,28,adult,female,72,2,0,False
2024,All,35,adult,female,101,0,0,False
2024,All,18,youth,male,20,2,0,False
2024,All,42,adult,male,136,0,0,False
2024,All,22,youth,female,110,3,0,False
2024,All,22,youth,female,162,3,0,False
2024,All,50,adult,male,26,2,0,False
2024,All,28,adult,male,28,0,0,False
2024,All,35,adult,male,84,2,0,False
2024,All,28,adult,male,94,0,0,False
2024,All,35,adult,male,46,1,0,False
2024,All,28,adult,female,57,3,0,False
2024,All,28,adult,female,73,0,0,False
2024,All,18,youth,female,173,1,0,False
2024,All,42,adult,male,75,3,0,False
2024,All,42,adult,male,89,0,0,False
2024,All,42,adult,male,36,3,0,False
2024,All,35,adult,male,157,2,0,False
2024,All,28,adult,male,179,1,0,False
2024,All,58,adult,female,120,0,0,False
2024,All,35,adult,male,38,0,0,False
2024,All,65,adult,female,25,0,0,False
2024,All,35,adult,female,2,1,0,False
2024,All,50,adult,male,39,2,0,False
2024,All,35,adult,male,171,3,0,False
2024,All,35,adult,male,16,0,0,False
2024,All,18,youth,female,93,2,0,False
2024,All,35,adult,male,169,3,0,False
2024,All,50,adult,male,46,1,0,False
2024,All,28,adult,female,34,3,0,False
2024,All,18,youth,female,23,0,0,False
2024,All,28,adult,female,152,1,0,False
2024,All,18,youth,male,174,0,0,False
2024,All,42,adult,male,79,3,0,False
2024,All,18,youth,male,61,3,0,False
2024,All,35,adult,female,56,2,0,False
2024,All,28,adult,female,126,1,0,False
2024,All,42,adult,female,122,1,0,False
2024,All,58,adult,male,15,1,0,False
2024,All,50,adult,female,59,2,0,False
2024,All,22,youth,male,28,1,0,False
2024,All,18,youth,female,76,3,0,False
2024,All,35,adult,male,64,3,0,False
2024,All,22,youth,female,97,3,0,False
2024,All,35,adult,male,136,0,0,False
2024,All,22,youth,female,56,1,0,False
2024,All,35,adult,female,85,1,0,False
2024,All,22,youth,male,27,1,0,False
2024,All,22,youth,male,20,3,0,False
2024,All,18,youth,male,53,1,0,False
2024,All,28,adult,female,16,0,0,False
2024,All,42,adult,male,94,1,0,False
2024,All,22,youth,female,178,1,0,False
2024,All,28,adult,female,136,0,0,False
2024,All,22,youth,female,6,1,0,False
2024,All,28,adult,male,50,0,0,False
2024,All,35,adult,male,25,3,0,False
2024,All,50,adult,male,56,2,0,False
2024,All,22,youth,male,33,2,0,False
2024,All,42,adult,male,83,2,0,False
2024,All,42,adult,male,3,3,0,False
2024,All,58,adult,male,47,0,0,False
2024,All,35,adult,female,17,3,0,False
2024,All,50,adult,male,93,1,0,False
2024,All,35,adult,female,100,3,0,False
2024,All,35,adult,male,74,2,0,False
2024,All,65,adult,male,47,2,0,False
2024,All,50,adult,male,38,0,0,False
2024,All,28,adult,male,37,1,0,False
2024,All,35,adult,male,154,0,0,False
2024,All,28,adult,male,1,0,0,False
2024,All,28,adult,male,100,0,0,False
2024,All,22,youth,male,75,0,0,False
2024,All,35,adult,male,170,0,0,False
2024,All,42,adult,female,142,0,0,False
2024,All,28,adult,male,140,2,0,False
2024,All,42,adult,male,124,0,0,False
2024,All,50,adult,male,7,2,0,False
2024,All,58,adult,male,59,0,0,False
2024,All,28,adult,male,30,2,0,False
2024,All,35,adult,male,133,3,0,False
2024,All,42,adult,male,174,3,0,False
2024,All,28,adult,male,169,3,0,False
2024,All,35,adult,female,123,1,0,False
2024,All,42,adult,male,124,1,0,False
2024,All,18,youth,male,4,3,0,False
2024,All,50,adult,male,33,3,0,False
2024,All,28,adult,female,8,1,0,False
2024,All,35,adult,female,152,3,0,False
2024,All,22,youth,male,0,0,0,False
2024,All,35,adult,female,105,3,0,False
2024,All,28,adult,female,137,3,0,False
2024,All,22,youth,male,144,1,0,False
2024,All,28,adult,female,148,2,0,False
2024,All,65,adult,female,91,1,0,False
2024,All,50,adult,female,100,3,0,False
2024,All,28,adult,male,9,3,0,False
2024,All,18,youth,male,112,0,0,False
2024,All,42,adult,male,58,2,0,False
2024,All,22,youth,male,172,0,0,False
2024,All,18,youth,male,129,0,0,False
2024,All,35,adult,female,12,0,0,False
2024,All,35,adult,female,148,0,0,False
2024,All,42,adult,female,125,2,0,False
2024,All,18,youth,male,95,1,0,False
2024,All,35,adult,male,102,3,0,False
2024,All,18,youth,male,172,2,0,False
2024,All,58,adult,male,41,0,0,False
2024,All,35,adult,male,69,0,0,False
2024,All,58,adult,male,119,1,0,False
2024,All,50,adult,female,84,2,0,False
2024,All,50,adult,male,66,0,0,False
2024,All,18,youth,male,98,3,0,False
2024,All,58,adult,male,64,0,0,False
2024,All,28,adult,female,78,0,0,False
2024,All,18,youth,female,7,1,0,False
2024,All,22,youth,male,50,0,0,False
2024,All,28,adult,male,62,1,0,False
2024,All,65,adult,male,126,2,0,False
2024,All,28,adult,male,137,0,0,False
2024,All,28,adult,female,100,3,0,False
2024,All,42,adult,female,119,3,0,False
2024,All,28,adult,male,105,1,0,False
2024,All,35,adult,female,148,3,0,False
2024,All,42,adult,female,124,0,0,False
2024,All,22,youth,female,110,1,0,False
2024,All,28,adult,female,177,0,0,False
2024,All,50,adult,male,4,0,0,False
2024,All,28,adult,male,20,3,0,False
2024,All,18,youth,female,58,1,0,False
2024,All,42,adult,female,45,3,0,False
2024,All,28,adult,male,96,3,0,False
2024,All,42,adult,female,17,2,0,False
2024,All,28,adult,male,35,3,0,False
2024,All,22,youth,female,173,1,0,False
2024,All,28,adult,male,34,3,0,False
2024,All,35,adult,female,81,1,0,False
2024,All,18,youth,male,104,3,0,False
2024,All,35,adult,female,79,3,0,False
2024,All,50,adult,female,159,3,0,False
2024,All,35,adult,male,19,2,0,False
2024,All,35,adult,female,83,0,0,False
2024,All,18,youth,female,160,0,0,False
2024,All,50,adult,female,88,1,0,False
2024,All,58,adult,female,133,1,0,False
2024,All,18,youth,male,119,1,0,False
2024,All,22,youth,male,92,0,0,False
2024,All,28,adult,female,143,0,0,False
2024,All,65,adult,male,6,1,0,False
2024,All,50,adult,male,142,0,0,False
2024,All,28,adult,male,91,1,0,False
2024,All,42,adult,female,178,0,0,False
2024,All,18,youth,male,132,0,0,False
2024,All,22,youth,female,175,3,0,False
2024,All,58,adult,female,29,2,0,False
2024,All,28,adult,female,15,2,0,False
2024,All,35,adult,male,127,0,0,False
2024,All,28,adult,female,33,1,0,False
2024,All,35,adult,male,125,2,0,False
2024,All,65,adult,female,34,0,0,False
2024,All,28,adult,female,108,3,0,False
2024,All,58,adult,female,27,1,0,False
2024,All,50,adult,male,122,3,0,False
2024,All,22,youth,male,4,1,0,False
2024,All,58,adult,male,17,2,0,False
2018,Family,28,adult,female,9,0,0,False
2018,Family,28,adult,female,101,2,0,False
2018,Family,18,youth,female,41,0,0,False
2018,Family,22,youth,female,32,1,0,False
2018,Family,50,adult,female,0,0,0,False
2018,Family,42,adult,female,61,1,0,False
2018,Family,50,adult,female,74,2,0,False
2018,Family,35,adult,female,29,1,0,False
2018,Family,22,youth,female,162,0,0,False
2018,Family,28,adult,female,41,3,0,False
2018,Family,28,adult,female,175,1,0,False
2018,Family,22,youth,male,59,0,0,False
2018,Family,42,adult,female,35,1,0,False
2018,Family,42,adult,male,143,2,0,False
2018,Family,18,youth,male,93,0,0,False
2018,Family,42,adult,female,164,2,0,False
2018,Family,22,youth,female,160,3,0,False
2018,Family,35,adult,female,150,1,0,False
2018,Family,28,adult,female,40,1,0,False
2018,Family,42,adult,female,28,2,0,False
2018,Family,35,adult,female,111,2,0,False
2018,Family,42,adult,female,112,0,0,False
2018,Family,18,youth,female,4,3,0,False
2018,Family,18,youth,female,169,0,0,False
2018,Family,22,youth,female,121,3,0,False
2018,Family,22,youth,female,35,1,0,False
2018,Family,35,adult,male,177,2,0,False
2018,Family,18,youth,male,113,0,0,False
2018,Family,42,adult,female,123,3,0,False
2018,Family,28,adult,female,46,0,0,False
2018,Family,28,adult,female,174,2,0,False
2018,Family,22,youth,male,11,1,0,False
2018,Family,35,adult,female,124,0,0,False
2018,Family,28,adult,female,97,0,0,False
2018,Family,18,youth,female,143,0,0,False
2018,Family,35,adult,female,137,3,0,False
2018,Family,42,adult,female,90,0,0,False
2018,Family,35,adult,female,157,2,0,False
2018,Family,50,adult,female,106,2,0,False
2018,Family,58,adult,female,0,2,0,False
2018,Family,58,adult,male,46,2,0,False
2018,Family,35,adult,female,80,1,0,False
2018,Family,18,youth,female,148,0,0,False
2018,Family,42,adult,female,164,2,0,False
2018,Family,28,adult,female,172,3,0,False
2018,Family,58,adult,female,142,3,0,False
2018,Family,35,adult,female,145,1,0,False
2018,Family,28,adult,female,3,1,0,False
2018,Family,58,adult,female,27,1,0,False
2018,Family,35,adult,male,98,0,0,False
2018,Family,42,adult,male,112,2,0,False
2018,Family,35,adult,female,56,0,0,False
2018,Family,28,adult,female,157,0,0,False
2018,Family,35,adult,female,3,1,0,False
2018,Family,22,youth,female,112,0,0,False
2018,Family,35,adult,male,154,0,0,False
2018,Family,22,youth,female,31,2,0,False
2018,Family,42,adult,female,89,3,0,False
2018,Family,22,youth,female,163,2,0,False
2018,Family,42,adult,female,1,0,0,False
2018,Family,35,adult,female,156,2,0,False
2018,Family,18,youth,male,61,0,0,False
2018,Family,58,adult,female,119,3,0,False
2018,Family,35,adult,female,109,3,0,False
2018,Family,28,adult,female,71,3,0,False
2018,Family,42,adult,female,101,2,0,False
2018,Family,22,youth,female,60,3,0,False
2018,Family,22,youth,female,147,2,0,False
2018,Family,28,adult,female,127,0,0,False
2018,Family,35,adult,female,1,3,0,False
2018,Family,22,youth,female,106,3,0,False
2018,Family,28,adult,female,142,0,0,False
2018,Family,28,adult,male,34,0,0,False
2018,Family,35,adult,female,58,0,0,False
2018,Family,18,youth,female,136,3,0,False
2018,Family,22,youth,female,74,2,0,False
2018,Family,35,adult,female,52,1,0,False
2018,Family,35,adult,female,154,2,0,False
2018,Family,42,adult,female,89,3,0,False
2018,Family,50,adult,male,79,0,0,False
2018,Family,22,youth,male,16,1,0,False
2018,Family,28,adult,female,67,3,0,False
2018,Family,42,adult,female,131,3,0,False
2018,Family,35,adult,female,159,1,0,False
2018,Family,28,adult,female,162,2,0,False
2018,Family,42,adult,female,137,1,0,False
2018,Family,35,adult,male,65,3,0,False
2018,Family,28,adult,male,39,2,0,False
2018,Family,22,youth,female,120,2,0,False
2018,Family,35,adult,female,5,1,0,False
2018,Family,35,adult,male,135,0,0,False
2018,Family,28,adult,male,94,1,0,False
2018,Family,58,adult,female,84,3,0,False
2018,Family,18,youth,female,121,3,0,False
2018,Family,42,adult,female,9,1,0,False
2018,Family,42,adult,male,18,0,0,False
2018,Family,22,youth,female,136,1,0,False
2018,Family,35,adult,male,113,1,0,False
2018,Family,35,adult,male,175,0,0,False
2018,Family,22,youth,male,123,0,0,False
2018,Family,42,adult,female,137,0,0,False
2018,Family,18,youth,male,64,3,0,False
2018,Family,42,adult,male,15,3,0,False
2018,Family,50,adult,female,5,0,0,False
2018,Family,35,adult,male,35,2,0,False
2018,Family,28,adult,female,151,0,0,False
2018,Family,35,adult,female,138,0,0,False
2018,Family,50,adult,female,158,1,0,False
2018,Family,50,adult,male,178,3,0,False
2018,Family,42,adult,female,10,1,0,False
2018,Family,50,adult,female,116,3,0,False
2018,Family,22,youth,female,6,2,0,False
2018,Family,28,adult,female,19,0,0,False
2018,Family,50,adult,female,49,3,0,False
2018,Family,22,youth,female,27,2,0,False
2018,Family,58,adult,female,152,3,0,False
2018,Family,28,adult,male,49,3,0,False
2018,Family,18,youth,female,20,0,0,False
2018,Family,22,youth,female,125,0,0,False
2018,Family,28,adult,female,152,2,0,False
2018,Family,18,youth,female,100,0,0,False
2018,Family,22,youth,female,118,2,0,False
2018,Family,50,adult,female,112,0,0,False
2018,Family,50,adult,male,118,2,0,False
2018,Family,28,adult,male,77,3,0,False
2018,Family,50,adult,female,118,0,0,False
2018,Family,35,adult,female,148,1,0,False
2018,Family,42,adult,female,177,2,0,False
2018,Family,22,youth,male,48,3,0,False
2018,Family,22,youth,female,143,1,0,False
2018,Family,22,youth,female,22,0,0,False
2018,Family,22,youth,female,102,2,0,False
2018,Family,42,adult,female,114,1,0,False
2018,Family,28,adult,male,41,0,0,False
2018,Family,35,adult,female,116,3,0,False
2018,Family,42,adult,female,20,0,0,False
2018,Family,35,adult,male,132,1,0,False
2018,Family,35,adult,female,133,1,0,False
2018,Family,42,adult,female,125,1,0,False
2018,Family,28,adult,male,107,2,0,False
2018,Family,42,adult,female,105,3,0,False
2018,Family,35,adult,female,82,3,0,False
2018,Family,22,youth,female,8,1,0,False
2018,Family,65,adult,female,48,2,0,False
2018,Family,35,adult,female,55,3,0,False
2018,Family,28,adult,female,71,1,0,False
2018,Family,42,adult,female,176,3,0,False
2018,Family,42,adult,female,28,0,0,False
2018,Family,18,youth,female,71,3,0,False
2018,Family,50,adult,female,163,1,0,False
2018,Family,50,adult,female,169,2,0,False
2018,Family,42,adult,female,51,3,0,False
2018,Family,35,adult,female,2,1,0,False
2018,Family,22,youth,female,122,0,0,False
2018,Family,22,youth,female,67,3,0,False
2018,Family,42,adult,female,6,2,0,False
2018,Family,58,adult,female,49,1,0,False
2018,Family,28,adult,male,174,0,0,False
2018,Family,28,adult,female,115,3,0,False
2018,Family,18,youth,male,51,2,0,False
2018,Family,22,youth,female,84,1,0,False
2018,Family,35,adult,male,109,1,0,False
2018,Family,35,adult,male,164,0,0,False
2018,Family,35,adult,male,167,3,0,False
2018,Family,18,youth,male,132,2,0,False
2018,Family,58,adult,female,52,2,0,False
2018,Family,42,adult,female,162,1,0,False
2018,Family,22,youth,male,117,1,0,False
2018,Family,22,youth,male,58,1,0,False
2018,Family,42,adult,female,63,0,0,False
2018,Family,22,youth,female,21,3,0,False
2018,Family,28,adult,female,86,3,0,False
2018,Family,35,adult,female,108,3,0,False
2018,Family,42,adult,female,166,2,0,False
2018,Family,18,youth,male,112,1,0,False
2018,Family,22,youth,male,157,0,0,False
2018,Family,28,adult,female,39,2,0,False
2018,Family,58,adult,female,36,2,0,False
2018,Family,42,adult,female,63,0,0,False
2018,Family,22,youth,male,160,0,0,False
2018,Family,65,adult,female,146,3,0,False
2018,Family,42,adult,female,95,2,0,False
2018,Family,28,adult,female,83,0,0,False
2018,Family,50,adult,female,135,3,0,False
2018,Family,42,adult,female,159,1,0,False
2018,Family,28,adult,female,60,3,0,False
2018,Family,28,adult,male,67,2,0,False
2018,Family,18,youth,female,32,2,0,False
2018,Family,18,youth,male,160,3,0,False
2018,Family,28,adult,female,15,1,0,False
2018,Family,50,adult,male,3,2,0,False
2018,Family,42,adult,male,132,0,0,False
2018,Family,42,adult,female,128,3,0,False
2018,Family,58,adult,male,29,3,0,False
2018,Family,58,adult,female,113,2,0,False
2018,Family,42,adult,male,166,1,0,False
2018,Family,35,adult,female,175,1,0,False
2018,Family,35,adult,female,2,1,0,False
2018,Family,65,adult,female,152,1,0,False
2018,Family,28,adult,female,54,3,0,False
2018,Family,35,adult,male,88,2,0,False
2018,Family,35,adult,female,153,3,0,False
2018,Family,28,adult,female,125,0,0,False
2018,Family,50,adult,male,148,1,0,False
2018,Family,50,adult,female,47,0,0,False
2018,Family,35,adult,female,92,2,0,False
2018,Family,50,adult,female,27,1,0,False
2018,Family,35,adult,female,32,2,0,False
2018,Family,22,youth,female,112,2,0,False
2018,Family,42,adult,female,159,0,0,False
2018,Family,42,adult,female,3,0,0,False
2018,Family,42,adult,male,167,0,0,False
2018,Family,22,youth,male,130,3,0,False
2021,Family,50,adult,female,35,0,0,False
2021,Family,22,youth,male,73,1,0,False
2021,Family,18,youth,female,68,0,0,False
2021,Family,42,adult,female,132,2,0,False
2021,Family,28,adult,male,116,3,0,False
2021,Family,28,adult,female,35,3,0,False
2021,Family,50,adult,female,77,0,0,False
2021,Family,35,adult,female,176,1,0,False
2021,Family,65,adult,female,144,0,0,False
2021,Family,18,youth,male,122,3,0,False
2021,Family,42,adult,male,172,2,0,False
2021,Family,22,youth,female,93,1,0,False
2021,Family,50,adult,female,124,0,0,False
2021,Family,22,youth,female,88,3,0,False
2021,Family,58,adult,female,1,2,0,False
2021,Family,42,adult,female,81,0,0,False
2021,Family,35,adult,male,113,1,0,False
2021,Family,22,youth,female,161,2,0,False
2021,Family,50,adult,female,147,2,0,False
2021,Family,22,youth,male,148,1,0,False
2021,Family,42,adult,male,75,2,0,False
2021,Family,28,adult,female,35,0,0,False
2021,Family,18,youth,female,17,3,0,False
2021,Family,42,adult,female,95,2,0,False
2021,Family,42,adult,male,170,3,0,False
2021,Family,35,adult,male,171,2,0,False
2021,Family,42,adult,female,86,2,0,False
2021,Family,42,adult,female,12,0,0,False
2021,Family,50,adult,female,108,0,0,False
2021,Family,35,adult,female,5,0,0,False
2021,Family,28,adult,female,5,0,0,False
2021,Family,18,youth,female,105,2,0,False
2021,Family,18,youth,female,146,0,0,False
2021,Family,50,adult,female,141,2,0,False
2021,Family,35,adult,female,134,0,0,False
2021,Family,28,adult,male,127,3,0,False
2021,Family,28,adult,female,67,2,0,False
2021,Family,42,adult,male,104,3,0,False
2021,Family,28,adult,female,103,3,0,False
2021,Family,50,adult,female,94,2,0,False
2021,Family,58,adult,female,148,2,0,False
2021,Family,42,adult,female,66,0,0,False
2021,Family,22,youth,female,0,0,0,False
2021,Family,22,youth,female,42,2,0,False
2021,Family,65,adult,female,23,2,0,False
2021,Family,35,adult,female,74,3,0,False
2021,Family,58,adult,female,60,2,0,False
2021,Family,28,adult,male,159,3,0,False
2021,Family,35,adult,male,17,2,0,False
2021,Family,42,adult,male,8,2,0,False
2021,Family,42,adult,female,129,1,0,False
2021,Family,35,adult,male,122,3,0,False
2021,Family,35,adult,female,103,2,0,False
2021,Family,28,adult,female,146,0,0,False
2021,Family,22,youth,female,143,0,0,False
2021,Family,18,youth,female,149,2,0,False
2021,Family,18,youth,female,96,2,0,False
2021,Family,18,youth,male,139,2,0,False
2021,Family,42,adult,male,156,0,0,False
2021,Family,18,youth,male,61,1,0,False
2021,Family,28,adult,female,155,2,0,False
2021,Family,58,adult,female,39,3,0,False
2021,Family,42,adult,female,104,0,0,False
2021,Family,22,youth,female,77,1,0,False
2021,Family,42,adult,female,5,3,0,False
2021,Family,35,adult,female,47,0,0,False
2021,Family,28,adult,male,93,0,0,False
2021,Family,35,adult,female,179,2,0,False
2021,Family,42,adult,male,87,1,0,False
2021,Family,58,adult,female,78,0,0,False
2021,Family,42,adult,male,1,3,0,False
2021,Family,35,adult,female,156,0,0,False
2021,Family,35,adult,male,14,3,0,False
2021,Family,50,adult,female,22,1,0,False
2021,Family,42,adult,female,58,0,0,False
2021,Family,65,adult,female,160,3,0,False
2021,Family,58,adult,female,60,2,0,False
2021,Family,58,adult,female,24,2,0,False
2021,Family,28,adult,female,63,2,0,False
2021,Family,35,adult,female,146,3,0,False
2021,Family,65,adult,female,126,2,0,False
2021,Family,50,adult,female,166,3,0,False
2021,Family,35,adult,female,90,3,0,False
2021,Family,18,youth,female,86,2,0,False
2021,Family,35,adult,female,66,0,0,False
2021,Family,35,adult,female,106,0,0,False
2021,Family,28,adult,female,141,2,0,False
2021,Family,50,adult,female,167,0,0,False
2021,Family,35,adult,female,87,3,0,False
2021,Family,42,adult,female,115,3,0,False
2021,Family,28,adult,female,140,1,0,False
2021,Family,50,adult,female,53,2,0,False
2021,Family,28,adult,male,65,3,0,False
2021,Family,42,adult,female,179,3,0,False
2021,Family,42,adult,female,11,2,0,False
2021,Family,28,adult,female,46,2,0,False
2021,Family,50,adult,female,17,2,0,False
2021,Family,35,adult,female,143,2,0,False
2021,Family,22,youth,female,106,0,0,False
2021,Family,22,youth,male,141,3,0,False
2021,Family,28,adult,female,52,1,0,False
2021,Family,42,adult,female,65,0,0,False
2021,Family,22,youth,male,22,0,0,False
2021,Family,22,youth,male,126,3,0,False
2021,Family,42,adult,female,33,2,0,False
2021,Family,58,adult,female,69,0,0,False
2021,Family,58,adult,male,100,2,0,False
2021,Family,35,adult,female,173,2,0,False
2021,Family,28,adult,female,28,3,0,False
2021,Family,35,adult,female,161,1,0,False
2021,Family,18,youth,female,84,0,0,False
2021,Family,28,adult,female,35,2,0,False
2021,Family,22,youth,female,61,1,0,False
2021,Family,28,adult,female,56,3,0,False
2021,Family,35,adult,female,126,1,0,False
2021,Family,18,youth,female,16,0,0,False
2021,Family,42,adult,female,89,3,0,False
2021,Family,22,youth,female,39,0,0,False
2021,Family,28,adult,female,114,0,0,False
2021,Family,22,youth,female,82,2,0,False
2021,Family,18,youth,female,116,0,0,False
2021,Family,58,adult,female,21,3,0,False
2021,Family,35,adult,female,56,1,0,False
2021,Family,35,adult,female,165,1,0,False
2021,Family,58,adult,female,106,2,0,False
2021,Family,50,adult,male,24,2,0,False
2021,Family,42,adult,female,21,0,0,False
2021,Family,28,adult,female,36,3,0,False
2021,Family,50,adult,female,127,0,0,False
2021,Family,18,youth,male,125,1,0,False
2021,Family,28,adult,male,102,0,0,False
2021,Family,22,youth,female,1,2,0,False
2021,Family,18,youth,female,14,2,0,False
2021,Family,35,adult,male,142,1,0,False
2021,Family,35,adult,female,174,0,0,False
2021,Family,35,adult,female,86,0,0,False
2021,Family,22,youth,female,162,3,0,False
2024,Family,50,adult,male,151,0,0,False
2024,Family,50,adult,female,21,1,0,False
2024,Family,50,adult,female,167,2,0,False
2024,Family,58,adult,male,93,0,0,False
2024,Family,42,adult,male,119,1,0,False
2024,Family,35,adult,female,103,3,0,False
2024,Family,35,adult,female,109,2,0,False
2024,Family,65,adult,female,10,1,0,False
2024,Family,35,adult,female,95,0,0,False
2024,Family,35,adult,female,123,3,0,False
2024,Family,35,adult,female,129,1,0,False
2024,Family,28,adult,female,11,1,0,False
2024,Family,35,adult,male,10,0,0,False
2024,Family,22,youth,female,158,0,0,False
2024,Family,42,adult,male,163,0,0,False
2024,Family,50,adult,female,128,1,0,False
2024,Family,58,adult,male,120,3,0,False
2024,Family,28,adult,female,10,0,0,False
2024,Family,35,adult,female,88,3,0,False
2024,Family,28,adult,female,147,3,0,False
2024,Family,50,adult,female,75,0,0,False
2024,Family,50,adult,female,74,2,0,False
2024,Family,35,adult,female,129,2,0,False
2024,Family,35,adult,male,171,1,0,False
2024,Family,28,adult,female,166,2,0,False
2024,Family,18,youth,male,146,0,0,False
2024,Family,50,adult,male,113,2,0,False
2024,Family,35,adult,female,159,2,0,False
2024,Family,18,youth,female,12,0,0,False
2024,Family,18,youth,female,23,2,0,False
2024,Family,42,adult,male,105,2,0,False
2024,Family,42,adult,female,152,3,0,False
2024,Family,58,adult,female,108,3,0,False
2024,Family,58,adult,male,55,0,0,False
2024,Family,35,adult,male,149,2,0,False
2024,Family,22,youth,female,117,1,0,False
2024,Family,28,adult,female,53,2,0,False
2024,Family,42,adult,female,7,1,0,False
2024,Family,42,adult,female,43,1,0,False
2024,Family,42,adult,female,110,3,0,False
2024,Family,50,adult,male,64,0,0,False
2024,Family,42,adult,female,139,2,0,False
2024,Family,42,adult,male,103,1,0,False
2024,Family,22,youth,female,140,2,0,False
2024,Family,22,youth,female,143,3,0,False
2024,Family,58,adult,male,6,0,0,False
2024,Family,50,adult,female,79,3,0,False
2024,Family,42,adult,female,15,1,0,False
2024,Family,35,adult,male,120,2,0,False
2024,Family,42,adult,female,111,2,0,False
2024,Family,22,youth,female,62,3,0,False
2024,Family,42,adult,female,71,0,0,False
2024,Family,28,adult,female,127,0,0,False
2024,Family,18,youth,male,74,2,0,False
2024,Family,35,adult,female,34,0,0,False
2024,Family,65,adult,male,104,3,0,False
2024,Family,18,youth,female,41,1,0,False
2024,Family,42,adult,male,100,3,0,False
2024,Family,35,adult,male,80,1,0,False
2024,Family,22,youth,male,124,3,0,False
2024,Family,22,youth,female,16,3,0,False
2024,Family,42,adult,female,52,3,0,False
2024,Family,35,adult,female,12,1,0,False
2024,Family,35,adult,female,101,3,0,False
2024,Family,22,youth,female,118,3,0,False
2024,Family,22,youth,male,75,2,0,False
2024,Family,28,adult,male,13,2,0,False
2024,Family,42,adult,male,163,0,0,False
2024,Family,35,adult,female,37,1,0,False
2024,Family,42,adult,female,5,0,0,False
2024,Family,28,adult,female,167,3,0,False
2024,Family,50,adult,female,146,1,0,False
2024,Family,35,adult,female,123,1,0,False
2024,Family,28,adult,female,147,3,0,False
2024,Family,42,adult,female,9,0,0,False
2024,Family,22,youth,female,105,2,0,False
2024,Family,28,adult,male,107,1,0,False
2024,Family,50,adult,male,129,1,0,False
2024,Family,42,adult,female,88,3,0,False
2024,Family,18,youth,male,100,1,0,False
2024,Family,18,youth,female,76,0,0,False
2024,Family,58,adult,male,159,1,0,False
2024,Family,22,youth,female,25,1,0,False
2024,Family,22,youth,male,5,3,0,False
2024,Family,35,adult,female,153,1,0,False
2024,Family,18,youth,female,26,0,0,False
2024,Family,35,adult,female,115,2,0,False
2024,Family,22,youth,female,129,0,0,False
2024,Family,22,youth,male,4,3,0,False
2024,Family,42,adult,female,93,1,0,False
2024,Family,35,adult,female,57,0,0,False
2024,Family,42,adult,female,23,2,0,False
2024,Family,42,adult,male,15,0,0,False
2024,Family,28,adult,female,85,2,0,False
2024,Family,28,adult,male,88,1,0,False
2024,Family,42,adult,female,59,3,0,False
2024,Family,58,adult,female,16,1,0,False
2024,Family,50,adult,female,44,1,0,False
2024,Family,28,adult,female,174,0,0,False
2024,Family,22,youth,female,82,1,0,False
2024,Family,28,adult,female,26,2,0,False
2024,Family,35,adult,male,36,0,0,False
2024,Family,50,adult,female,33,0,0,False
2024,Family,42,adult,male,147,2,0,False
2024,Family,42,adult,male,106,2,0,False
2024,Family,22,youth,female,36,2,0,False
2024,Family,42,adult,male,153,2,0,False
2024,Family,28,adult,female,26,1,0,False
2024,Family,18,youth,female,96,0,0,False
2024,Family,18,youth,male,46,2,0,False
2024,Family,35,adult,female,139,3,0,False
2024,Family,35,adult,male,4,3,0,False
2024,Family,50,adult,male,176,1,0,False
2024,Family,35,adult,female,172,3,0,False
2024,Family,65,adult,female,93,0,0,False
2024,Family,35,adult,female,72,3,0,False
2024,Family,28,adult,male,117,2,0,False
2024,Family,22,youth,male,119,3,0,False
2024,Family,42,adult,female,80,2,0,False
2024,Family,28,adult,female,83,3,0,False
2024,Family,35,adult,male,106,1,0,False
2024,Family,22,youth,female,91,2,0,False
2024,Family,42,adult,female,146,1,0,False
2024,Family,35,adult,male,179,0,0,False
2024,Family,42,adult,female,117,2,0,False
2024,Family,18,youth,male,38,0,0,False
2024,Family,58,adult,female,18,1,0,False
2024,Family,22,youth,female,62,2,0,False
2024,Family,42,adult,female,85,1,0,False
2024,Family,28,adult,female,83,1,0,False
2024,Family,18,youth,female,65,1,0,False
2024,Family,65,adult,female,5,0,0,False
2024,Family,22,youth,male,136,3,0,False
2024,Family,35,adult,female,16,3,0,False
2024,Family,42,adult,female,48,2,0,False
2024,Family,42,adult,male,25,1,0,False
2024,Family,18,youth,male,136,2,0,False
2024,Family,22,youth,female,149,3,0,False
2024,Family,28,adult,female,150,1,0,False
2024,Family,35,adult,female,165,0,0,False
2024,Family,22,youth,female,24,0,0,False
2024,Family,42,adult,female,82,2,0,False
2024,Family,28,adult,male,152,3,0,False
2024,Family,18,youth,female,93,2,0,False
2024,Family,42,adult,female,82,2,0,False
2024,Family,22,youth,female,130,1,0,False
2024,Family,28,adult,female,58,3,0,False
2024,Family,28,adult,female,29,2,0,False
2024,Family,35,adult,male,8,3,0,False
2024,Family,18,youth,female,66,0,0,False
2024,Family,35,adult,female,12,1,0,False
2024,Family,58,adult,female,162,3,0,False
2024,Family,18,youth,female,68,1,0,False
2024,Family,35,adult,female,78,0,0,False
2024,Family,42,adult,female,56,0,0,False
2024,Family,42,adult,male,71,1,0,False
2024,Family,58,adult,male,85,1,0,False
2024,Family,28,adult,female,25,0,0,False
2024,Family,35,adult,female,62,1,0,False
2024,Family,22,youth,female,54,1,0,False
2024,Family,58,adult,female,129,0,0,False
2024,Family,42,adult,female,92,1,0,False
2024,Family,35,adult,male,169,2,0,False
2024,Family,28,adult,female,26,3,0,False
2024,Family,28,adult,male,4,0,0,False
2024,Family,35,adult,female,119,0,0,False
2024,Family,18,youth,female,130,1,0,False
2024,Family,42,adult,female,68,2,0,False
2024,Family,42,adult,male,44,2,0,False
2024,Family,28,adult,female,34,3,0,False
2024,Family,50,adult,female,177,0,0,False
2024,Family,58,adult,female,102,1,0,False
2024,Family,42,adult,female,86,3,0,False
2024,Family,50,adult,female,124,3,0,False
2024,Family,42,adult,female,97,3,0,False
2024,Family,22,youth,female,26,1,0,False
2024,Family,35,adult,female,134,1,0,False
2024,Family,28,adult,male,29,0,0,False
2024,Family,35,adult,female,41,0,0,False
2024,Family,22,youth,female,161,0,0,False
2024,Family,22,youth,female,22,3,0,False
2024,Family,42,adult,female,76,3,0,False
2024,Family,50,adult,female,78,0,0,False
2024,Family,35,adult,male,169,3,0,False
2024,Family,35,adult,female,133,2,0,False
2024,Family,50,adult,male,122,0,0,False
2024,Family,28,adult,female,120,2,0,False
2024,Family,35,adult,male,148,2,0,False
2024,Family,42,adult,female,22,1,0,False
2024,Family,22,youth,female,41,3,0,False
2024,Family,28,adult,female,156,3,0,False
2024,Family,50,adult,female,132,1,0,False
2024,Family,42,adult,female,54,1,0,False
2024,Family,42,adult,female,114,1,0,False
2024,Family,35,adult,female,122,2,0,False
2024,Family,42,adult,female,108,1,0,False
2024,Family,42,adult,female,113,0,0,False
2024,Family,35,adult,female,64,2,0,False
2024,Family,18,youth,female,137,2,0,False
2024,Family,28,adult,male,164,1,0,False
2024,Family,58,adult,female,7,2,0,False
2024,Family,28,adult,female,147,3,0,False
2024,Family,50,adult,male,88,3,0,False
2024,Family,18,youth,male,5,3,0,False
2024,Family,28,adult,female,16,1,0,False
2024,Family,18,youth,female,144,1,0,False
2024,Family,35,adult,male,162,2,0,False
2024,Family,28,adult,female,130,3,0,False
2024,Family,28,adult,female,160,2,0,False
2024,Family,50,adult,female,160,2,0,False
2024,Family,50,adult,female,124,3,0,False
2024,Family,58,adult,female,149,0,0,False
2024,Family,35,adult,female,136,1,0,False
2024,Family,22,youth,female,148,2,0,False
2024,Family,22,youth,female,144,0,0,False
2024,Family,58,adult,male,31,3,0,False
2024,Family,35,adult,female,174,3,0,False
2024,Family,28,adult,male,66,1,0,False
2024,Family,28,adult,female,69,0,0,False
2024,Family,35,adult,female,79,1,0,False
2024,Family,35,adult,female,171,0,0,False
2024,Family,35,adult,female,3,0,0,False
2024,Family,18,youth,female,17,1,0,False
2024,Family,28,adult,female,111,2,0,False
2024,Family,22,youth,male,161,0,0,False
2024,Family,18,youth,male,40,3,0,False
2024,Family,50,adult,female,57,0,0,False
2024,Family,42,adult,male,132,3,0,False
2024,Family,50,adult,female,55,2,0,False
2024,Family,18,youth,female,66,3,0,False
2024,Family,18,youth,female,105,3,0,False
2024,Family,58,adult,female,64,0,0,False
2024,Family,42,adult,female,37,1,0,False
2024,Family,35,adult,female,2,1,0,False
2024,Family,35,adult,female,12,0,0,False
2024,Family,28,adult,female,38,1,0,False
2024,Family,50,adult,female,4,2,0,False
2024,Family,28,adult,female,24,1,0,False
2024,Family,35,adult,female,79,2,0,False
2024,Family,22,youth,female,19,1,0,False
2024,Family,18,youth,female,112,2,0,False
2024,Family,22,youth,female,101,3,0,False
2024,Family,18,youth,female,20,3,0,False
2024,Family,42,adult,female,37,0,0,False
2024,Family,35,adult,female,114,3,0,False
2024,Family,22,youth,female,117,0,0,False
2024,Family,28,adult,male,48,0,0,False
2024,Family,35,adult,female,61,0,0,False
2018,Single,35,adult,female,61,1,0,False
2018,Single,35,adult,male,105,2,0,False
2018,Single,22,youth,female,67,2,0,False
2018,Single,58,adult,male,84,1,0,False
2018,Single,35,adult,male,133,0,0,False
2018,Single,22,youth,female,112,0,0,False
2018,Single,18,youth,male,165,2,0,False
2018,Single,65,adult,male,59,3,0,False
2018,Single,35,adult,female,92,1,0,False
2018,Single,50,adult,male,143,0,0,False
2018,Single,35,adult,male,71,3,0,False
2018,Single,18,youth,male,82,3,0,False
2018,Single,35,adult,male,78,1,0,False
2018,Single,28,adult,male,70,3,0,False
2018,Single,50,adult,male,146,1,0,False
2018,Single,50,adult,male,109,2,0,False
2018,Single,35,adult,male,140,2,0,False
2018,Single,35,adult,male,164,3,0,False
2018,Single,50,adult,female,14,0,0,False
2018,Single,22,youth,male,77,0,0,False
2018,Single,28,adult,male,178,1,0,False
2018,Single,28,adult,male,139,2,0,False
2018,Single,18,youth,female,38,0,0,False
2018,Single,42,adult,female,137,0,0,False
2018,Single,22,youth,male,133,2,0,False
2018,Single,28,adult,male,17,3,0,False
2018,Single,50,adult,female,96,0,0,False
2018,Single,42,adult,male,68,2,0,False
2018,Single,35,adult,male,54,1,0,False
2018,Single,35,adult,male,46,0,0,False
2018,Single,35,adult,male,119,3,0,False
2018,Single,35,adult,female,50,3,0,False
2018,Single,42,adult,female,131,3,0,False
2018,Single,28,adult,female,162,2,0,False
2018,Single,22,youth,female,158,3,0,False
2018,Single,18,youth,female,25,0,0,False
2018,Single,42,adult,male,134,1,0,False
2018,Single,22,youth,female,143,3,0,False
2018,Single,22,youth,male,64,3,0,False
2018,Single,35,adult,male,171,3,0,False
2018,Single,18,youth,female,106,3,0,False
2018,Single,22,youth,male,135,3,0,False
2018,Single,22,youth,male,134,0,0,False
2018,Single,50,adult,female,37,1,0,False
2018,Single,28,adult,male,83,0,0,False
2018,Single,22,youth,male,125,0,0,False
2018,Single,18,youth,female,142,1,0,False
2018,Single,58,adult,female,175,2,0,False
2018,Single,42,adult,male,52,3,0,False
2018,Single,18,youth,male,44,0,0,False
2018,Single,28,adult,female,43,2,0,False
2018,Single,28,adult,female,131,1,0,False
2018,Single,22,youth,male,153,0,0,False
2018,Single,65,adult,male,37,3,0,False
2018,Single,28,adult,male,133,0,0,False
2018,Single,50,adult,male,174,2,0,False
2018,Single,65,adult,male,147,0,0,False
2018,Single,42,adult,male,65,0,0,False
2018,Single,18,youth,female,77,2,0,False
2018,Single,28,adult,female,57,0,0,False
2018,Single,58,adult,female,47,0,0,False
2018,Single,18,youth,male,132,3,0,False
2018,Single,50,adult,male,153,2,0,False
2018,Single,22,youth,male,14,2,0,False
2018,Single,42,adult,male,113,0,0,False
2018,Single,50,adult,male,161,1,0,False
2018,Single,18,youth,female,37,3,0,False
2018,Single,28,adult,female,177,3,0,False
2018,Single,28,adult,male,121,0,0,False
2018,Single,35,adult,male,131,1,0,False
2018,Single,42,adult,female,167,1,0,False
2018,Single,18,youth,male,138,0,0,False
2018,Single,50,adult,male,8,3,0,False
2018,Single,42,adult,female,15,1,0,False
2018,Single,22,youth,female,29,3,0,False
2018,Single,35,adult,male,49,3,0,False
2018,Single,35,adult,male,15,3,0,False
2018,Single,18,youth,male,128,2,0,False
2018,Single,42,adult,female,90,3,0,False
2018,Single,18,youth,male,94,0,0,False
2018,Single,22,youth,female,54,1,0,False
2018,Single,42,adult,male,72,0,0,False
2018,Single,42,adult,female,162,0,0,False
2018,Single,35,adult,female,10,0,0,False
2018,Single,28,adult,male,99,0,0,False
2018,Single,35,adult,male,146,3,0,False
2018,Single,42,adult,female,59,1,0,False
2018,Single,50,adult,male,80,2,0,False
2018,Single,22,youth,female,66,0,0,False
2018,Single,58,adult,male,153,1,0,False
2018,Single,50,adult,male,12,3,0,False
2018,Single,42,adult,male,149,2,0,False
2018,Single,42,adult,male,45,2,0,False
2018,Single,35,adult,male,154,2,0,False
2018,Single,18,youth,male,74,3,0,False
2018,Single,18,youth,male,30,1,0,False
2018,Single,22,youth,male,106,2,0,False
2018,Single,42,adult,male,153,3,0,False
2018,Single,58,adult,male,179,3,0,False
2018,Single,28,adult,male,32,0,0,False
2018,Single,50,adult,male,100,1,0,False
2018,Single,35,adult,female,179,2,0,False
2018,Single,28,adult,female,145,3,0,False
2018,Single,28,adult,male,31,0,0,False
2018,Single,28,adult,female,49,1,0,False
2018,Single,22,youth,male,172,1,0,False
2018,Single,42,adult,male,111,2,0,False
2018,Single,28,adult,female,54,2,0,False
2018,Single,35,adult,male,83,1,0,False
2018,Single,50,adult,female,137,3,0,False
2018,Single,42,adult,male,18,0,0,False
2018,Single,35,adult,male,37,0,0,False
2018,Single,22,youth,female,150,3,0,False
2018,Single,28,adult,male,23,1,0,False
2018,Single,35,adult,male,178,3,0,False
2018,Single,22,youth,male,76,1,0,False
2018,Single,50,adult,male,56,3,0,False
2018,Single,22,youth,female,170,0,0,False
2018,Single,42,adult,male,39,1,0,False
2018,Single,28,adult,male,46,0,0,False
2018,Single,22,youth,female,135,3,0,False
2018,Single,28,adult,male,119,2,0,False
2018,Single,18,youth,male,79,3,0,False
2018,Single,28,adult,male,131,1,0,False
2018,Single,42,adult,male,41,2,0,False
2018,Single,22,youth,female,104,3,0,False
2018,Single,42,adult,female,101,3,0,False
2018,Single,18,youth,male,151,2,0,False
2018,Single,42,adult,female,108,1,0,False
2018,Single,35,adult,male,165,1,0,False
2018,Single,18,youth,male,28,0,0,False
2018,Single,35,adult,male,30,2,0,False
2018,Single,28,adult,male,7,3,0,False
2018,Single,28,adult,male,149,3,0,False
2018,Single,50,adult,male,161,1,0,False
2018,Single,35,adult,male,71,1,0,False
2018,Single,58,adult,male,156,3,0,False
2018,Single,28,adult,male,7,0,0,False
2018,Single,28,adult,male,51,3,0,False
2018,Single,58,adult,male,81,0,0,False
2018,Single,18,youth,male,21,0,0,False
2018,Single,58,adult,male,75,3,0,False
2018,Single,28,adult,female,37,2,0,False
2018,Single,18,youth,male,46,2,0,False
2018,Single,42,adult,female,97,0,0,False
2018,Single,22,youth,male,166,1,0,False
2018,Single,18,youth,female,26,2,0,False
2018,Single,42,adult,female,149,1,0,False
2018,Single,50,adult,male,118,1,0,False
2018,Single,28,adult,female,19,2,0,False
2018,Single,22,youth,female,104,3,0,False
2018,Single,42,adult,male,108,2,0,False
2018,Single,35,adult,male,86,1,0,False
2018,Single,58,adult,male,4,3,0,False
2018,Single,22,youth,male,150,0,0,False
2018,Single,22,youth,male,94,3,0,False
2018,Single,28,adult,female,82,1,0,False
2018,Single,28,adult,male,69,1,0,False
2018,Single,18,youth,male,126,3,0,False
2018,Single,28,adult,female,168,3,0,False
2018,Single,42,adult,male,36,2,0,False
2018,Single,28,adult,male,17,3,0,False
2018,Single,22,youth,male,80,1,0,False
2018,Single,42,adult,female,159,2,0,False
2018,Single,42,adult,male,144,3,0,False
2018,Single,22,youth,male,1,2,0,False
2018,Single,50,adult,female,139,2,0,False
2018,Single,18,youth,male,50,1,0,False
2018,Single,50,adult,female,23,0,0,False
2018,Single,42,adult,male,85,3,0,False
2018,Single,42,adult,male,145,3,0,False
2018,Single,28,adult,male,90,0,0,False
2018,Single,35,adult,male,68,2,0,False
2018,Single,42,adult,male,34,2,0,False
2018,Single,35,adult,male,111,2,0,False
2018,Single,28,adult,male,26,2,0,False
2018,Single,42,adult,male,100,3,0,False
2018,Single,50,adult,male,16,2,0,False
2018,Single,58,adult,male,3,3,0,False
2018,Single,42,adult,male,33,1,0,False
2018,Single,50,adult,male,103,0,0,False
2018,Single,18,youth,male,113,3,0,False
2018,Single,35,adult,male,106,2,0,False
2018,Single,28,adult,male,49,3,0,False
2018,Single,18,youth,female,51,3,0,False
2018,Single,35,adult,male,111,3,0,False
2018,Single,18,youth,male,126,1,0,False
2018,Single,42,adult,male,144,1,0,False
2018,Single,28,adult,male,91,1,0,False
2018,Single,42,adult,female,85,0,0,False
2018,Single,50,adult,male,97,3,0,False
2018,Single,28,adult,male,46,3,0,False
2018,Single,28,adult,male,125,3,0,False
2018,Single,28,adult,female,150,1,0,False
2018,Single,42,adult,female,108,2,0,False
2018,Single,42,adult,male,30,3,0,False
2018,Single,22,youth,male,46,2,0,False
2018,Single,18,youth,female,68,3,0,False
2018,Single,18,youth,female,21,2,0,False
2018,Single,35,adult,female,49,2,0,False
2018,Single,35,adult,male,144,3,0,False
2018,Single,28,adult,male,69,2,0,False
2018,Single,22,youth,male,17,1,0,False
2018,Single,35,adult,female,4,1,0,False
2018,Single,18,youth,male,54,3,0,False
2018,Single,28,adult,male,66,2,0,False
2018,Single,18,youth,female,44,1,0,False
2018,Single,18,youth,male,159,1,0,False
2018,Single,42,adult,male,45,0,0,False
2018,Single,35,adult,female,119,2,0,False
2018,Single,35,adult,female,10,1,0,False
2018,Single,50,adult,male,94,2,0,False
2018,Single,58,adult,female,124,2,0,False
2018,Single,28,adult,female,120,3,0,False
2018,Single,35,adult,male,12,3,0,False
2018,Single,42,adult,female,97,2,0,False
2018,Single,50,adult,female,116,2,0,False
2018,Single,42,adult,female,115,2,0,False
2018,Single,28,adult,female,176,2,0,False
2018,Single,18,youth,male,135,3,0,False
2018,Single,42,adult,female,90,0,0,False
2018,Single,28,adult,male,100,0,0,False
2018,Single,42,adult,female,100,2,0,False
2018,Single,22,youth,male,150,2,0,False
2018,Single,42,adult,female,139,0,0,False
2018,Single,28,adult,male,129,0,0,False
2018,Single,42,adult,male,123,3,0,False
2018,Single,65,adult,female,42,2,0,False
2018,Single,50,adult,male,149,3,0,False
2018,Single,28,adult,male,59,0,0,False
2018,Single,42,adult,male,55,3,0,False
2018,Single,28,adult,male,66,2,0,False
2018,Single,42,adult,male,164,2,0,False
2018,Single,35,adult,female,40,0,0,False
2018,Single,22,youth,male,125,1,0,False
2018,Single,22,youth,male,37,3,0,False
2018,Single,50,adult,male,40,2,0,False
2018,Single,42,adult,male,62,1,0,False
2018,Single,35,adult,male,140,3,0,False
2018,Single,35,adult,male,122,1,0,False
2018,Single,42,adult,male,88,3,0,False
2018,Single,22,youth,female,72,2,0,False
2018,Single,28,adult,male,41,1,0,False
2018,Single,22,youth,male,91,3,0,False
2018,Single,35,adult,female,171,3,0,False
2018,Single,28,adult,male,29,0,0,False
2018,Single,65,adult,female,0,2,0,False
2018,Single,22,youth,male,49,3,0,False
2018,Single,28,adult,male,76,2,0,False
2018,Single,28,adult,male,28,1,0,False
2018,Single,35,adult,female,35,2,0,False
2018,Single,42,adult,female,12,0,0,False
2018,Single,35,adult,female,117,2,0,False
2018,Single,22,youth,male,170,0,0,False
2018,Single,28,adult,female,7,1,0,False
2018,Single,35,adult,male,154,1,0,False
2018,Single,28,adult,male,173,2,0,False
2018,Single,35,adult,male,74,2,0,False
2018,Single,42,adult,male,150,2,0,False
2018,Single,22,youth,male,28,1,0,False
2018,Single,35,adult,male,129,1,0,False
2018,Single,22,youth,male,28,3,0,False
2018,Single,28,adult,male,42,0,0,False
2018,Single,35,adult,female,88,1,0,False
2018,Single,18,youth,male,5,1,0,False
2018,Single,28,adult,male,122,0,0,False
2018,Single,58,adult,male,162,1,0,False
2018,Single,22,youth,male,95,0,0,False
2018,Single,35,adult,female,165,1,0,False
2018,Single,50,adult,male,164,2,0,False
2018,Single,28,adult,male,92,2,0,False
2018,Single,35,adult,male,170,1,0,False
2018,Single,22,youth,male,107,2,0,False
2018,Single,35,adult,female,1,0,0,False
2018,Single,22,youth,male,48,0,0,False
2018,Single,18,youth,male,135,1,0,False
2018,Single,28,adult,male,126,3,0,False
2018,Single,35,adult,male,23,1,0,False
2018,Single,35,adult,female,13,2,0,False
2018,Single,35,adult,male,21,3,0,False
2018,Single,58,adult,female,62,3,0,False
2018,Single,28,adult,male,58,3,0,False
2018,Single,35,adult,male,151,2,0,False
2018,Single,22,youth,male,21,2,0,False
2018,Single,22,youth,male,102,0,0,False
2018,Single,58,adult,male,52,2,0,False
2018,Single,58,adult,female,103,1,0,False
2018,Single,58,adult,male,155,1,0,False
2018,Single,35,adult,male,27,0,0,False
2018,Single,35,adult,male,25,2,0,False
2018,Single,22,youth,female,141,3,0,False
2018,Single,28,adult,male,86,2,0,False
2018,Single,28,adult,male,42,0,0,False
2018,Single,42,adult,female,46,0,0,False
2018,Single,50,adult,female,69,0,0,False
2018,Single,28,adult,male,47,2,0,False
2018,Single,18,youth,male,71,3,0,False
2018,Single,18,youth,male,76,0,0,False
2018,Single,42,adult,male,159,2,0,False
2018,Single,50,adult,male,154,0,0,False
2018,Single,28,adult,female,71,3,0,False
2018,Single,42,adult,male,124,1,0,False
2018,Single,28,adult,male,90,1,0,False
2018,Single,50,adult,female,89,2,0,False
2018,Single,18,youth,male,86,0,0,False
2018,Single,18,youth,male,123,1,0,False
2018,Single,35,adult,male,113,0,0,False
2018,Single,35,adult,male,71,1,0,False
2018,Single,18,youth,male,152,1,0,False
2018,Single,50,adult,female,24,0,0,False
2018,Single,28,adult,male,93,0,0,False
2018,Single,42,adult,male,126,3,0,False
2018,Single,35,adult,male,33,0,0,False
2018,Single,35,adult,male,178,0,0,False
2018,Single,35,adult,female,90,2,0,False
2018,Single,35,adult,male,77,2,0,False
2018,Single,42,adult,male,69,0,0,False
2018,Single,22,youth,male,170,2,0,False
2018,Single,18,youth,male,138,0,0,False
2018,Single,42,adult,male,121,2,0,False
2018,Single,18,youth,male,14,1,0,False
2018,Single,42,adult,male,22,3,0,False
2018,Single,35,adult,male,145,0,0,False
2018,Single,42,adult,male,146,1,0,False
2018,Single,58,adult,female,136,0,0,False
2018,Single,42,adult,female,27,0,0,False
2018,Single,50,adult,male,163,1,0,False
2018,Single,28,adult,female,79,1,0,False
2018,Single,42,adult,female,120,0,0,False
2018,Single,35,adult,female,136,0,0,False
2018,Single,35,adult,male,54,2,0,False
2018,Single,58,adult,male,6,0,0,False
2018,Single,42,adult,male,87,0,0,False
2018,Single,28,adult,male,130,0,0,False
2018,Single,18,youth,male,68,2,0,False
2018,Single,18,youth,male,116,2,0,False
2018,Single,22,youth,male,10,0,0,False
2018,Single,18,youth,male,62,0,0,False
2018,Single,18,youth,male,161,2,0,False
2018,Single,50,adult,male,102,3,0,False
2018,Single,18,youth,female,111,3,0,False
2018,Single,58,adult,male,116,0,0,False
2018,Single,42,adult,female,44,0,0,False
2018,Single,35,adult,male,29,1,0,False
2018,Single,50,adult,male,15,2,0,False
2018,Single,50,adult,male,113,2,0,False
2018,Single,35,adult,male,133,2,0,False
2018,Single,35,adult,female,80,2,0,False
2018,Single,35,adult,male,129,1,0,False
2018,Single,42,adult,male,7,1,0,False
2018,Single,58,adult,male,8,0,0,False
2018,Single,35,adult,male,86,1,0,False
2018,Single,18,youth,male,19,3,0,False
2018,Single,35,adult,male,14,3,0,False
2018,Single,28,adult,male,126,3,0,False
2018,Single,18,youth,female,18,1,0,False
2018,Single,35,adult,male,101,2,0,False
2018,Single,42,adult,male,39,2,0,False
2018,Single,50,adult,male,56,0,0,False
2018,Single,35,adult,male,146,3,0,False
2018,Single,18,youth,male,108,3,0,False
2018,Single,35,adult,male,106,3,0,False
2018,Single,18,youth,female,35,1,0,False
2018,Single,28,adult,male,143,1,0,False
2018,Single,65,adult,male,77,1,0,False
2018,Single,28,adult,male,79,3,0,False
2018,Single,18,youth,male,159,0,0,False
2018,Single,50,adult,female,57,1,0,False
2018,Single,42,adult,male,179,3,0,False
2018,Single,28,adult,male,80,0,0,False
2018,Single,50,adult,male,54,3,0,False
2018,Single,35,adult,male,124,2,0,False
2018,Single,22,youth,male,122,2,0,False
2018,Single,18,youth,male,172,1,0,False
2018,Single,35,adult,male,28,2,0,False
2018,Single,42,adult,male,93,1,0,False
2018,Single,42,adult,male,35,3,0,False
2018,Single,18,youth,male,175,0,0,False
2018,Single,28,adult,female,52,3,0,False
2018,Single,58,adult,male,141,3,0,False
2018,Single,35,adult,male,56,3,0,False
2018,Single,42,adult,female,154,1,0,False
2018,Single,28,adult,male,97,2,0,False
2018,Single,50,adult,male,129,3,0,False
2018,Single,22,youth,male,133,0,0,False
2018,Single,28,adult,male,17,3,0,False
2018,Single,42,adult,female,43,3,0,False
2018,Single,28,adult,female,130,3,0,False
2018,Single,42,adult,male,74,0,0,False
2018,Single,18,youth,male,160,0,0,False
2018,Single,35,adult,female,22,2,0,False
2018,Single,35,adult,male,94,0,0,False
2018,Single,35,adult,male,143,1,0,False
2018,Single,65,adult,male,37,0,0,False
2018,Single,28,adult,male,31,0,0,False
2018,Single,42,adult,male,38,2,0,False
2018,Single,35,adult,male,40,1,0,False
2018,Single,18,youth,female,161,1,0,False
2018,Single,18,youth,male,128,2,0,False
2018,Single,35,adult,male,63,0,0,False
2018,Single,42,adult,female,45,2,0,False
2018,Single,35,adult,female,149,2,0,False
2018,Single,42,adult,male,135,0,0,False
2018,Single,28,adult,male,11,2,0,False
2018,Single,22,youth,male,94,0,0,False
2018,Single,42,adult,male,22,3,0,False
2018,Single,22,youth,female,108,0,0,False
2018,Single,35,adult,male,72,3,0,False
2018,Single,35,adult,male,81,1,0,False
2018,Single,28,adult,female,95,2,0,False
2018,Single,18,youth,female,174,0,0,False
2018,Single,22,youth,male,37,2,0,False
2018,Single,18,youth,male,10,0,0,False
2018,Single,28,adult,male,6,0,0,False
2018,Single,22,youth,male,34,2,0,False
2018,Single,42,adult,male,164,2,0,False
2018,Single,28,adult,male,101,3,0,False
2018,Single,22,youth,female,145,1,0,False
2018,Single,28,adult,male,168,1,0,False
2018,Single,35,adult,female,65,0,0,False
2018,Single,18,youth,female,150,3,0,False
2018,Single,42,adult,female,172,1,0,False
2018,Single,35,adult,male,13,3,0,False
2018,Single,28,adult,female,88,3,0,False
2018,Single,18,youth,male,15,1,0,False
2018,Single,35,adult,male,131,2,0,False
2018,Single,42,adult,female,9,1,0,False
2018,Single,42,adult,female,12,3,0,False
2018,Single,35,adult,female,37,0,0,False
2018,Single,35,adult,female,106,3,0,False
2018,Single,58,adult,male,60,2,0,False
2018,Single,58,adult,male,105,1,0,False
2018,Single,35,adult,male,129,1,0,False
2018,Single,22,youth,male,81,1,0,False
2018,Single,65,adult,female,172,0,0,False
2018,Single,22,youth,female,62,3,0,False
2018,Single,42,adult,male,97,1,0,False
2018,Single,18,youth,male,179,1,0,False
2018,Single,58,adult,male,35,0,0,False
2018,Single,42,adult,male,34,1,0,False
2018,Single,58,adult,male,6,1,0,False
2018,Single,28,adult,male,81,2,0,False
2018,Single,50,adult,female,155,0,0,False
2018,Single,58,adult,female,79,2,0,False
2018,Single,22,youth,female,99,2,0,False
2018,Single,18,youth,male,142,2,0,False
2018,Single,18,youth,male,125,0,0,False
2018,Single,22,youth,female,108,3,0,False
2018,Single,22,youth,female,82,1,0,False
2018,Single,42,adult,female,94,3,0,False
2018,Single,28,adult,female,131,3,0,False
2018,Single,28,adult,female,6,3,0,False
2018,Single,22,youth,male,96,2,0,False
2018,Single,35,adult,female,127,1,0,False
2018,Single,22,youth,female,67,3,0,False
2018,Single,35,adult,male,97,2,0,False
2018,Single,65,adult,male,157,0,0,False
2018,Single,22,youth,male,81,0,0,False
2018,Single,42,adult,male,155,3,0,False
2018,Single,28,adult,male,108,2,0,False
2018,Single,28,adult,male,173,1,0,False
2018,Single,35,adult,male,97,3,0,False
2018,Single,22,youth,male,137,2,0,False
2018,Single,28,adult,female,90,1,0,False
2018,Single,35,adult,female,132,1,0,False
2018,Single,28,adult,male,100,2,0,False
2018,Single,42,adult,male,125,2,0,False
2018,Single,28,adult,female,85,3,0,False
2018,Single,35,adult,male,88,2,0,False
2018,Single,42,adult,male,63,3,0,False
2018,Single,28,adult,male,78,2,0,False
2018,Single,42,adult,male,108,2,0,False
2018,Single,42,adult,male,114,3,0,False
2018,Single,65,adult,male,67,2,0,False
2018,Single,28,adult,female,55,0,0,False
2018,Single,42,adult,female,54,3,0,False
2018,Single,35,adult,male,117,0,0,False
2018,Single,42,adult,male,6,0,0,False
2018,Single,50,adult,male,11,0,0,False
2018,Single,50,adult,female,117,0,0,False
2018,Single,18,youth,male,174,3,0,False
2018,Single,42,adult,male,71,1,0,False
2018,Single,28,adult,male,32,3,0,False
2018,Single,42,adult,male,149,0,0,False
2018,Single,58,adult,male,31,0,0,False
2018,Single,35,adult,male,173,1,0,False
2018,Single,42,adult,male,119,3,0,False
2018,Single,42,adult,male,138,1,0,False
2018,Single,42,adult,male,56,0,0,False
2018,Single,22,youth,male,93,1,0,False
2018,Single,35,adult,female,34,3,0,False
2018,Single,35,adult,male,97,0,0,False
2018,Single,22,youth,male,141,1,0,False
2018,Single,22,youth,male,126,0,0,False
2018,Single,42,adult,female,141,2,0,False
2018,Single,22,youth,male,100,1,0,False
2018,Single,18,youth,female,17,1,0,False
2018,Single,28,adult,male,152,3,0,False
2018,Single,35,adult,male,158,0,0,False
2018,Single,35,adult,male,172,0,0,False
2018,Single,42,adult,male,48,2,0,False
2018,Single,28,adult,male,149,0,0,False
2018,Single,28,adult,female,33,2,0,False
2018,Single,18,youth,female,62,0,0,False
2018,Single,35,adult,male,30,2,0,False
2018,Single,18,youth,male,121,0,0,False
2018,Single,22,youth,male,127,1,0,False
2018,Single,42,adult,female,121,3,0,False
2018,Single,50,adult,male,126,3,0,False
2018,Single,18,youth,female,49,0,0,False
2018,Single,42,adult,male,54,0,0,False
2018,Single,58,adult,male,67,1,0,False
2018,Single,22,youth,male,29,0,0,False
2018,Single,50,adult,male,93,1,0,False
2018,Single,35,adult,female,78,3,0,False
2018,Single,42,adult,male,52,0,0,False
2018,Single,22,youth,female,22,0,0,False
2018,Single,28,adult,male,161,0,0,False
2018,Single,35,adult,male,104,3,0,False
2018,Single,35,adult,male,88,3,0,False
2018,Single,28,adult,male,25,3,0,False
2018,Single,50,adult,male,59,0,0,False
2018,Single,58,adult,male,152,3,0,False
2018,Single,22,youth,female,57,3,0,False
2018,Single,50,adult,male,16,3,0,False
2018,Single,35,adult,female,82,0,0,False
2018,Single,18,youth,male,115,2,0,False
2018,Single,35,adult,female,162,1,0,False
2018,Single,35,adult,male,2,1,0,False
2018,Single,35,adult,male,24,0,0,False
2018,Single,28,adult,male,106,1,0,False
2018,Single,42,adult,male,62,3,0,False
2018,Single,42,adult,male,109,2,0,False
2018,Single,22,youth,male,72,2,0,False
2018,Single,28,adult,male,103,2,0,False
2018,Single,42,adult,male,135,2,0,False
2018,Single,18,youth,female,77,2,0,False
2018,Single,18,youth,female,75,2,0,False
2018,Single,42,adult,male,67,3,0,False
2018,Single,22,youth,male,41,3,0,False
2018,Single,50,adult,male,102,2,0,False
2018,Single,28,adult,male,142,2,0,False
2018,Single,42,adult,male,92,2,0,False
2018,Single,28,adult,female,176,0,0,False
2018,Single,22,youth,male,65,3,0,False
2018,Single,35,adult,male,41,1,0,False
2018,Single,50,adult,female,109,1,0,False
2018,Single,35,adult,male,120,3,0,False
2018,Single,50,adult,male,123,2,0,False
2018,Single,22,youth,male,17,0,0,False
2018,Single,42,adult,male,77,2,0,False
2018,Single,35,adult,male,116,0,0,False
2018,Single,35,adult,male,152,2,0,False
2018,Single,35,adult,male,58,0,0,False
2018,Single,35,adult,male,121,3,0,False
2018,Single,18,youth,female,50,3,0,False
2018,Single,35,adult,male,150,2,0,False
2018,Single,28,adult,male,56,2,0,False
2018,Single,42,adult,female,94,0,0,False
2018,Single,58,adult,female,172,2,0,False
2018,Single,35,adult,male,98,2,0,False
2018,Single,18,youth,male,68,2,0,False
2018,Single,35,adult,female,46,0,0,False
2018,Single,50,adult,male,78,2,0,False
2018,Single,22,youth,male,47,1,0,False
2018,Single,42,adult,male,174,0,0,False
2018,Single,28,adult,male,177,0,0,False
2018,Single,35,adult,male,133,0,0,False
2018,Single,22,youth,male,153,0,0,False
2018,Single,22,youth,male,135,1,0,False
2018,Single,22,youth,male,16,3,0,False
2018,Single,35,adult,female,82,0,0,False
2018,Single,22,youth,male,0,2,0,False
2018,Single,65,adult,male,160,0,0,False
2018,Single,35,adult,male,163,3,0,False
2018,Single,65,adult,female,179,1,0,False
2018,Single,28,adult,female,176,1,0,False
2018,Single,22,youth,female,175,2,0,False
2018,Single,22,youth,female,72,2,0,False
2018,Single,22,youth,male,122,2,0,False
2018,Single,22,youth,male,50,2,0,False
2018,Single,42,adult,male,38,0,0,False
2018,Single,42,adult,male,40,0,0,False
2018,Single,58,adult,male,120,0,0,False
2018,Single,42,adult,female,135,3,0,False
2018,Single,28,adult,male,126,2,0,False
2018,Single,28,adult,male,103,2,0,False
2018,Single,42,adult,female,41,3,0,False
2018,Single,28,adult,male,60,3,0,False
2018,Single,35,adult,male,107,3,0,False
2018,Single,18,youth,male,158,3,0,False
2018,Single,22,youth,male,165,1,0,False
2018,Single,35,adult,female,79,0,0,False
2018,Single,35,adult,male,115,0,0,False
2018,Single,18,youth,female,163,2,0,False
2018,Single,28,adult,female,49,1,0,False
2018,Single,35,adult,male,80,0,0,False
2018,Single,22,youth,female,161,1,0,False
2018,Single,35,adult,male,36,0,0,False
2018,Single,22,youth,female,11,0,0,False
2018,Single,18,youth,male,143,2,0,False
2018,Single,28,adult,male,13,0,0,False
2018,Single,42,adult,female,63,0,0,False
2018,Single,42,adult,male,21,0,0,False
2018,Single,28,adult,male,75,2,0,False
2018,Single,28,adult,male,59,1,0,False
2018,Single,42,adult,female,129,0,0,False
2018,Single,22,youth,male,105,2,0,False
2018,Single,42,adult,female,159,1,0,False
2018,Single,22,youth,male,24,2,0,False
2018,Single,42,adult,male,122,1,0,False
2018,Single,65,adult,female,150,3,0,False
2018,Single,58,adult,male,100,1,0,False
2018,Single,28,adult,female,3,0,0,False
2018,Single,22,youth,female,85,3,0,False
2018,Single,35,adult,male,49,1,0,False
2018,Single,28,adult,male,163,2,0,False
2018,Single,65,adult,male,60,1,0,False
2018,Single,22,youth,male,149,2,0,False
2018,Single,35,adult,male,138,1,0,False
2018,Single,18,youth,male,77,2,0,False
2018,Single,50,adult,male,47,3,0,False
2018,Single,22,youth,male,158,3,0,False
2018,Single,35,adult,male,98,2,0,False
2018,Single,42,adult,male,24,2,0,False
2018,Single,42,adult,male,14,3,0,False
2018,Single,42,adult,male,76,2,0,False
2018,Single,58,adult,male,2,2,0,False
2018,Single,42,adult,female,109,3,0,False
2018,Single,50,adult,male,43,1,0,False
2018,Single,42,adult,male,42,1,0,False
2018,Single,42,adult,male,146,2,0,False
2018,Single,35,adult,male,45,3,0,False
2018,Single,42,adult,male,66,3,0,False
2018,Single,18,youth,male,22,0,0,False
2018,Single,35,adult,male,64,0,0,False
2018,Single,18,youth,female,3,0,0,False
2018,Single,22,youth,male,163,3,0,False
2018,Single,28,adult,male,15,2,0,False
2018,Single,28,adult,male,154,1,0,False
2018,Single,35,adult,female,39,1,0,False
2018,Single,18,youth,male,174,1,0,False
2018,Single,18,youth,female,152,3,0,False
2018,Single,28,adult,male,161,0,0,False
2018,Single,42,adult,male,173,1,0,False
2018,Single,42,adult,female,148,2,0,False
2018,Single,28,adult,male,163,0,0,False
2018,Single,28,adult,male,165,1,0,False
2018,Single,28,adult,male,66,0,0,False
2018,Single,18,youth,male,92,2,0,False
2018,Single,22,youth,female,109,0,0,False
2018,Single,28,adult,male,125,0,0,False
2018,Single,58,adult,male,72,1,0,False
2018,Single,42,adult,male,65,2,0,False
2018,Single,42,adult,male,8,0,0,False
2018,Single,22,youth,male,37,3,0,False
2018,Single,50,adult,male,59,0,0,False
2018,Single,65,adult,male,103,0,0,False
2018,Single,42,adult,male,153,2,0,False
2018,Single,28,adult,male,37,3,0,False
2018,Single,28,adult,female,91,0,0,False
2018,Single,35,adult,male,58,2,0,False
2018,Single,50,adult,female,120,2,0,False
2018,Single,35,adult,female,55,1,0,False
2018,Single,18,youth,male,32,2,0,False
2018,Single,28,adult,male,142,1,0,False
2018,Single,42,adult,male,105,2,0,False
2018,Single,22,youth,male,100,3,0,False
2018,Single,50,adult,male,104,3,0,False
2018,Single,22,youth,female,104,0,0,False
2018,Single,35,adult,male,122,1,0,False
2018,Single,28,adult,female,137,2,0,False
2018,Single,42,adult,male,109,2,0,False
2018,Single,35,adult,male,162,1,0,False
2018,Single,28,adult,male,52,2,0,False
2018,Single,42,adult,male,81,2,0,False
2018,Single,28,adult,male,172,1,0,False
2018,Single,35,adult,male,170,1,0,False
2018,Single,50,adult,male,63,0,0,False
2018,Single,22,youth,male,39,2,0,False
2018,Single,42,adult,male,20,1,0,False
2018,Single,18,youth,male,100,2,0,False
2018,Single,22,youth,male,132,0,0,False
2018,Single,35,adult,male,7,3,0,False
2018,Single,50,adult,male,33,0,0,False
2018,Single,58,adult,male,53,1,0,False
2018,Single,28,adult,male,130,2,0,False
2018,Single,58,adult,male,145,3,0,False
2018,Single,35,adult,female,86,1,0,False
2018,Single,28,adult,male,60,3,0,False
2018,Single,58,adult,male,22,1,0,False
2018,Single,42,adult,male,116,0,0,False
2018,Single,22,youth,male,78,1,0,False
2018,Single,35,adult,male,7,2,0,False
2018,Single,35,adult,male,165,2,0,False
2018,Single,22,youth,male,109,3,0,False
2018,Single,22,youth,male,164,2,0,False
2018,Single,35,adult,male,84,2,0,False
2018,Single,35,adult,female,174,1,0,False
2018,Single,22,youth,female,116,2,0,False
2018,Single,22,youth,male,178,2,0,False
2018,Single,50,adult,male,18,3,0,False
2018,Single,28,adult,male,66,3,0,False
2018,Single,50,adult,female,89,1,0,False
2018,Single,28,adult,male,163,3,0,False
2018,Single,28,adult,female,118,3,0,False
2018,Single,28,adult,female,96,0,0,False
2018,Single,28,adult,female,50,2,0,False
2018,Single,18,youth,male,134,1,0,False
2018,Single,35,adult,female,117,2,0,False
2018,Single,18,youth,male,67,1,0,False
2018,Single,35,adult,male,109,0,0,False
2018,Single,18,youth,male,25,2,0,False
2018,Single,22,youth,male,39,0,0,False
2018,Single,42,adult,male,99,3,0,False
2018,Single,42,adult,male,93,2,0,False
2018,Single,50,adult,male,46,1,0,False
2018,Single,22,youth,male,131,1,0,False
2018,Single,35,adult,male,26,1,0,False
2018,Single,42,adult,male,51,2,0,False
2018,Single,22,youth,female,156,1,0,False
2018,Single,18,youth,male,116,2,0,False
2018,Single,65,adult,male,134,1,0,False
2018,Single,28,adult,male,149,3,0,False
2018,Single,42,adult,male,35,2,0,False
2018,Single,28,adult,male,121,1,0,False
2018,Single,35,adult,female,160,0,0,False
2018,Single,42,adult,male,79,3,0,False
2018,Single,18,youth,female,147,2,0,False
2018,Single,35,adult,male,9,0,0,False
2018,Single,22,youth,male,19,0,0,False
2018,Single,28,adult,male,79,0,0,False
2018,Single,35,adult,male,17,2,0,False
2018,Single,28,adult,male,58,1,0,False
2018,Single,18,youth,male,161,0,0,False
2018,Single,28,adult,male,72,1,0,False
2018,Single,42,adult,female,115,1,0,False
2018,Single,28,adult,male,96,2,0,False
2018,Single,28,adult,male,53,2,0,False
2018,Single,18,youth,male,40,3,0,False
2018,Single,35,adult,male,141,0,0,False
2018,Single,18,youth,male,27,2,0,False
2018,Single,35,adult,female,47,0,0,False
2018,Single,50,adult,female,33,1,0,False
2018,Single,35,adult,male,98,0,0,False
2018,Single,18,youth,male,108,0,0,False
2018,Single,28,adult,male,22,1,0,False
2018,Single,18,youth,male,12,2,0,False
2018,Single,22,youth,male,80,0,0,False
2018,Single,35,adult,male,132,0,0,False
2018,Single,35,adult,male,166,0,0,False
2018,Single,22,youth,female,29,2,0,False
2018,Single,28,adult,male,177,3,0,False
2018,Single,22,youth,female,37,1,0,False
2018,Single,35,adult,female,71,2,0,False
2018,Single,18,youth,male,92,1,0,False
2018,Single,28,adult,male,77,2,0,False
2018,Single,18,youth,male,74,2,0,False
2018,Single,28,adult,male,122,0,0,False
2018,Single,35,adult,male,134,1,0,False
2018,Single,28,adult,male,16,0,0,False
2018,Single,18,youth,male,49,2,0,False
2018,Single,22,youth,male,126,1,0,False
2018,Single,42,adult,male,2,3,0,False
2018,Single,50,adult,male,108,3,0,False
2018,Single,35,adult,male,8,1,0,False
2018,Single,42,adult,male,41,3,0,False
2018,Single,35,adult,male,157,1,0,False
2018,Single,28,adult,male,129,2,0,False
2018,Single,42,adult,male,15,0,0,False
2018,Single,18,youth,male,149,2,0,False
2018,Single,35,adult,male,51,0,0,False
2018,Single,22,youth,male,26,1,0,False
2018,Single,22,youth,male,15,0,0,False
2018,Single,22,youth,male,105,2,0,False
2018,Single,28,adult,female,129,1,0,False
2018,Single,50,adult,female,105,3,0,False
2018,Single,18,youth,male,129,1,0,False
2018,Single,28,adult,female,152,1,0,False
2018,Single,22,youth,male,114,2,0,False
2018,Single,65,adult,male,88,1,0,False
2018,Single,35,adult,male,19,3,0,False
2018,Single,35,adult,male,60,0,0,False
2018,Single,22,youth,female,40,2,0,False
2018,Single,28,adult,male,46,0,0,False
2018,Single,42,adult,male,148,1,0,False
2018,Single,35,adult,male,129,1,0,False
2018,Single,42,adult,male,153,3,0,False
2018,Single,42,adult,male,71,3,0,False
2018,Single,35,adult,male,136,3,0,False
2018,Single,28,adult,male,109,2,0,False
2018,Single,50,adult,male,105,3,0,False
2018,Single,42,adult,male,4,0,0,False
2018,Single,35,adult,male,106,0,0,False
2018,Single,18,youth,male,89,3,0,False
2018,Single,50,adult,male,111,2,0,False
2018,Single,28,adult,male,85,1,0,False
2018,Single,50,adult,male,112,1,0,False
2018,Single,35,adult,female,78,3,0,False
2018,Single,28,adult,female,144,3,0,False
2018,Single,35,adult,male,9,1,0,False
2018,Single,22,youth,male,97,2,0,False
2018,Single,18,youth,male,49,2,0,False
2018,Single,42,adult,male,42,3,0,False
2018,Single,42,adult,male,90,3,0,False
2018,Single,42,adult,male,114,3,0,False
2018,Single,22,youth,male,32,3,0,False
2018,Single,65,adult,male,132,3,0,False
2018,Single,22,youth,male,163,0,0,False
2018,Single,42,adult,male,103,3,0,False
2018,Single,58,adult,female,175,1,0,False
2018,Single,28,adult,female,36,3,0,False
2018,Single,50,adult,female,55,0,0,False
2018,Single,28,adult,female,26,3,0,False
2018,Single,22,youth,female,158,2,0,False
2018,Single,42,adult,female,47,0,0,False
2018,Single,42,adult,male,59,2,0,False
2018,Single,35,adult,male,43,2,0,False
2018,Single,35,adult,male,64,2,0,False
2018,Single,28,adult,male,101,3,0,False
2018,Single,18,youth,female,152,2,0,False
2018,Single,35,adult,female,14,1,0,False
2018,Single,42,adult,male,77,3,0,False
2018,Single,50,adult,male,7,3,0,False
2018,Single,42,adult,female,103,3,0,False
2018,Single,28,adult,female,162,2,0,False
2018,Single,35,adult,male,72,3,0,False
2018,Single,42,adult,male,91,0,0,False
2018,Single,35,adult,male,70,1,0,False
2018,Single,18,youth,male,175,0,0,False
2018,Single,22,youth,female,27,3,0,False
2018,Single,35,adult,female,139,3,0,False
2018,Single,42,adult,male,43,3,0,False
2018,Single,28,adult,female,156,2,0,False
2018,Single,35,adult,female,178,0,0,False
2018,Single,58,adult,male,0,2,0,False
2018,Single,35,adult,female,103,2,0,False
2018,Single,35,adult,male,60,0,0,False
2018,Single,35,adult,male,98,2,0,False
2018,Single,65,adult,male,73,1,0,False
2018,Single,58,adult,female,112,2,0,False
2018,Single,35,adult,male,148,3,0,False
2018,Single,35,adult,male,112,2,0,False
2018,Single,22,youth,male,50,2,0,False
2018,Single,58,adult,female,107,3,0,False
2018,Single,22,youth,male,66,2,0,False
2018,Single,42,adult,female,91,0,0,False
2018,Single,42,adult,female,109,1,0,False
2018,Single,18,youth,male,22,1,0,False
2018,Single,22,youth,female,42,2,0,False
2018,Single,28,adult,male,51,3,0,False
2018,Single,22,youth,male,37,1,0,False
2018,Single,58,adult,male,134,1,0,False
2018,Single,35,adult,female,151,2,0,False
2018,Single,65,adult,male,132,0,0,False
2018,Single,50,adult,male,123,2,0,False
2018,Single,50,adult,female,130,2,0,False
2018,Single,22,youth,male,175,1,0,False
2018,Single,22,youth,male,91,1,0,False
2018,Single,28,adult,male,122,1,0,False
2018,Single,35,adult,male,99,0,0,False
2018,Single,42,adult,male,150,3,0,False
2018,Single,28,adult,male,162,1,0,False
2018,Single,28,adult,male,92,3,0,False
2018,Single,50,adult,male,83,3,0,False
2018,Single,35,adult,male,91,1,0,False
2018,Single,58,adult,male,145,1,0,False
2018,Single,35,adult,male,28,1,0,False
2018,Single,42,adult,male,103,1,0,False
2018,Single,22,youth,male,61,3,0,False
2018,Single,42,adult,male,29,0,0,False
2018,Single,18,youth,female,112,3,0,False
2018,Single,42,adult,female,129,2,0,False
2018,Single,28,adult,female,11,3,0,False
2018,Single,42,adult,male,144,1,0,False
2018,Single,42,adult,female,159,0,0,False
2018,Single,42,adult,male,87,0,0,False
2018,Single,50,adult,male,145,1,0,False
2018,Single,50,adult,male,2,2,0,False
2018,Single,42,adult,male,128,2,0,False
2018,Single,35,adult,male,126,1,0,False
2018,Single,28,adult,male,137,2,0,False
2018,Single,28,adult,male,11,3,0,False
2018,Single,28,adult,male,20,2,0,False
2018,Single,22,youth,male,6,3,0,False
2018,Single,35,adult,male,99,0,0,False
2018,Single,35,adult,male,143,0,0,False
2018,Single,28,adult,male,20,0,0,False
2018,Single,42,adult,male,178,0,0,False
2018,Single,28,adult,male,127,1,0,False
2018,Single,18,youth,male,52,3,0,False
2018,Single,35,adult,female,129,1,0,False
2018,Single,35,adult,male,11,1,0,False
2018,Single,50,adult,female,143,3,0,False
2018,Single,28,adult,male,150,1,0,False
2018,Single,35,adult,male,99,0,0,False
2018,Single,35,adult,male,138,1,0,False
2018,Single,42,adult,male,67,0,0,False
2018,Single,35,adult,male,151,0,0,False
2018,Single,35,adult,male,6,0,0,False
2018,Single,18,youth,male,88,3,0,False
2018,Single,18,youth,male,65,0,0,False
2018,Single,35,adult,male,158,0,0,False
2018,Single,22,youth,male,69,2,0,False
2018,Single,18,youth,male,125,0,0,False
2018,Single,50,adult,female,50,0,0,False
2018,Single,50,adult,male,22,1,0,False
2018,Single,22,youth,male,133,0,0,False
2018,Single,28,adult,male,134,0,0,False
2018,Single,42,adult,male,52,0,0,False
2018,Single,42,adult,male,104,1,0,False
2018,Single,22,youth,male,96,3,0,False
2018,Single,28,adult,male,107,3,0,False
2018,Single,42,adult,male,6,2,0,False
2018,Single,18,youth,female,110,2,0,False
2018,Single,18,youth,female,135,2,0,False
2018,Single,18,youth,male,138,3,0,False
2018,Single,35,adult,male,45,3,0,False
2018,Single,35,adult,female,71,3,0,False
2018,Single,22,youth,female,10,0,0,False
2018,Single,58,adult,female,108,3,0,False
2018,Single,28,adult,male,31,2,0,False
2018,Single,50,adult,male,106,0,0,False
2018,Single,28,adult,male,97,3,0,False
2018,Single,35,adult,male,85,2,0,False
2018,Single,65,adult,male,64,0,0,False
2018,Single,42,adult,female,152,3,0,False
2018,Single,50,adult,male,154,3,0,False
2018,Single,35,adult,male,83,0,0,False
2018,Single,28,adult,male,108,2,0,False
2018,Single,22,youth,female,40,2,0,False
2018,Single,22,youth,male,107,3,0,False
2018,Single,42,adult,female,87,1,0,False
2018,Single,18,youth,male,117,2,0,False
2018,Single,22,youth,male,178,0,0,False
2018,Single,35,adult,female,53,2,0,False
2018,Single,28,adult,male,116,3,0,False
2018,Single,42,adult,male,10,1,0,False
2018,Single,35,adult,male,79,1,0,False
2018,Single,22,youth,male,177,0,0,False
2018,Single,35,adult,male,57,3,0,False
2018,Single,35,adult,male,58,1,0,False
2018,Single,22,youth,male,48,2,0,False
2018,Single,35,adult,male,36,3,0,False
2018,Single,35,adult,female,132,1,0,False
2018,Single,42,adult,male,39,0,0,False
2018,Single,42,adult,male,123,1,0,False
2018,Single,28,adult,male,63,2,0,False
2018,Single,22,youth,male,9,3,0,False
2018,Single,58,adult,female,164,3,0,False
2018,Single,18,youth,male,39,1,0,False
2018,Single,28,adult,male,127,0,0,False
2018,Single,35,adult,male,31,1,0,False
2018,Single,35,adult,male,87,1,0,False
2018,Single,28,adult,male,64,0,0,False
2018,Single,18,youth,male,38,0,0,False
2018,Single,35,adult,male,9,1,0,False
2018,Single,28,adult,male,58,1,0,False
2018,Single,28,adult,male,65,1,0,False
2018,Single,28,adult,male,28,1,0,False
2018,Single,58,adult,female,26,3,0,False
2018,Single,58,adult,male,88,1,0,False
2018,Single,58,adult,male,146,3,0,False
2018,Single,35,adult,female,96,3,0,False
2018,Single,28,adult,female,85,1,0,False
2018,Single,50,adult,male,35,0,0,False
2018,Single,22,youth,male,89,3,0,False
2018,Single,18,youth,female,140,1,0,False
2018,Single,22,youth,female,61,1,0,False
2018,Single,18,youth,male,129,2,0,False
2018,Single,22,youth,male,156,2,0,False
2018,Single,28,adult,female,177,3,0,False
2018,Single,22,youth,male,32,1,0,False
2018,Single,42,adult,male,142,1,0,False
2018,Single,18,youth,male,102,1,0,False
2018,Single,42,adult,male,12,2,0,False
2018,Single,58,adult,male,90,0,0,False
2018,Single,42,adult,male,117,0,0,False
2018,Single,50,adult,male,63,1,0,False
2018,Single,42,adult,male,4,3,0,False
2018,Single,42,adult,female,15,0,0,False
2018,Single,35,adult,male,63,1,0,False
2018,Single,35,adult,male,45,1,0,False
2018,Single,28,adult,male,48,0,0,False
2018,Single,35,adult,female,168,3,0,False
2018,Single,42,adult,male,178,2,0,False
2018,Single,22,youth,female,139,2,0,False
2018,Single,35,adult,male,112,1,0,False
2018,Single,35,adult,male,13,0,0,False
2018,Single,35,adult,male,23,3,0,False
2018,Single,35,adult,male,148,2,0,False
2018,Single,35,adult,male,124,3,0,False
2018,Single,28,adult,female,117,2,0,False
2018,Single,42,adult,male,0,3,0,False
2021,Single,42,adult,male,158,3,0,False
2021,Single,18,youth,male,7,2,0,False
2021,Single,42,adult,male,33,0,0,False
2021,Single,28,adult,male,44,0,0,False
2021,Single,50,adult,male,66,1,0,False
2021,Single,35,adult,male,70,0,0,False
2021,Single,35,adult,female,31,1,0,False
2021,Single,28,adult,male,68,3,0,False
2021,Single,65,adult,female,44,0,0,False
2021,Single,28,adult,female,19,3,0,False
2021,Single,42,adult,male,47,3,0,False
2021,Single,58,adult,male,106,1,0,False
2021,Single,50,adult,male,158,1,0,False
2021,Single,18,youth,female,146,3,0,False
2021,Single,50,adult,male,2,1,0,False
2021,Single,28,adult,male,65,2,0,False
2021,Single,42,adult,female,1,0,0,False
2021,Single,42,adult,male,65,1,0,False
2021,Single,35,adult,male,118,1,0,False
2021,Single,28,adult,male,68,1,0,False
2021,Single,42,adult,female,161,3,0,False
2021,Single,28,adult,female,146,1,0,False
2021,Single,35,adult,male,175,1,0,False
2021,Single,35,adult,female,40,2,0,False
2021,Single,18,youth,male,131,2,0,False
2021,Single,42,adult,female,148,3,0,False
2021,Single,35,adult,female,74,3,0,False
2021,Single,28,adult,female,45,2,0,False
2021,Single,18,youth,male,160,3,0,False
2021,Single,22,youth,male,22,2,0,False
2021,Single,58,adult,female,25,0,0,False
2021,Single,18,youth,male,131,2,0,False
2021,Single,28,adult,male,134,0,0,False
2021,Single,28,adult,male,82,2,0,False
2021,Single,35,adult,female,41,0,0,False
2021,Single,42,adult,female,124,2,0,False
2021,Single,28,adult,female,97,3,0,False
2021,Single,35,adult,male,154,0,0,False
2021,Single,22,youth,male,69,3,0,False
2021,Single,18,youth,male,12,0,0,False
2021,Single,50,adult,female,125,3,0,False
2021,Single,35,adult,female,12,1,0,False
2021,Single,42,adult,male,81,2,0,False
2021,Single,58,adult,female,138,1,0,False
2021,Single,18,youth,male,78,1,0,False
2021,Single,28,adult,male,25,0,0,False
2021,Single,42,adult,male,64,0,0,False
2021,Single,42,adult,female,121,3,0,False
2021,Single,28,adult,male,10,1,0,False
2021,Single,28,adult,female,67,3,0,False
2021,Single,35,adult,male,84,2,0,False
2021,Single,58,adult,male,84,2,0,False
2021,Single,28,adult,male,117,3,0,False
2021,Single,35,adult,female,91,1,0,False
2021,Single,42,adult,female,23,1,0,False
2021,Single,28,adult,male,78,2,0,False
2021,Single,42,adult,female,154,3,0,False
2021,Single,50,adult,male,136,1,0,False
2021,Single,18,youth,female,41,3,0,False
2021,Single,35,adult,male,142,3,0,False
2021,Single,50,adult,male,61,3,0,False
2021,Single,28,adult,male,72,3,0,False
2021,Single,28,adult,female,72,1,0,False
2021,Single,18,youth,female,136,2,0,False
2021,Single,22,youth,male,126,3,0,False
2021,Single,42,adult,male,104,3,0,False
2021,Single,18,youth,female,124,2,0,False
2021,Single,42,adult,female,44,1,0,False
2021,Single,18,youth,male,115,3,0,False
2021,Single,18,youth,female,39,2,0,False
2021,Single,50,adult,male,176,3,0,False
2021,Single,35,adult,male,10,0,0,False
2021,Single,22,youth,male,66,3,0,False
2021,Single,50,adult,male,69,3,0,False
2021,Single,28,adult,male,13,3,0,False
2021,Single,28,adult,male,14,0,0,False
2021,Single,65,adult,male,105,2,0,False
2021,Single,42,adult,male,163,2,0,False
2021,Single,18,youth,female,60,2,0,False
2021,Single,35,adult,male,79,1,0,False
2021,Single,50,adult,male,47,1,0,False
2021,Single,18,youth,female,41,2,0,False
2021,Single,42,adult,male,24,3,0,False
2021,Single,28,adult,male,35,3,0,False
2021,Single,22,youth,female,26,0,0,False
2021,Single,42,adult,female,21,1,0,False
2021,Single,65,adult,male,165,0,0,False
2021,Single,22,youth,female,19,1,0,False
2021,Single,42,adult,male,18,3,0,False
2021,Single,22,youth,male,145,0,0,False
2021,Single,50,adult,male,91,3,0,False
2021,Single,35,adult,male,103,2,0,False
2021,Single,28,adult,male,50,1,0,False
2021,Single,18,youth,male,138,2,0,False
2021,Single,58,adult,male,2,1,0,False
2021,Single,42,adult,male,152,2,0,False
2021,Single,50,adult,male,88,2,0,False
2021,Single,28,adult,male,0,2,0,False
2021,Single,42,adult,male,23,2,0,False
2021,Single,18,youth,male,47,1,0,False
2021,Single,22,youth,female,110,1,0,False
2021,Single,22,youth,male,117,1,0,False
2021,Single,50,adult,female,153,0,0,False
2021,Single,42,adult,male,85,3,0,False
2021,Single,18,youth,female,55,0,0,False
2021,Single,50,adult,male,145,2,0,False
2021,Single,22,youth,male,153,0,0,False
2021,Single,42,adult,male,175,0,0,False
2021,Single,35,adult,male,96,3,0,False
2021,Single,50,adult,male,137,3,0,False
2021,Single,35,adult,male,19,1,0,False
2021,Single,50,adult,female,4,1,0,False
2021,Single,58,adult,male,63,1,0,False
2021,Single,22,youth,male,145,0,0,False
2021,Single,28,adult,male,75,2,0,False
2021,Single,35,adult,female,21,1,0,False
2021,Single,50,adult,male,100,1,0,False
2021,Single,22,youth,male,42,1,0,False
2021,Single,28,adult,male,6,2,0,False
2021,Single,35,adult,male,64,2,0,False
2021,Single,42,adult,female,144,0,0,False
2021,Single,35,adult,male,120,0,0,False
2021,Single,28,adult,male,81,2,0,False
2021,Single,22,youth,male,41,2,0,False
2021,Single,22,youth,male,99,2,0,False
2021,Single,42,adult,female,33,1,0,False
2021,Single,35,adult,male,166,3,0,False
2021,Single,35,adult,male,58,1,0,False
2021,Single,28,adult,female,119,1,0,False
2021,Single,35,adult,male,108,3,0,False
2021,Single,35,adult,male,165,2,0,False
2021,Single,58,adult,male,72,2,0,False
2021,Single,35,adult,male,36,0,0,False
2021,Single,18,youth,female,35,3,0,False
2021,Single,22,youth,female,122,3,0,False
2021,Single,22,youth,female,129,1,0,False
2021,Single,58,adult,male,45,1,0,False
2021,Single,22,youth,male,28,3,0,False
2021,Single,35,adult,male,75,2,0,False
2021,Single,42,adult,male,179,3,0,False
2021,Single,35,adult,male,147,0,0,False
2021,Single,28,adult,female,89,2,0,False
2021,Single,65,adult,male,70,0,0,False
2021,Single,28,adult,female,72,0,0,False
2021,Single,42,adult,male,33,1,0,False
2021,Single,50,adult,male,144,0,0,False
2021,Single,35,adult,male,0,2,0,False
2021,Single,18,youth,male,121,2,0,False
2021,Single,42,adult,female,103,3,0,False
2021,Single,22,youth,male,39,3,0,False
2021,Single,42,adult,female,53,3,0,False
2021,Single,50,adult,female,39,1,0,False
2021,Single,22,youth,male,62,1,0,False
2021,Single,18,youth,female,13,0,0,False
2021,Single,58,adult,male,23,1,0,False
2021,Single,42,adult,male,109,0,0,False
2021,Single,28,adult,female,84,2,0,False
2021,Single,42,adult,male,163,3,0,False
2021,Single,42,adult,female,114,0,0,False
2021,Single,28,adult,male,13,3,0,False
2021,Single,42,adult,male,169,1,0,False
2021,Single,28,adult,male,38,2,0,False
2021,Single,35,adult,male,150,1,0,False
2021,Single,50,adult,male,86,0,0,False
2021,Single,28,adult,female,22,1,0,False
2021,Single,18,youth,male,109,0,0,False
2021,Single,28,adult,female,57,1,0,False
2021,Single,18,youth,male,176,1,0,False
2021,Single,35,adult,male,114,0,0,False
2021,Single,42,adult,male,21,3,0,False
2021,Single,50,adult,male,20,2,0,False
2021,Single,42,adult,male,102,3,0,False
2021,Single,28,adult,male,74,2,0,False
2021,Single,35,adult,male,138,2,0,False
2021,Single,42,adult,male,113,0,0,False
2021,Single,42,adult,female,56,2,0,False
2021,Single,58,adult,male,10,3,0,False
2021,Single,65,adult,female,93,0,0,False
2021,Single,22,youth,male,57,3,0,False
2021,Single,22,youth,male,5,3,0,False
2021,Single,50,adult,female,77,2,0,False
2021,Single,42,adult,male,40,3,0,False
2021,Single,22,youth,female,116,2,0,False
2021,Single,28,adult,male,64,2,0,False
2021,Single,58,adult,male,142,1,0,False
2021,Single,18,youth,female,62,0,0,False
2021,Single,18,youth,male,37,3,0,False
2021,Single,28,adult,male,178,1,0,False
2021,Single,42,adult,male,91,2,0,False
2021,Single,28,adult,male,21,1,0,False
2021,Single,50,adult,male,35,1,0,False
2021,Single,50,adult,male,29,2,0,False
2021,Single,22,youth,male,41,0,0,False
2021,Single,35,adult,male,1,2,0,False
2021,Single,18,youth,female,173,2,0,False
2021,Single,50,adult,male,128,3,0,False
2021,Single,22,youth,female,131,0,0,False
2021,Single,50,adult,male,152,3,0,False
2021,Single,18,youth,female,43,2,0,False
2021,Single,28,adult,male,136,2,0,False
2021,Single,42,adult,male,99,2,0,False
2021,Single,42,adult,female,42,3,0,False
2021,Single,18,youth,male,103,3,0,False
2021,Single,50,adult,male,147,1,0,False
2021,Single,35,adult,male,118,3,0,False
2021,Single,22,youth,male,30,3,0,False
2021,Single,42,adult,female,20,0,0,False
2021,Single,18,youth,male,121,2,0,False
2021,Single,42,adult,male,141,1,0,False
2021,Single,22,youth,female,73,2,0,False
2021,Single,42,adult,male,178,3,0,False
2021,Single,35,adult,male,153,1,0,False
2021,Single,18,youth,male,30,3,0,False
2021,Single,35,adult,male,108,0,0,False
2021,Single,28,adult,male,84,0,0,False
2021,Single,35,adult,male,20,2,0,False
2021,Single,28,adult,male,154,1,0,False
2021,Single,18,youth,male,90,3,0,False
2021,Single,42,adult,male,103,3,0,False
2021,Single,42,adult,male,6,3,0,False
2021,Single,22,youth,male,38,1,0,False
2021,Single,35,adult,male,112,2,0,False
2021,Single,28,adult,male,66,3,0,False
2021,Single,35,adult,female,151,2,0,False
2021,Single,35,adult,male,14,2,0,False
2021,Single,22,youth,female,158,2,0,False
2021,Single,50,adult,male,130,0,0,False
2021,Single,35,adult,male,109,0,0,False
2021,Single,42,adult,male,96,2,0,False
2021,Single,22,youth,male,135,3,0,False
2021,Single,35,adult,male,140,2,0,False
2021,Single,22,youth,male,44,1,0,False
2021,Single,58,adult,male,166,0,0,False
2021,Single,35,adult,male,33,3,0,False
2021,Single,58,adult,male,106,3,0,False
2021,Single,22,youth,male,36,0,0,False
2021,Single,42,adult,male,27,3,0,False
2021,Single,28,adult,male,9,3,0,False
2021,Single,42,adult,male,162,0,0,False
2021,Single,50,adult,male,96,2,0,False
2021,Single,28,adult,male,158,0,0,False
2021,Single,35,adult,male,87,3,0,False
2021,Single,28,adult,male,126,3,0,False
2021,Single,18,youth,male,178,1,0,False
2021,Single,18,youth,male,2,3,0,False
2021,Single,50,adult,male,88,2,0,False
2021,Single,42,adult,male,31,1,0,False
2021,Single,35,adult,male,160,3,0,False
2021,Single,42,adult,female,50,0,0,False
2021,Single,35,adult,male,109,1,0,False
2021,Single,42,adult,male,9,3,0,False
2021,Single,35,adult,female,129,0,0,False
2021,Single,58,adult,male,34,3,0,False
2021,Single,35,adult,male,6,1,0,False
2021,Single,50,adult,male,3,1,0,False
2021,Single,65,adult,female,90,1,0,False
2021,Single,22,youth,male,111,2,0,False
2021,Single,35,adult,male,36,2,0,False
2021,Single,28,adult,male,19,2,0,False
2021,Single,35,adult,male,42,0,0,False
2021,Single,50,adult,male,60,2,0,False
2021,Single,22,youth,female,13,1,0,False
2021,Single,42,adult,male,71,3,0,False
2021,Single,35,adult,female,77,3,0,False
2021,Single,22,youth,male,11,2,0,False
2021,Single,42,adult,male,33,2,0,False
2021,Single,22,youth,male,129,3,0,False
2021,Single,22,youth,male,167,2,0,False
2021,Single,28,adult,female,174,2,0,False
2021,Single,18,youth,male,41,2,0,False
2021,Single,35,adult,male,89,0,0,False
2021,Single,28,adult,female,12,1,0,False
2021,Single,18,youth,male,93,0,0,False
2021,Single,42,adult,male,176,3,0,False
2021,Single,35,adult,female,126,2,0,False
2021,Single,28,adult,female,176,1,0,False
2021,Single,35,adult,female,18,2,0,False
2021,Single,22,youth,male,153,2,0,False
2021,Single,22,youth,male,108,2,0,False
2021,Single,35,adult,male,159,2,0,False
2021,Single,35,adult,male,87,2,0,False
2021,Single,42,adult,male,125,3,0,False
2021,Single,28,adult,male,151,0,0,False
2021,Single,58,adult,female,14,2,0,False
2021,Single,42,adult,male,36,3,0,False
2021,Single,35,adult,male,12,0,0,False
2021,Single,18,youth,male,92,0,0,False
2021,Single,42,adult,female,37,0,0,False
2021,Single,42,adult,female,21,0,0,False
2021,Single,65,adult,male,99,2,0,False
2021,Single,42,adult,male,120,1,0,False
2021,Single,28,adult,male,141,1,0,False
2021,Single,35,adult,male,121,0,0,False
2021,Single,22,youth,male,10,0,0,False
2021,Single,28,adult,female,30,0,0,False
2021,Single,28,adult,female,37,2,0,False
2021,Single,42,adult,female,114,3,0,False
2021,Single,35,adult,male,64,0,0,False
2021,Single,18,youth,male,23,3,0,False
2021,Single,28,adult,male,83,2,0,False
2021,Single,35,adult,male,3,2,0,False
2021,Single,42,adult,male,34,2,0,False
2021,Single,22,youth,female,16,1,0,False
2021,Single,28,adult,female,119,3,0,False
2021,Single,35,adult,male,143,1,0,False
2021,Single,28,adult,male,159,2,0,False
2021,Single,22,youth,male,165,2,0,False
2021,Single,35,adult,male,47,2,0,False
2021,Single,35,adult,male,0,3,0,False
2021,Single,28,adult,male,91,1,0,False
2021,Single,50,adult,male,165,0,0,False
2021,Single,35,adult,female,164,1,0,False
2021,Single,35,adult,male,68,3,0,False
2021,Single,42,adult,female,93,2,0,False
2021,Single,28,adult,female,55,0,0,False
2021,Single,18,youth,male,35,3,0,False
2021,Single,18,youth,male,108,0,0,False
2021,Single,28,adult,male,59,3,0,False
2021,Single,18,youth,female,126,0,0,False
2021,Single,35,adult,female,96,1,0,False
2021,Single,35,adult,female,37,2,0,False
2021,Single,28,adult,female,102,0,0,False
2021,Single,22,youth,male,50,3,0,False
2021,Single,22,youth,female,133,1,0,False
2021,Single,22,youth,female,71,0,0,False
2021,Single,50,adult,male,178,1,0,False
2021,Single,22,youth,male,75,0,0,False
2021,Single,58,adult,female,164,3,0,False
2021,Single,22,youth,male,119,1,0,False
2021,Single,28,adult,male,70,1,0,False
2021,Single,42,adult,female,178,2,0,False
2021,Single,28,adult,male,101,0,0,False
2021,Single,50,adult,male,11,0,0,False
2021,Single,42,adult,female,144,0,0,False
2021,Single,35,adult,female,10,0,0,False
2021,Single,50,adult,female,141,2,0,False
2021,Single,28,adult,female,169,1,0,False
2021,Single,35,adult,male,144,0,0,False
2021,Single,18,youth,male,158,1,0,False
2021,Single,22,youth,male,3,3,0,False
2021,Single,50,adult,male,175,1,0,False
2021,Single,18,youth,male,144,2,0,False
2021,Single,35,adult,female,176,3,0,False
2021,Single,35,adult,female,123,2,0,False
2021,Single,18,youth,male,77,0,0,False
2021,Single,22,youth,male,167,2,0,False
2021,Single,18,youth,male,161,1,0,False
2021,Single,22,youth,female,9,3,0,False
2021,Single,35,adult,female,58,2,0,False
2021,Single,18,youth,female,165,1,0,False
2021,Single,28,adult,female,41,3,0,False
2021,Single,18,youth,male,57,1,0,False
2021,Single,50,adult,male,15,0,0,False
2021,Single,22,youth,female,48,3,0,False
2021,Single,42,adult,male,171,2,0,False
2021,Single,28,adult,male,124,3,0,False
2021,Single,42,adult,male,10,1,0,False
2021,Single,22,youth,male,144,2,0,False
2021,Single,50,adult,male,102,1,0,False
2021,Single,35,adult,male,76,1,0,False
2021,Single,35,adult,male,127,3,0,False
2021,Single,28,adult,female,129,2,0,False
2021,Single,28,adult,male,0,0,0,False
2021,Single,18,youth,male,154,2,0,False
2021,Single,50,adult,female,122,0,0,False
2021,Single,50,adult,male,21,0,0,False
2021,Single,58,adult,male,101,0,0,False
2021,Single,50,adult,male,90,1,0,False
2021,Single,50,adult,female,48,3,0,False
2021,Single,28,adult,male,116,0,0,False
2021,Single,50,adult,male,62,3,0,False
2021,Single,28,adult,male,116,1,0,False
2021,Single,58,adult,male,19,3,0,False
2021,Single,42,adult,male,45,1,0,False
2021,Single,42,adult,male,110,2,0,False
2021,Single,50,adult,male,0,3,0,False
2021,Single,42,adult,male,43,1,0,False
2021,Single,22,youth,female,117,0,0,False
2021,Single,50,adult,male,63,2,0,False
2021,Single,28,adult,male,76,3,0,False
2021,Single,28,adult,male,39,2,0,False
2021,Single,42,adult,male,52,3,0,False
2021,Single,18,youth,male,22,1,0,False
2021,Single,18,youth,male,156,2,0,False
2021,Single,35,adult,male,47,2,0,False
2021,Single,35,adult,male,94,1,0,False
2021,Single,35,adult,female,0,3,0,False
2021,Single,42,adult,male,178,0,0,False
2021,Single,28,adult,male,13,1,0,False
2021,Single,18,youth,male,75,1,0,False
2021,Single,22,youth,male,12,1,0,False
2021,Single,35,adult,male,149,2,0,False
2021,Single,28,adult,male,48,2,0,False
2021,Single,28,adult,male,122,0,0,False
2021,Single,28,adult,male,131,3,0,False
2021,Single,35,adult,male,1,1,0,False
2021,Single,35,adult,male,170,2,0,False
2021,Single,22,youth,male,17,0,0,False
2021,Single,28,adult,male,73,1,0,False
2021,Single,42,adult,male,43,0,0,False
2021,Single,35,adult,male,103,3,0,False
2021,Single,28,adult,male,157,0,0,False
2021,Single,58,adult,male,56,0,0,False
2021,Single,28,adult,female,175,2,0,False
2021,Single,18,youth,male,69,3,0,False
2021,Single,18,youth,female,61,1,0,False
2021,Single,22,youth,female,11,1,0,False
2021,Single,35,adult,male,119,1,0,False
2021,Single,28,adult,male,171,0,0,False
2021,Single,42,adult,male,179,3,0,False
2021,Single,28,adult,male,64,1,0,False
2021,Single,22,youth,male,70,0,0,False
2021,Single,22,youth,male,31,1,0,False
2021,Single,42,adult,male,100,2,0,False
2021,Single,22,youth,male,118,2,0,False
2021,Single,58,adult,male,98,1,0,False
2021,Single,42,adult,male,172,2,0,False
2021,Single,42,adult,male,151,2,0,False
2021,Single,22,youth,female,60,3,0,False
2021,Single,35,adult,female,116,0,0,False
2021,Single,35,adult,male,115,0,0,False
2021,Single,18,youth,female,19,0,0,False
2021,Single,28,adult,male,92,1,0,False
2021,Single,35,adult,male,17,2,0,False
2021,Single,35,adult,male,5,3,0,False
2021,Single,28,adult,male,135,0,0,False
2021,Single,18,youth,male,149,0,0,False
2021,Single,35,adult,male,156,2,0,False
2021,Single,28,adult,male,32,1,0,False
2021,Single,35,adult,male,21,3,0,False
2021,Single,35,adult,male,79,1,0,False
2021,Single,22,youth,male,140,1,0,False
2021,Single,35,adult,female,45,1,0,False
2021,Single,18,youth,male,170,1,0,False
2021,Single,18,youth,male,89,2,0,False
2021,Single,22,youth,male,142,0,0,False
2021,Single,58,adult,male,104,1,0,False
2021,Single,28,adult,male,20,0,0,False
2021,Single,35,adult,male,97,2,0,False
2021,Single,18,youth,female,99,2,0,False
2021,Single,35,adult,male,118,3,0,False
2021,Single,28,adult,male,179,3,0,False
2021,Single,42,adult,male,43,1,0,False
2021,Single,28,adult,male,61,0,0,False
2021,Single,42,adult,male,106,1,0,False
2021,Single,58,adult,male,108,2,0,False
2021,Single,42,adult,male,33,2,0,False
2021,Single,50,adult,male,50,0,0,False
2021,Single,50,adult,female,44,1,0,False
2021,Single,58,adult,male,122,2,0,False
2021,Single,42,adult,female,44,2,0,False
2021,Single,35,adult,male,93,1,0,False
2021,Single,28,adult,female,31,0,0,False
2021,Single,50,adult,male,130,0,0,False
2021,Single,22,youth,male,166,0,0,False
2021,Single,58,adult,male,89,2,0,False
2021,Single,42,adult,male,88,1,0,False
2021,Single,42,adult,male,140,2,0,False
2021,Single,28,adult,male,1,0,0,False
2021,Single,22,youth,male,18,0,0,False
2021,Single,22,youth,male,91,0,0,False
2021,Single,18,youth,male,118,2,0,False
2021,Single,22,youth,female,52,1,0,False
2021,Single,28,adult,male,97,2,0,False
2021,Single,65,adult,male,67,0,0,False
2021,Single,18,youth,male,101,0,0,False
2021,Single,28,adult,female,9,1,0,False
2021,Single,35,adult,female,58,0,0,False
2021,Single,22,youth,male,65,2,0,False
2021,Single,28,adult,male,172,1,0,False
2021,Single,35,adult,female,55,1,0,False
2021,Single,22,youth,male,154,0,0,False
2021,Single,50,adult,male,162,2,0,False
2021,Single,42,adult,male,43,2,0,False
2021,Single,42,adult,female,42,0,0,False
2021,Single,58,adult,female,10,0,0,False
2021,Single,35,adult,female,111,2,0,False
2021,Single,35,adult,male,162,3,0,False
2021,Single,28,adult,male,68,1,0,False
2021,Single,18,youth,male,25,2,0,False
2021,Single,42,adult,male,4,0,0,False
2021,Single,58,adult,male,88,3,0,False
2021,Single,58,adult,male,100,3,0,False
2021,Single,35,adult,male,99,3,0,False
2021,Single,22,youth,female,170,3,0,False
2021,Single,35,adult,male,142,0,0,False
2021,Single,50,adult,male,7,3,0,False
2021,Single,22,youth,male,92,2,0,False
2021,Single,28,adult,male,72,1,0,False
2021,Single,18,youth,female,43,3,0,False
2021,Single,18,youth,male,163,0,0,False
2021,Single,18,youth,male,86,0,0,False
2021,Single,50,adult,female,6,2,0,False
2021,Single,42,adult,female,71,0,0,False
2021,Single,28,adult,female,13,1,0,False
2021,Single,22,youth,male,7,0,0,False
2021,Single,28,adult,male,150,0,0,False
2021,Single,22,youth,male,4,2,0,False
2021,Single,42,adult,male,3,2,0,False
2021,Single,28,adult,female,55,0,0,False
2021,Single,35,adult,male,150,3,0,False
2021,Single,22,youth,male,16,1,0,False
2021,Single,42,adult,female,100,3,0,False
2021,Single,18,youth,female,151,2,0,False
2021,Single,35,adult,male,2,0,0,False
2021,Single,50,adult,male,5,2,0,False
2021,Single,22,youth,male,70,1,0,False
2021,Single,35,adult,male,36,1,0,False
2021,Single,18,youth,male,67,1,0,False
2021,Single,28,adult,male,85,1,0,False
2021,Single,42,adult,male,96,0,0,False
2021,Single,58,adult,male,166,2,0,False
2021,Single,22,youth,male,70,3,0,False
2021,Single,58,adult,male,157,3,0,False
2021,Single,50,adult,female,87,1,0,False
2021,Single,42,adult,female,13,0,0,False
2021,Single,42,adult,male,24,3,0,False
2021,Single,18,youth,female,60,0,0,False
2021,Single,28,adult,female,134,2,0,False
2021,Single,35,adult,male,129,1,0,False
2021,Single,22,youth,female,173,0,0,False
2021,Single,18,youth,female,40,0,0,False
2021,Single,35,adult,male,136,3,0,False
2021,Single,35,adult,male,53,2,0,False
2021,Single,42,adult,male,42,0,0,False
2021,Single,28,adult,male,109,2,0,False
2021,Single,58,adult,female,127,1,0,False
2021,Single,58,adult,female,126,0,0,False
2021,Single,35,adult,female,55,3,0,False
2021,Single,28,adult,male,176,1,0,False
2021,Single,22,youth,male,93,3,0,False
2021,Single,42,adult,male,66,3,0,False
2021,Single,28,adult,male,78,0,0,False
2021,Single,22,youth,male,56,2,0,False
2021,Single,22,youth,female,55,3,0,False
2021,Single,35,adult,female,171,1,0,False
2021,Single,35,adult,male,116,3,0,False
2021,Single,58,adult,female,51,3,0,False
2021,Single,35,adult,male,27,0,0,False
2021,Single,28,adult,female,97,0,0,False
2021,Single,35,adult,male,115,0,0,False
2021,Single,42,adult,female,107,2,0,False
2021,Single,58,adult,male,105,1,0,False
2021,Single,42,adult,female,117,1,0,False
2021,Single,42,adult,female,67,3,0,False
2021,Single,50,adult,male,33,0,0,False
2021,Single,28,adult,male,158,0,0,False
2021,Single,28,adult,male,96,1,0,False
2021,Single,28,adult,male,93,3,0,False
2021,Single,35,adult,male,12,3,0,False
2021,Single,42,adult,female,65,2,0,False
2021,Single,42,adult,female,164,0,0,False
2021,Single,42,adult,female,135,1,0,False
2021,Single,35,adult,female,103,2,0,False
2021,Single,58,adult,male,53,0,0,False
2021,Single,35,adult,female,89,1,0,False
2021,Single,42,adult,female,52,1,0,False
2021,Single,18,youth,male,75,0,0,False
2021,Single,18,youth,female,72,1,0,False
2021,Single,42,adult,male,112,1,0,False
2021,Single,58,adult,female,87,0,0,False
2021,Single,28,adult,male,165,1,0,False
2021,Single,42,adult,male,105,3,0,False
2021,Single,42,adult,female,21,3,0,False
2021,Single,35,adult,male,30,1,0,False
2021,Single,42,adult,male,13,0,0,False
2021,Single,28,adult,female,87,3,0,False
2021,Single,28,adult,female,157,0,0,False
2021,Single,35,adult,male,92,3,0,False
2021,Single,18,youth,male,37,2,0,False
2021,Single,35,adult,male,164,2,0,False
2021,Single,28,adult,female,121,3,0,False
2021,Single,58,adult,male,32,0,0,False
2021,Single,42,adult,male,32,3,0,False
2021,Single,35,adult,male,172,1,0,False
2021,Single,28,adult,female,58,2,0,False
2021,Single,50,adult,male,18,3,0,False
2021,Single,28,adult,male,98,2,0,False
2021,Single,28,adult,male,104,2,0,False
2021,Single,18,youth,male,20,3,0,False
2021,Single,28,adult,male,130,1,0,False
2021,Single,18,youth,female,2,3,0,False
2021,Single,50,adult,female,100,0,0,False
2021,Single,58,adult,male,111,0,0,False
2021,Single,28,adult,male,3,1,0,False
2021,Single,18,youth,female,101,0,0,False
2021,Single,42,adult,male,15,3,0,False
2021,Single,22,youth,male,23,0,0,False
2021,Single,28,adult,male,128,0,0,False
2021,Single,18,youth,male,2,3,0,False
2021,Single,50,adult,male,131,0,0,False
2021,Single,28,adult,male,127,0,0,False
2021,Single,42,adult,male,153,1,0,False
2021,Single,35,adult,male,2,3,0,False
2021,Single,28,adult,male,14,1,0,False
2021,Single,28,adult,female,19,3,0,False
2021,Single,22,youth,male,44,3,0,False
2021,Single,28,adult,female,50,3,0,False
2021,Single,42,adult,male,130,2,0,False
2021,Single,35,adult,male,89,2,0,False
2021,Single,42,adult,male,150,3,0,False
2021,Single,28,adult,male,173,1,0,False
2021,Single,35,adult,male,144,0,0,False
2021,Single,28,adult,male,164,1,0,False
2021,Single,35,adult,female,36,2,0,False
2021,Single,35,adult,male,31,1,0,False
2021,Single,18,youth,male,116,1,0,False
2021,Single,35,adult,male,105,2,0,False
2021,Single,50,adult,male,101,0,0,False
2021,Single,18,youth,male,4,2,0,False
2021,Single,42,adult,male,8,3,0,False
2021,Single,42,adult,male,95,0,0,False
2021,Single,42,adult,male,160,3,0,False
2021,Single,42,adult,male,91,2,0,False
2021,Single,28,adult,male,134,1,0,False
2021,Single,35,adult,male,95,2,0,False
2021,Single,35,adult,male,62,2,0,False
2021,Single,28,adult,male,49,3,0,False
2021,Single,22,youth,female,69,3,0,False
2021,Single,58,adult,male,17,1,0,False
2021,Single,18,youth,male,9,0,0,False
2021,Single,35,adult,male,165,3,0,False
2021,Single,35,adult,female,66,0,0,False
2021,Single,50,adult,male,138,1,0,False
2021,Single,42,adult,female,10,2,0,False
2021,Single,58,adult,female,5,0,0,False
2021,Single,42,adult,male,114,0,0,False
2021,Single,42,adult,male,25,1,0,False
2021,Single,28,adult,male,21,1,0,False
2021,Single,35,adult,male,74,2,0,False
2021,Single,42,adult,male,14,3,0,False
2021,Single,22,youth,female,162,1,0,False
2021,Single,42,adult,male,149,2,0,False
2021,Single,58,adult,female,176,0,0,False
2021,Single,28,adult,female,33,2,0,False
2021,Single,50,adult,male,177,3,0,False
2021,Single,50,adult,male,37,2,0,False
2021,Single,28,adult,male,125,3,0,False
2021,Single,42,adult,male,131,2,0,False
2021,Single,42,adult,male,3,3,0,False
2021,Single,28,adult,male,121,2,0,False
2021,Single,18,youth,male,84,0,0,False
2021,Single,18,youth,male,116,1,0,False
2021,Single,22,youth,male,22,0,0,False
2021,Single,22,youth,male,162,0,0,False
2021,Single,22,youth,female,179,3,0,False
2021,Single,50,adult,male,132,2,0,False
2021,Single,35,adult,male,47,2,0,False
2021,Single,28,adult,male,130,2,0,False
2021,Single,35,adult,male,145,1,0,False
2021,Single,35,adult,male,47,3,0,False
2021,Single,22,youth,female,41,1,0,False
2021,Single,35,adult,male,158,2,0,False
2021,Single,35,adult,male,10,1,0,False
2021,Single,42,adult,female,40,0,0,False
2021,Single,50,adult,male,123,0,0,False
2021,Single,50,adult,male,94,1,0,False
2021,Single,18,youth,male,122,1,0,False
2021,Single,42,adult,male,36,0,0,False
2021,Single,58,adult,female,82,0,0,False
2021,Single,22,youth,male,49,2,0,False
2021,Single,28,adult,female,75,2,0,False
2021,Single,42,adult,male,131,3,0,False
2021,Single,28,adult,female,131,2,0,False
2021,Single,18,youth,male,89,1,0,False
2021,Single,42,adult,female,149,1,0,False
2021,Single,35,adult,male,108,1,0,False
2021,Single,58,adult,female,135,0,0,False
2021,Single,35,adult,male,59,0,0,False
2021,Single,50,adult,female,68,2,0,False
2021,Single,42,adult,female,46,3,0,False
2021,Single,18,youth,male,3,2,0,False
2021,Single,22,youth,male,82,0,0,False
2021,Single,35,adult,male,117,3,0,False
2021,Single,28,adult,male,110,2,0,False
2021,Single,22,youth,male,45,3,0,False
2021,Single,22,youth,male,48,2,0,False
2021,Single,35,adult,male,76,2,0,False
2021,Single,58,adult,male,39,2,0,False
2021,Single,28,adult,female,2,1,0,False
2021,Single,35,adult,male,120,1,0,False
2021,Single,35,adult,male,161,3,0,False
2021,Single,18,youth,female,162,3,0,False
2021,Single,28,adult,male,67,0,0,False
2021,Single,42,adult,male,13,3,0,False
2021,Single,28,adult,male,41,2,0,False
2021,Single,18,youth,male,45,0,0,False
2021,Single,28,adult,female,173,1,0,False
2021,Single,28,adult,male,103,0,0,False
2021,Single,18,youth,female,94,2,0,False
2021,Single,35,adult,female,109,0,0,False
2021,Single,58,adult,female,78,0,0,False
2021,Single,28,adult,female,87,1,0,False
2021,Single,22,youth,male,55,2,0,False
2021,Single,28,adult,male,61,3,0,False
2021,Single,28,adult,male,9,1,0,False
2021,Single,58,adult,male,39,0,0,False
2021,Single,28,adult,male,115,1,0,False
2021,Single,28,adult,female,160,2,0,False
2021,Single,42,adult,male,107,0,0,False
2021,Single,42,adult,female,136,0,0,False
2021,Single,28,adult,male,41,3,0,False
2021,Single,35,adult,male,147,3,0,False
2021,Single,42,adult,male,73,0,0,False
2021,Single,35,adult,male,123,2,0,False
2021,Single,42,adult,male,164,0,0,False
2021,Single,42,adult,female,101,0,0,False
2021,Single,35,adult,male,163,2,0,False
2021,Single,35,adult,male,20,1,0,False
2021,Single,35,adult,male,40,0,0,False
2021,Single,28,adult,male,77,0,0,False
2021,Single,35,adult,female,53,2,0,False
2021,Single,42,adult,female,138,2,0,False
2021,Single,58,adult,female,103,3,0,False
2021,Single,22,youth,male,78,3,0,False
2021,Single,50,adult,male,90,0,0,False
2021,Single,42,adult,female,52,3,0,False
2021,Single,35,adult,male,155,2,0,False
2021,Single,35,adult,female,81,0,0,False
2021,Single,18,youth,male,169,0,0,False
2021,Single,42,adult,male,2,2,0,False
2021,Single,18,youth,male,144,1,0,False
2021,Single,28,adult,male,74,0,0,False
2021,Single,35,adult,male,116,3,0,False
2021,Single,28,adult,female,124,2,0,False
2021,Single,58,adult,male,150,2,0,False
2021,Single,22,youth,female,5,0,0,False
2021,Single,28,adult,female,10,0,0,False
2021,Single,50,adult,male,45,0,0,False
2021,Single,22,youth,male,48,0,0,False
2021,Single,35,adult,male,144,1,0,False
2021,Single,22,youth,female,46,1,0,False
2021,Single,42,adult,female,59,2,0,False
2021,Single,50,adult,female,160,1,0,False
2021,Single,22,youth,male,47,3,0,False
2021,Single,18,youth,male,36,0,0,False
2021,Single,50,adult,female,58,0,0,False
2021,Single,18,youth,female,156,3,0,False
2021,Single,18,youth,male,15,1,0,False
2021,Single,28,adult,male,78,3,0,False
2021,Single,58,adult,male,144,2,0,False
2021,Single,42,adult,female,126,0,0,False
2021,Single,35,adult,female,15,3,0,False
2021,Single,35,adult,female,42,0,0,False
2021,Single,58,adult,male,10,0,0,False
2021,Single,35,adult,male,112,0,0,False
2021,Single,50,adult,female,42,1,0,False
2021,Single,22,youth,male,81,1,0,False
2021,Single,22,youth,male,22,0,0,False
2021,Single,42,adult,male,162,0,0,False
2021,Single,42,adult,male,139,2,0,False
2021,Single,35,adult,male,133,3,0,False
2021,Single,35,adult,male,146,2,0,False
2021,Single,35,adult,female,158,3,0,False
2021,Single,42,adult,female,94,2,0,False
2021,Single,28,adult,female,170,1,0,False
2021,Single,18,youth,female,130,3,0,False
2021,Single,35,adult,male,21,2,0,False
2021,Single,28,adult,male,55,1,0,False
2021,Single,42,adult,male,10,3,0,False
2021,Single,58,adult,male,69,0,0,False
2021,Single,65,adult,male,10,3,0,False
2021,Single,50,adult,male,144,1,0,False
2021,Single,22,youth,female,146,0,0,False
2021,Single,42,adult,female,132,1,0,False
2021,Single,58,adult,male,173,0,0,False
2021,Single,18,youth,female,13,3,0,False
2021,Single,58,adult,female,102,2,0,False
2021,Single,22,youth,male,139,2,0,False
2021,Single,28,adult,male,169,3,0,False
2021,Single,22,youth,male,12,3,0,False
2021,Single,22,youth,female,88,3,0,False
2021,Single,58,adult,male,118,0,0,False
2021,Single,18,youth,male,58,0,0,False
2021,Single,35,adult,female,93,2,0,False
2021,Single,35,adult,male,57,1,0,False
2021,Single,22,youth,male,73,1,0,False
2021,Single,35,adult,female,114,2,0,False
2021,Single,28,adult,female,149,1,0,False
2021,Single,22,youth,male,0,2,0,False
2021,Single,42,adult,male,76,1,0,False
2021,Single,28,adult,female,162,0,0,False
2021,Single,22,youth,male,115,1,0,False
2021,Single,50,adult,male,37,3,0,False
2021,Single,18,youth,male,84,2,0,False
2021,Single,28,adult,female,113,2,0,False
2021,Single,35,adult,female,21,3,0,False
2021,Single,35,adult,male,67,2,0,False
2021,Single,28,adult,male,41,2,0,False
2021,Single,22,youth,male,121,1,0,False
2021,Single,42,adult,female,115,3,0,False
2021,Single,18,youth,male,97,0,0,False
2021,Single,28,adult,female,172,3,0,False
2021,Single,28,adult,male,129,2,0,False
2021,Single,18,youth,female,124,3,0,False
2021,Single,28,adult,male,175,2,0,False
2021,Single,35,adult,male,94,3,0,False
2021,Single,35,adult,male,152,1,0,False
2021,Single,22,youth,female,5,0,0,False
2021,Single,18,youth,female,8,3,0,False
2021,Single,22,youth,male,82,1,0,False
2021,Single,35,adult,male,97,3,0,False
2021,Single,58,adult,male,90,1,0,False
2021,Single,28,adult,female,144,0,0,False
2021,Single,42,adult,male,16,1,0,False
2021,Single,42,adult,male,128,1,0,False
2021,Single,18,youth,male,23,1,0,False
2021,Single,50,adult,female,82,2,0,False
2021,Single,42,adult,male,130,0,0,False
2021,Single,58,adult,male,105,1,0,False
2021,Single,50,adult,female,69,2,0,False
2021,Single,42,adult,female,170,0,0,False
2021,Single,35,adult,male,77,1,0,False
2021,Single,42,adult,female,20,3,0,False
2021,Single,42,adult,female,106,2,0,False
2021,Single,42,adult,male,74,2,0,False
2021,Single,50,adult,male,123,0,0,False
2021,Single,35,adult,male,74,2,0,False
2021,Single,50,adult,male,164,1,0,False
2021,Single,50,adult,male,56,0,0,False
2021,Single,50,adult,female,145,3,0,False
2021,Single,58,adult,female,170,0,0,False
2021,Single,35,adult,male,82,3,0,False
2021,Single,42,adult,male,7,0,0,False
2021,Single,58,adult,male,91,3,0,False
2021,Single,28,adult,female,50,0,0,False
2021,Single,18,youth,female,44,0,0,False
2021,Single,35,adult,male,89,0,0,False
2021,Single,58,adult,male,127,0,0,False
2021,Single,22,youth,female,83,0,0,False
2021,Single,50,adult,female,170,1,0,False
2021,Single,18,youth,female,67,2,0,False
2021,Single,42,adult,male,174,0,0,False
2021,Single,28,adult,male,32,0,0,False
2021,Single,22,youth,female,33,0,0,False
2021,Single,50,adult,female,7,3,0,False
2021,Single,28,adult,female,109,0,0,False
2021,Single,65,adult,male,40,3,0,False
2021,Single,22,youth,male,93,2,0,False
2021,Single,42,adult,male,103,3,0,False
2021,Single,22,youth,male,168,3,0,False
2021,Single,18,youth,male,140,1,0,False
2021,Single,22,youth,female,75,2,0,False
2021,Single,35,adult,male,102,3,0,False
2021,Single,18,youth,female,53,3,0,False
2021,Single,35,adult,female,38,1,0,False
2021,Single,28,adult,male,168,3,0,False
2021,Single,28,adult,male,77,0,0,False
2021,Single,28,adult,male,132,3,0,False
2021,Single,35,adult,male,84,1,0,False
2021,Single,28,adult,male,144,0,0,False
2021,Single,58,adult,female,45,2,0,False
2021,Single,50,adult,male,11,2,0,False
2021,Single,22,youth,male,165,3,0,False
2021,Single,35,adult,male,44,1,0,False
2021,Single,28,adult,male,52,1,0,False
2021,Single,18,youth,male,30,2,0,False
2021,Single,42,adult,female,156,1,0,False
2021,Single,28,adult,male,121,0,0,False
2021,Single,35,adult,female,160,0,0,False
2021,Single,58,adult,male,111,2,0,False
2021,Single,22,youth,male,174,0,0,False
2021,Single,18,youth,male,175,0,0,False
2021,Single,18,youth,female,62,1,0,False
2021,Single,18,youth,male,49,3,0,False
2021,Single,50,adult,male,163,0,0,False
2021,Single,18,youth,male,127,1,0,False
2021,Single,42,adult,male,39,1,0,False
2021,Single,28,adult,male,125,2,0,False
2021,Single,35,adult,male,128,3,0,False
2021,Single,50,adult,male,136,1,0,False
2021,Single,35,adult,male,159,2,0,False
2021,Single,22,youth,female,23,1,0,False
2021,Single,35,adult,male,177,1,0,False
2021,Single,42,adult,male,129,3,0,False
2021,Single,42,adult,female,60,2,0,False
2021,Single,42,adult,male,74,1,0,False
2021,Single,42,adult,female,61,3,0,False
2021,Single,22,youth,male,79,3,0,False
2021,Single,28,adult,male,71,1,0,False
2021,Single,18,youth,male,67,3,0,False
2021,Single,35,adult,male,176,3,0,False
2021,Single,22,youth,female,168,1,0,False
2021,Single,28,adult,female,31,2,0,False
2021,Single,50,adult,male,143,3,0,False
2021,Single,42,adult,female,56,2,0,False
2021,Single,28,adult,female,75,0,0,False
2021,Single,42,adult,male,46,3,0,False
2021,Single,35,adult,male,171,3,0,False
2021,Single,28,adult,female,1,0,0,False
2021,Single,50,adult,male,24,2,0,False
2021,Single,35,adult,female,35,2,0,False
2021,Single,50,adult,female,24,3,0,False
2021,Single,28,adult,male,88,2,0,False
2021,Single,58,adult,male,94,1,0,False
2021,Single,50,adult,male,114,0,0,False
2021,Single,42,adult,female,107,2,0,False
2021,Single,35,adult,male,129,0,0,False
2021,Single,28,adult,male,12,1,0,False
2021,Single,42,adult,male,43,1,0,False
2021,Single,35,adult,male,50,2,0,False
2021,Single,50,adult,female,69,0,0,False
2021,Single,35,adult,male,169,1,0,False
2021,Single,42,adult,male,177,3,0,False
2021,Single,50,adult,male,22,3,0,False
2021,Single,35,adult,male,27,1,0,False
2021,Single,58,adult,male,153,0,0,False
2021,Single,28,adult,male,176,1,0,False
2021,Single,18,youth,male,162,3,0,False
2021,Single,22,youth,female,129,2,0,False
2021,Single,22,youth,female,165,2,0,False
2021,Single,58,adult,male,83,0,0,False
2021,Single,35,adult,male,10,1,0,False
2021,Single,28,adult,male,139,0,0,False
2021,Single,22,youth,male,6,1,0,False
2021,Single,22,youth,female,121,0,0,False
2021,Single,18,youth,male,174,2,0,False
2021,Single,28,adult,male,155,1,0,False
2021,Single,18,youth,male,165,2,0,False
2021,Single,22,youth,female,163,1,0,False
2021,Single,28,adult,male,4,0,0,False
2021,Single,42,adult,female,80,1,0,False
2021,Single,18,youth,male,69,2,0,False
2021,Single,50,adult,female,19,1,0,False
2021,Single,18,youth,male,152,2,0,False
2021,Single,35,adult,female,55,3,0,False
2021,Single,35,adult,female,49,2,0,False
2021,Single,28,adult,male,105,1,0,False
2021,Single,35,adult,female,59,0,0,False
2021,Single,42,adult,male,101,3,0,False
2021,Single,42,adult,male,176,2,0,False
2021,Single,50,adult,female,62,1,0,False
2021,Single,22,youth,female,10,0,0,False
2021,Single,28,adult,female,77,3,0,False
2021,Single,50,adult,female,36,0,0,False
2021,Single,58,adult,male,123,2,0,False
2021,Single,22,youth,male,132,0,0,False
2024,Single,58,adult,male,4,2,0,False
2024,Single,35,adult,male,140,2,0,False
2024,Single,18,youth,male,58,1,0,False
2024,Single,35,adult,female,80,1,0,False
2024,Single,42,adult,male,5,2,0,False
2024,Single,18,youth,male,99,2,0,False
2024,Single,50,adult,male,163,0,0,False
2024,Single,28,adult,female,143,1,0,False
2024,Single,28,adult,male,106,3,0,False
2024,Single,28,adult,male,6,3,0,False
2024,Single,35,adult,male,18,1,0,False
2024,Single,18,youth,male,177,1,0,False
2024,Single,35,adult,female,19,3,0,False
2024,Single,28,adult,female,148,2,0,False
2024,Single,28,adult,male,138,1,0,False
2024,Single,28,adult,male,58,3,0,False
2024,Single,22,youth,male,41,3,0,False
2024,Single,28,adult,male,49,0,0,False
2024,Single,22,youth,male,16,3,0,False
2024,Single,28,adult,male,146,2,0,False
2024,Single,35,adult,female,131,0,0,False
2024,Single,28,adult,female,132,2,0,False
2024,Single,58,adult,male,30,0,0,False
2024,Single,22,youth,male,114,3,0,False
2024,Single,35,adult,female,6,2,0,False
2024,Single,18,youth,male,26,1,0,False
2024,Single,28,adult,male,11,2,0,False
2024,Single,28,adult,male,161,2,0,False
2024,Single,35,adult,male,96,0,0,False
2024,Single,18,youth,male,57,2,0,False
2024,Single,65,adult,female,87,3,0,False
2024,Single,22,youth,female,147,3,0,False
2024,Single,28,adult,female,93,1,0,False
2024,Single,35,adult,male,4,2,0,False
2024,Single,58,adult,female,141,2,0,False
2024,Single,18,youth,male,37,3,0,False
2024,Single,50,adult,male,110,0,0,False
2024,Single,28,adult,female,25,3,0,False
2024,Single,42,adult,female,121,3,0,False
2024,Single,42,adult,male,30,1,0,False
2024,Single,42,adult,female,21,1,0,False
2024,Single,28,adult,male,161,0,0,False
2024,Single,18,youth,male,90,2,0,False
2024,Single,35,adult,male,153,0,0,False
2024,Single,22,youth,female,68,0,0,False
2024,Single,35,adult,female,8,2,0,False
2024,Single,22,youth,male,169,3,0,False
2024,Single,35,adult,male,40,1,0,False
2024,Single,28,adult,male,88,2,0,False
2024,Single,58,adult,female,114,3,0,False
2024,Single,58,adult,male,68,3,0,False
2024,Single,35,adult,female,131,3,0,False
2024,Single,18,youth,male,168,2,0,False
2024,Single,35,adult,male,118,1,0,False
2024,Single,50,adult,male,50,0,0,False
2024,Single,18,youth,male,27,0,0,False
2024,Single,35,adult,female,153,0,0,False
2024,Single,22,youth,male,175,2,0,False
2024,Single,42,adult,male,9,3,0,False
2024,Single,28,adult,female,48,2,0,False
2024,Single,58,adult,female,39,2,0,False
2024,Single,42,adult,female,39,1,0,False
2024,Single,42,adult,female,137,1,0,False
2024,Single,22,youth,male,169,2,0,False
2024,Single,28,adult,female,74,2,0,False
2024,Single,35,adult,male,47,0,0,False
2024,Single,50,adult,male,117,1,0,False
2024,Single,28,adult,male,163,2,0,False
2024,Single,50,adult,female,146,3,0,False
2024,Single,42,adult,female,52,2,0,False
2024,Single,42,adult,male,41,2,0,False
2024,Single,22,youth,female,98,3,0,False
2024,Single,35,adult,female,27,3,0,False
2024,Single,42,adult,male,142,2,0,False
2024,Single,58,adult,male,175,1,0,False
2024,Single,22,youth,male,117,0,0,False
2024,Single,22,youth,male,85,0,0,False
2024,Single,18,youth,male,158,3,0,False
2024,Single,42,adult,male,162,2,0,False
2024,Single,35,adult,female,162,1,0,False
2024,Single,28,adult,male,72,2,0,False
2024,Single,50,adult,male,59,0,0,False
2024,Single,28,adult,male,126,3,0,False
2024,Single,28,adult,male,4,1,0,False
2024,Single,22,youth,female,59,1,0,False
2024,Single,42,adult,male,7,2,0,False
2024,Single,65,adult,female,42,0,0,False
2024,Single,42,adult,male,111,1,0,False
2024,Single,28,adult,male,135,1,0,False
2024,Single,35,adult,male,177,2,0,False
2024,Single,35,adult,male,55,2,0,False
2024,Single,22,youth,male,105,2,0,False
2024,Single,42,adult,male,72,2,0,False
2024,Single,58,adult,male,45,0,0,False
2024,Single,28,adult,female,22,0,0,False
2024,Single,50,adult,male,138,0,0,False
2024,Single,65,adult,female,81,1,0,False
2024,Single,50,adult,male,48,0,0,False
2024,Single,22,youth,male,146,1,0,False
2024,Single,28,adult,male,145,1,0,False
2024,Single,22,youth,male,41,2,0,False
2024,Single,35,adult,male,149,0,0,False
2024,Single,42,adult,female,84,2,0,False
2024,Single,50,adult,male,137,3,0,False
2024,Single,22,youth,female,136,3,0,False
2024,Single,18,youth,male,71,0,0,False
2024,Single,42,adult,male,76,1,0,False
2024,Single,18,youth,male,148,3,0,False
2024,Single,42,adult,male,155,2,0,False
2024,Single,18,youth,male,111,1,0,False
2024,Single,35,adult,male,115,1,0,False
2024,Single,42,adult,male,41,1,0,False
2024,Single,65,adult,male,170,0,0,False
2024,Single,22,youth,female,152,0,0,False
2024,Single,65,adult,female,66,3,0,False
2024,Single,22,youth,male,3,0,0,False
2024,Single,28,adult,male,18,3,0,False
2024,Single,50,adult,male,175,2,0,False
2024,Single,22,youth,female,15,2,0,False
2024,Single,22,youth,female,17,2,0,False
2024,Single,42,adult,female,144,1,0,False
2024,Single,42,adult,female,179,0,0,False
2024,Single,42,adult,male,141,0,0,False
2024,Single,50,adult,male,155,3,0,False
2024,Single,42,adult,male,38,0,0,False
2024,Single,42,adult,male,84,0,0,False
2024,Single,50,adult,male,26,1,0,False
2024,Single,42,adult,male,93,0,0,False
2024,Single,50,adult,female,130,0,0,False
2024,Single,22,youth,female,16,1,0,False
2024,Single,22,youth,male,33,0,0,False
2024,Single,50,adult,male,120,3,0,False
2024,Single,35,adult,female,109,2,0,False
2024,Single,42,adult,female,42,3,0,False
2024,Single,22,youth,male,64,1,0,False
2024,Single,22,youth,male,30,3,0,False
2024,Single,42,adult,male,139,1,0,False
2024,Single,18,youth,male,130,0,0,False
2024,Single,42,adult,male,50,2,0,False
2024,Single,65,adult,female,169,2,0,False
2024,Single,50,adult,male,38,2,0,False
2024,Single,42,adult,female,18,2,0,False
2024,Single,28,adult,male,92,2,0,False
2024,Single,35,adult,female,74,1,0,False
2024,Single,42,adult,male,85,2,0,False
2024,Single,42,adult,male,174,2,0,False
2024,Single,58,adult,female,111,3,0,False
2024,Single,42,adult,male,106,0,0,False
2024,Single,42,adult,female,62,0,0,False
2024,Single,58,adult,male,150,2,0,False
2024,Single,35,adult,male,80,2,0,False
2024,Single,35,adult,female,40,2,0,False
2024,Single,50,adult,female,107,1,0,False
2024,Single,35,adult,male,50,2,0,False
2024,Single,65,adult,female,25,3,0,False
2024,Single,28,adult,female,174,1,0,False
2024,Single,35,adult,female,45,0,0,False
2024,Single,22,youth,male,97,2,0,False
2024,Single,35,adult,male,63,3,0,False
2024,Single,28,adult,female,87,2,0,False
2024,Single,18,youth,female,150,2,0,False
2024,Single,28,adult,female,119,1,0,False
2024,Single,22,youth,male,147,2,0,False
2024,Single,28,adult,male,102,2,0,False
2024,Single,18,youth,female,134,2,0,False
2024,Single,42,adult,female,168,3,0,False
2024,Single,18,youth,female,42,3,0,False
2024,Single,42,adult,male,41,2,0,False
2024,Single,42,adult,female,123,2,0,False
2024,Single,22,youth,male,178,1,0,False
2024,Single,35,adult,male,73,2,0,False
2024,Single,22,youth,male,167,2,0,False
2024,Single,50,adult,male,117,0,0,False
2024,Single,42,adult,female,156,1,0,False
2024,Single,42,adult,male,109,3,0,False
2024,Single,50,adult,female,4,0,0,False
2024,Single,35,adult,male,46,2,0,False
2024,Single,28,adult,male,149,0,0,False
2024,Single,28,adult,female,4,1,0,False
2024,Single,42,adult,female,50,2,0,False
2024,Single,42,adult,male,40,0,0,False
2024,Single,50,adult,female,165,0,0,False
2024,Single,35,adult,female,76,1,0,False
2024,Single,35,adult,male,9,1,0,False
2024,Single,35,adult,male,162,1,0,False
2024,Single,28,adult,male,109,2,0,False
2024,Single,42,adult,male,65,1,0,False
2024,Single,35,adult,male,63,1,0,False
2024,Single,42,adult,female,46,3,0,False
2024,Single,50,adult,female,97,2,0,False
2024,Single,42,adult,male,74,1,0,False
2024,Single,35,adult,male,72,1,0,False
2024,Single,35,adult,female,7,3,0,False
2024,Single,35,adult,female,137,3,0,False
2024,Single,50,adult,female,110,0,0,False
2024,Single,28,adult,male,35,1,0,False
2024,Single,35,adult,male,81,3,0,False
2024,Single,42,adult,male,62,3,0,False
2024,Single,22,youth,female,178,0,0,False
2024,Single,42,adult,male,89,0,0,False
2024,Single,35,adult,male,170,3,0,False
2024,Single,35,adult,male,139,0,0,False
2024,Single,42,adult,male,51,3,0,False
2024,Single,18,youth,male,58,0,0,False
2024,Single,28,adult,female,34,0,0,False
2024,Single,22,youth,male,170,2,0,False
2024,Single,22,youth,male,100,2,0,False
2024,Single,35,adult,male,152,3,0,False
2024,Single,18,youth,male,91,3,0,False
2024,Single,35,adult,male,0,1,0,False
2024,Single,28,adult,male,77,0,0,False
2024,Single,50,adult,male,168,0,0,False
2024,Single,42,adult,male,169,0,0,False
2024,Single,18,youth,male,35,1,0,False
2024,Single,35,adult,male,53,0,0,False
2024,Single,28,adult,male,86,2,0,False
2024,Single,28,adult,male,140,0,0,False
2024,Single,28,adult,male,124,2,0,False
2024,Single,35,adult,male,145,0,0,False
2024,Single,42,adult,female,141,1,0,False
2024,Single,22,youth,male,97,0,0,False
2024,Single,28,adult,male,168,3,0,False
2024,Single,18,youth,male,53,3,0,False
2024,Single,28,adult,male,12,3,0,False
2024,Single,28,adult,male,11,0,0,False
2024,Single,58,adult,male,27,0,0,False
2024,Single,22,youth,male,178,3,0,False
2024,Single,28,adult,female,18,0,0,False
2024,Single,42,adult,male,166,2,0,False
2024,Single,22,youth,male,26,1,0,False
2024,Single,22,youth,male,62,3,0,False
2024,Single,50,adult,male,120,1,0,False
2024,Single,50,adult,male,142,3,0,False
2024,Single,28,adult,male,161,2,0,False
2024,Single,65,adult,male,96,1,0,False
2024,Single,18,youth,female,105,1,0,False
2024,Single,42,adult,male,174,3,0,False
2024,Single,22,youth,male,161,1,0,False
2024,Single,42,adult,male,41,0,0,False
2024,Single,22,youth,male,175,0,0,False
2024,Single,18,youth,male,71,0,0,False
2024,Single,35,adult,female,81,1,0,False
2024,Single,50,adult,male,151,2,0,False
2024,Single,28,adult,male,121,3,0,False
2024,Single,58,adult,male,171,1,0,False
2024,Single,22,youth,male,119,2,0,False
2024,Single,50,adult,male,96,3,0,False
2024,Single,22,youth,male,168,3,0,False
2024,Single,35,adult,female,142,1,0,False
2024,Single,18,youth,male,165,0,0,False
2024,Single,42,adult,male,7,0,0,False
2024,Single,22,youth,male,127,3,0,False
2024,Single,35,adult,female,142,0,0,False
2024,Single,28,adult,female,64,0,0,False
2024,Single,58,adult,male,59,3,0,False
2024,Single,42,adult,male,92,0,0,False
2024,Single,22,youth,male,126,3,0,False
2024,Single,18,youth,female,173,2,0,False
2024,Single,35,adult,male,108,2,0,False
2024,Single,18,youth,male,134,2,0,False
2024,Single,18,youth,male,34,1,0,False
2024,Single,50,adult,male,12,3,0,False
2024,Single,58,adult,male,124,2,0,False
2024,Single,18,youth,male,152,2,0,False
2024,Single,42,adult,male,154,3,0,False
2024,Single,35,adult,female,173,0,0,False
2024,Single,35,adult,female,171,0,0,False
2024,Single,65,adult,female,103,2,0,False
2024,Single,42,adult,female,51,0,0,False
2024,Single,35,adult,male,20,0,0,False
2024,Single,42,adult,female,145,1,0,False
2024,Single,18,youth,male,167,1,0,False
2024,Single,22,youth,male,60,0,0,False
2024,Single,22,youth,female,42,2,0,False
2024,Single,50,adult,male,88,2,0,False
2024,Single,42,adult,male,30,2,0,False
2024,Single,42,adult,male,70,3,0,False
2024,Single,65,adult,male,166,1,0,False
2024,Single,22,youth,male,172,2,0,False
2024,Single,18,youth,male,92,0,0,False
2024,Single,58,adult,male,155,2,0,False
2024,Single,28,adult,male,177,0,0,False
2024,Single,35,adult,male,162,3,0,False
2024,Single,22,youth,female,111,3,0,False
2024,Single,22,youth,male,114,1,0,False
2024,Single,35,adult,male,164,0,0,False
2024,Single,28,adult,male,48,2,0,False
2024,Single,22,youth,male,76,2,0,False
2024,Single,50,adult,male,30,3,0,False
2024,Single,58,adult,female,36,0,0,False
2024,Single,18,youth,male,92,3,0,False
2024,Single,22,youth,male,124,2,0,False
2024,Single,35,adult,female,81,1,0,False
2024,Single,35,adult,male,30,0,0,False
2024,Single,35,adult,male,64,3,0,False
2024,Single,28,adult,male,177,2,0,False
2024,Single,35,adult,male,99,1,0,False
2024,Single,28,adult,female,142,0,0,False
2024,Single,50,adult,female,65,3,0,False
2024,Single,28,adult,male,145,0,0,False
2024,Single,28,adult,male,134,0,0,False
2024,Single,35,adult,female,167,3,0,False
2024,Single,22,youth,female,13,1,0,False
2024,Single,35,adult,female,82,3,0,False
2024,Single,28,adult,female,52,0,0,False
2024,Single,28,adult,female,92,3,0,False
2024,Single,28,adult,female,44,3,0,False
2024,Single,22,youth,female,163,3,0,False
2024,Single,50,adult,male,169,2,0,False
2024,Single,18,youth,male,92,0,0,False
2024,Single,42,adult,female,128,3,0,False
2024,Single,28,adult,male,136,3,0,False
2024,Single,18,youth,female,174,0,0,False
2024,Single,42,adult,male,12,2,0,False
2024,Single,35,adult,male,105,2,0,False
2024,Single,18,youth,male,59,1,0,False
2024,Single,28,adult,male,120,1,0,False
2024,Single,22,youth,male,103,2,0,False
2024,Single,42,adult,female,94,0,0,False
2024,Single,42,adult,male,69,3,0,False
2024,Single,42,adult,male,14,2,0,False
2024,Single,42,adult,male,65,2,0,False
2024,Single,22,youth,male,68,3,0,False
2024,Single,28,adult,female,79,0,0,False
2024,Single,28,adult,male,19,2,0,False
2024,Single,50,adult,male,80,0,0,False
2024,Single,22,youth,female,25,0,0,False
2024,Single,28,adult,male,21,1,0,False
2024,Single,50,adult,male,34,3,0,False
2024,Single,18,youth,male,141,3,0,False
2024,Single,50,adult,male,15,1,0,False
2024,Single,28,adult,male,63,0,0,False
2024,Single,22,youth,male,136,2,0,False
2024,Single,22,youth,male,73,3,0,False
2024,Single,35,adult,male,11,0,0,False
2024,Single,35,adult,female,118,2,0,False
2024,Single,35,adult,female,27,1,0,False
2024,Single,22,youth,male,59,0,0,False
2024,Single,22,youth,male,82,0,0,False
2024,Single,35,adult,male,123,2,0,False
2024,Single,65,adult,male,71,3,0,False
2024,Single,28,adult,female,45,3,0,False
2024,Single,22,youth,female,120,1,0,False
2024,Single,50,adult,male,131,0,0,False
2024,Single,18,youth,male,155,2,0,False
2024,Single,50,adult,male,68,1,0,False
2024,Single,42,adult,male,54,0,0,False
2024,Single,22,youth,female,103,1,0,False
2024,Single,18,youth,female,166,2,0,False
2024,Single,42,adult,female,169,0,0,False
2024,Single,35,adult,female,3,1,0,False
2024,Single,35,adult,female,11,0,0,False
2024,Single,42,adult,male,105,0,0,False
2024,Single,22,youth,female,47,2,0,False
2024,Single,42,adult,female,97,3,0,False
2024,Single,42,adult,female,88,2,0,False
2024,Single,42,adult,male,65,0,0,False
2024,Single,35,adult,male,122,1,0,False
2024,Single,35,adult,male,50,2,0,False
2024,Single,50,adult,male,125,2,0,False
2024,Single,50,adult,male,77,3,0,False
2024,Single,42,adult,male,61,2,0,False
2024,Single,18,youth,male,57,2,0,False
2024,Single,42,adult,male,145,0,0,False
2024,Single,28,adult,male,44,1,0,False
2024,Single,65,adult,female,134,1,0,False
2024,Single,22,youth,female,166,1,0,False
2024,Single,50,adult,female,106,0,0,False
2024,Single,42,adult,male,129,1,0,False
2024,Single,42,adult,female,0,0,0,False
2024,Single,35,adult,male,42,1,0,False
2024,Single,22,youth,male,174,2,0,False
2024,Single,28,adult,male,25,0,0,False
2024,Single,28,adult,female,151,3,0,False
2024,Single,28,adult,male,178,1,0,False
2024,Single,58,adult,male,140,1,0,False
2024,Single,58,adult,male,131,2,0,False
2024,Single,42,adult,female,10,3,0,False
2024,Single,28,adult,male,161,1,0,False
2024,Single,28,adult,female,167,3,0,False
2024,Single,18,youth,male,81,2,0,False
2024,Single,35,adult,male,153,0,0,False
2024,Single,42,adult,male,155,1,0,False
2024,Single,42,adult,male,135,3,0,False
2024,Single,28,adult,female,67,1,0,False
2024,Single,22,youth,male,15,3,0,False
2024,Single,28,adult,male,160,0,0,False
2024,Single,42,adult,male,154,2,0,False
2024,Single,42,adult,male,32,0,0,False
2024,Single,35,adult,male,46,3,0,False
2024,Single,42,adult,female,154,2,0,False
2024,Single,35,adult,female,65,3,0,False
2024,Single,42,adult,male,79,0,0,False
2024,Single,22,youth,male,151,0,0,False
2024,Single,28,adult,female,121,3,0,False
2024,Single,18,youth,male,63,1,0,False
2024,Single,58,adult,male,142,2,0,False
2024,Single,42,adult,male,177,3,0,False
2024,Single,42,adult,male,145,3,0,False
2024,Single,22,youth,male,168,3,0,False
2024,Single,28,adult,male,1,3,0,False
2024,Single,28,adult,male,34,1,0,False
2024,Single,42,adult,male,81,2,0,False
2024,Single,28,adult,male,75,2,0,False
2024,Single,50,adult,female,170,2,0,False
2024,Single,42,adult,male,79,2,0,False
2024,Single,35,adult,male,93,2,0,False
2024,Single,35,adult,male,9,3,0,False
2024,Single,42,adult,male,169,3,0,False
2024,Single,22,youth,male,127,1,0,False
2024,Single,22,youth,male,28,0,0,False
2024,Single,18,youth,male,141,0,0,False
2024,Single,28,adult,male,15,2,0,False
2024,Single,42,adult,male,61,0,0,False
2024,Single,42,adult,male,115,1,0,False
2024,Single,22,youth,male,48,3,0,False
2024,Single,42,adult,male,115,1,0,False
2024,Single,42,adult,male,20,2,0,False
2024,Single,50,adult,female,164,1,0,False
2024,Single,42,adult,male,138,3,0,False
2024,Single,22,youth,female,89,2,0,False
2024,Single,28,adult,male,49,2,0,False
2024,Single,18,youth,male,0,0,0,False
2024,Single,18,youth,female,138,0,0,False
2024,Single,22,youth,male,152,0,0,False
2024,Single,42,adult,male,154,3,0,False
2024,Single,42,adult,male,84,2,0,False
2024,Single,28,adult,female,81,1,0,False
2024,Single,42,adult,male,137,1,0,False
2024,Single,50,adult,male,178,2,0,False
2024,Single,18,youth,female,66,2,0,False
2024,Single,35,adult,female,13,2,0,False
2024,Single,18,youth,male,66,2,0,False
2024,Single,28,adult,male,5,2,0,False
2024,Single,28,adult,female,79,1,0,False
2024,Single,22,youth,male,132,2,0,False
2024,Single,28,adult,female,174,0,0,False
2024,Single,58,adult,male,86,2,0,False
2024,Single,42,adult,male,103,1,0,False
2024,Single,50,adult,male,129,3,0,False
2024,Single,42,adult,male,113,1,0,False
2024,Single,35,adult,male,151,0,0,False
2024,Single,35,adult,male,129,2,0,False
2024,Single,35,adult,male,135,1,0,False
2024,Single,35,adult,male,103,0,0,False
2024,Single,58,adult,male,42,3,0,False
2024,Single,18,youth,male,89,2,0,False
2024,Single,35,adult,male,33,3,0,False
2024,Single,42,adult,male,38,0,0,False
2024,Single,50,adult,male,44,1,0,False
2024,Single,42,adult,male,11,0,0,False
2024,Single,35,adult,male,104,2,0,False
2024,Single,42,adult,male,105,3,0,False
2024,Single,35,adult,male,56,3,0,False
2024,Single,35,adult,male,85,0,0,False
2024,Single,42,adult,male,177,1,0,False
2024,Single,18,youth,male,27,0,0,False
2024,Single,50,adult,female,128,0,0,False
2024,Single,22,youth,female,10,2,0,False
2024,Single,35,adult,female,20,1,0,False
2024,Single,22,youth,male,102,2,0,False
2024,Single,28,adult,male,75,1,0,False
2024,Single,35,adult,male,27,3,0,False
2024,Single,28,adult,male,13,1,0,False
2024,Single,28,adult,male,78,0,0,False
2024,Single,28,adult,male,84,2,0,False
2024,Single,35,adult,male,158,1,0,False
2024,Single,28,adult,male,131,1,0,False
2024,Single,35,adult,female,24,2,0,False
2024,Single,22,youth,male,88,3,0,False
2024,Single,22,youth,male,82,1,0,False
2024,Single,50,adult,male,113,0,0,False
2024,Single,18,youth,male,136,1,0,False
2024,Single,28,adult,male,7,1,0,False
2024,Single,22,youth,male,100,3,0,False
2024,Single,35,adult,male,117,1,0,False
2024,Single,50,adult,male,7,0,0,False
2024,Single,42,adult,female,95,0,0,False
2024,Single,28,adult,male,109,2,0,False
2024,Single,35,adult,male,10,0,0,False
2024,Single,35,adult,male,153,1,0,False
2024,Single,42,adult,male,66,0,0,False
2024,Single,42,adult,female,44,1,0,False
2024,Single,18,youth,female,157,3,0,False
2024,Single,22,youth,male,84,2,0,False
2024,Single,35,adult,male,54,2,0,False
2024,Single,42,adult,male,11,2,0,False
2024,Single,42,adult,male,118,3,0,False
2024,Single,35,adult,male,129,1,0,False
2024,Single,42,adult,male,132,1,0,False
2024,Single,42,adult,male,176,0,0,False
2024,Single,35,adult,male,9,0,0,False
2024,Single,22,youth,male,176,2,0,False
2024,Single,50,adult,male,148,3,0,False
2024,Single,28,adult,male,152,1,0,False
2024,Single,28,adult,male,84,2,0,False
2024,Single,28,adult,female,94,3,0,False
2024,Single,18,youth,female,81,3,0,False
2024,Single,58,adult,male,60,1,0,False
2024,Single,28,adult,female,0,0,0,False
2024,Single,18,youth,male,25,3,0,False
2024,Single,50,adult,male,52,3,0,False
2024,Single,28,adult,female,76,0,0,False
2024,Single,42,adult,male,53,0,0,False
2024,Single,35,adult,female,46,1,0,False
2024,Single,28,adult,male,68,3,0,False
2024,Single,22,youth,male,83,1,0,False
2024,Single,18,youth,female,56,0,0,False
2024,Single,18,youth,female,52,2,0,False
2024,Single,28,adult,male,104,1,0,False
2024,Single,35,adult,male,120,0,0,False
2024,Single,35,adult,male,121,2,0,False
2024,Single,50,adult,female,26,3,0,False
2024,Single,28,adult,male,113,2,0,False
2024,Single,28,adult,male,104,1,0,False
2024,Single,50,adult,male,60,0,0,False
2024,Single,35,adult,male,176,1,0,False
2024,Single,58,adult,female,80,2,0,False
2024,Single,18,youth,female,158,3,0,False
2024,Single,42,adult,male,19,2,0,False
2024,Single,35,adult,male,88,1,0,False
2024,Single,42,adult,female,47,2,0,False
2024,Single,22,youth,male,101,3,0,False
2024,Single,28,adult,male,59,3,0,False
2024,Single,22,youth,male,31,3,0,False
2024,Single,50,adult,female,21,0,0,False
2024,Single,28,adult,male,19,3,0,False
2024,Single,28,adult,male,127,1,0,False
2024,Single,22,youth,female,87,0,0,False
2024,Single,35,adult,male,160,3,0,False
2024,Single,42,adult,male,43,1,0,False
2024,Single,50,adult,male,56,0,0,False
2024,Single,42,adult,male,84,0,0,False
2024,Single,28,adult,female,174,1,0,False
2024,Single,50,adult,male,153,0,0,False
2024,Single,50,adult,male,161,0,0,False
2024,Single,65,adult,male,176,2,0,False
2024,Single,28,adult,male,70,2,0,False
2024,Single,35,adult,male,99,2,0,False
2024,Single,22,youth,male,51,1,0,False
2024,Single,35,adult,male,13,0,0,False
2024,Single,18,youth,male,169,1,0,False
2024,Single,42,adult,male,57,2,0,False
2024,Single,28,adult,male,75,3,0,False
2024,Single,42,adult,male,133,3,0,False
2024,Single,35,adult,male,163,2,0,False
2024,Single,22,youth,male,170,3,0,False
2024,Single,28,adult,male,77,2,0,False
2024,Single,22,youth,female,6,1,0,False
2024,Single,50,adult,male,73,3,0,False
2024,Single,22,youth,female,177,2,0,False
2024,Single,58,adult,male,98,0,0,False
2024,Single,35,adult,male,69,2,0,False
2024,Single,22,youth,female,155,2,0,False
2024,Single,50,adult,female,89,0,0,False
2024,Single,22,youth,male,52,3,0,False
2024,Single,18,youth,female,35,0,0,False
2024,Single,50,adult,male,155,2,0,False
2024,Single,22,youth,female,164,2,0,False
2024,Single,28,adult,male,152,2,0,False
2024,Single,28,adult,male,174,2,0,False
2024,Single,18,youth,male,156,1,0,False
2024,Single,28,adult,female,41,0,0,False
2024,Single,42,adult,male,153,2,0,False
2024,Single,22,youth,female,53,3,0,False
2024,Single,35,adult,male,25,1,0,False
2024,Single,58,adult,male,46,2,0,False
2024,Single,58,adult,female,112,0,0,False
2024,Single,28,adult,male,31,0,0,False
2024,Single,58,adult,male,153,1,0,False
2024,Single,28,adult,male,26,0,0,False
2024,Single,22,youth,male,172,1,0,False
2024,Single,58,adult,female,170,2,0,False
2024,Single,42,adult,female,133,2,0,False
2024,Single,28,adult,male,4,1,0,False
2024,Single,50,adult,male,177,3,0,False
2024,Single,58,adult,male,100,1,0,False
2024,Single,28,adult,male,3,3,0,False
2024,Single,35,adult,male,131,3,0,False
2024,Single,35,adult,female,76,2,0,False
2024,Single,50,adult,female,44,0,0,False
2024,Single,28,adult,male,71,2,0,False
2024,Single,28,adult,male,146,2,0,False
2024,Single,35,adult,female,71,0,0,False
2024,Single,42,adult,male,164,1,0,False
2024,Single,35,adult,female,38,0,0,False
2024,Single,18,youth,male,147,1,0,False
2024,Single,18,youth,female,101,2,0,False
2024,Single,65,adult,male,38,3,0,False
2024,Single,35,adult,male,108,1,0,False
2024,Single,42,adult,male,46,0,0,False
2024,Single,42,adult,male,8,3,0,False
2024,Single,42,adult,male,135,0,0,False
2024,Single,58,adult,male,11,3,0,False
2024,Single,50,adult,female,105,3,0,False
2024,Single,18,youth,male,127,1,0,False
2024,Single,65,adult,male,97,2,0,False
2024,Single,22,youth,male,131,3,0,False
2024,Single,42,adult,female,89,3,0,False
2024,Single,18,youth,male,154,3,0,False
2024,Single,22,youth,male,28,0,0,False
2024,Single,28,adult,female,14,3,0,False
2024,Single,28,adult,female,97,2,0,False
2024,Single,42,adult,female,176,1,0,False
2024,Single,18,youth,male,156,3,0,False
2024,Single,35,adult,male,33,2,0,False
2024,Single,22,youth,female,85,3,0,False
2024,Single,35,adult,female,60,2,0,False
2024,Single,28,adult,male,161,1,0,False
2024,Single,28,adult,female,15,3,0,False
2024,Single,28,adult,female,69,3,0,False
2024,Single,50,adult,male,22,0,0,False
2024,Single,65,adult,male,65,3,0,False
2024,Single,35,adult,female,122,2,0,False
2024,Single,18,youth,male,133,0,0,False
2024,Single,50,adult,male,85,0,0,False
2024,Single,28,adult,female,55,0,0,False
2024,Single,28,adult,male,58,2,0,False
2024,Single,50,adult,female,23,2,0,False
2024,Single,42,adult,female,1,1,0,False
2024,Single,42,adult,male,63,3,0,False
2024,Single,22,youth,male,154,3,0,False
2024,Single,50,adult,female,153,1,0,False
2024,Single,28,adult,female,20,0,0,False
2024,Single,22,youth,female,112,1,0,False
2024,Single,58,adult,male,39,2,0,False
2024,Single,22,youth,male,111,3,0,False
2024,Single,28,adult,female,157,2,0,False
2024,Single,22,youth,male,58,3,0,False
2024,Single,28,adult,male,82,1,0,False
2024,Single,18,youth,male,124,0,0,False
2024,Single,65,adult,male,7,2,0,False
2024,Single,42,adult,female,11,1,0,False
2024,Single,22,youth,male,91,1,0,False
2024,Single,22,youth,female,11,3,0,False
2024,Single,28,adult,female,155,3,0,False
2024,Single,35,adult,female,35,2,0,False
2024,Single,42,adult,female,69,1,0,False
2024,Single,28,adult,female,36,3,0,False
2024,Single,35,adult,male,89,1,0,False
2024,Single,50,adult,male,78,3,0,False
2024,Single,18,youth,male,152,1,0,False
2024,Single,35,adult,male,16,1,0,False
2024,Single,28,adult,male,83,2,0,False
2024,Single,28,adult,female,122,3,0,False
2024,Single,42,adult,male,115,2,0,False
2024,Single,42,adult,male,121,3,0,False
2024,Single,35,adult,male,72,2,0,False
2024,Single,22,youth,male,0,3,0,False
2024,Single,22,youth,male,80,1,0,False
2024,Single,22,youth,male,158,1,0,False
2024,Single,42,adult,male,160,3,0,False
2024,Single,50,adult,female,92,2,0,False
2024,Single,35,adult,female,155,2,0,False
2024,Single,22,youth,male,51,1,0,False
2024,Single,35,adult,male,116,2,0,False
2024,Single,42,adult,female,171,3,0,False
2024,Single,42,adult,male,132,3,0,False
2024,Single,35,adult,male,177,1,0,False
2024,Single,50,adult,male,110,0,0,False
2024,Single,42,adult,male,53,3,0,False
2024,Single,22,youth,male,165,2,0,False
2024,Single,50,adult,male,70,0,0,False
2024,Single,18,youth,female,17,3,0,False
2024,Single,22,youth,male,99,1,0,False
2024,Single,35,adult,female,165,1,0,False
2024,Single,35,adult,female,168,2,0,False
2024,Single,42,adult,male,87,2,0,False
2024,Single,18,youth,female,157,1,0,False
2024,Single,42,adult,female,52,2,0,False
2024,Single,35,adult,male,93,3,0,False
2024,Single,42,adult,male,97,0,0,False
2024,Single,22,youth,female,76,1,0,False
2024,Single,18,youth,male,67,0,0,False
2024,Single,18,youth,female,140,1,0,False
2024,Single,18,youth,male,115,1,0,False
2024,Single,42,adult,female,148,2,0,False
2024,Single,50,adult,male,1,3,0,False
2024,Single,18,youth,male,103,0,0,False
2024,Single,18,youth,male,67,2,0,False
2024,Single,28,adult,male,64,0,0,False
2024,Single,28,adult,male,109,0,0,False
2024,Single,35,adult,male,72,2,0,False
2024,Single,28,adult,male,148,3,0,False
2024,Single,58,adult,male,159,2,0,False
2024,Single,18,youth,female,114,1,0,False
2024,Single,28,adult,female,137,3,0,False
2024,Single,28,adult,female,104,1,0,False
2024,Single,28,adult,male,102,2,0,False
2024,Single,58,adult,female,111,1,0,False
2024,Single,22,youth,male,78,2,0,False
2024,Single,22,youth,female,105,2,0,False
2024,Single,42,adult,female,82,3,0,False
2024,Single,35,adult,male,115,3,0,False
2024,Single,42,adult,male,0,1,0,False
2024,Single,18,youth,male,6,0,0,False
2024,Single,18,youth,male,40,2,0,False
2024,Single,50,adult,female,9,3,0,False
2024,Single,22,youth,male,1,2,0,False
2024,Single,42,adult,male,80,0,0,False
2024,Single,58,adult,female,71,3,0,False
2024,Single,22,youth,female,36,0,0,False
2024,Single,42,adult,male,109,2,0,False
2024,Single,50,adult,male,43,3,0,False
2024,Single,28,adult,male,141,2,0,False
2024,Single,50,adult,male,169,2,0,False
2024,Single,28,adult,female,28,2,0,False
2024,Single,28,adult,female,86,2,0,False
2024,Single,35,adult,male,48,1,0,False
2024,Single,28,adult,male,136,0,0,False
2024,Single,35,adult,male,165,1,0,False
2024,Single,28,adult,male,123,3,0,False
2024,Single,35,adult,male,61,2,0,False
2024,Single,50,adult,male,135,0,0,False
2024,Single,58,adult,male,127,3,0,False
2024,Single,42,adult,female,9,0,0,False
2024,Single,28,adult,male,178,1,0,False
2024,Single,42,adult,male,92,3,0,False
2024,Single,35,adult,male,78,2,0,False
2024,Single,18,youth,male,13,0,0,False
2024,Single,28,adult,male,171,3,0,False
2024,Single,50,adult,female,42,3,0,False
2024,Single,28,adult,female,179,3,0,False
2024,Single,35,adult,female,132,2,0,False
2024,Single,22,youth,male,71,3,0,False
2024,Single,35,adult,male,124,1,0,False
2024,Single,42,adult,female,78,0,0,False
2024,Single,18,youth,female,99,2,0,False
2024,Single,28,adult,male,167,3,0,False
2024,Single,28,adult,male,7,0,0,False
2024,Single,22,youth,male,73,2,0,False
2024,Single,58,adult,male,66,1,0,False
2024,Single,22,youth,male,133,1,0,False
2024,Single,18,youth,male,17,0,0,False
2024,Single,35,adult,female,87,0,0,False
2024,Single,58,adult,male,170,3,0,False
2024,Single,35,adult,male,15,2,0,False
2024,Single,28,adult,male,44,1,0,False
2024,Single,35,adult,male,118,0,0,False
2024,Single,58,adult,female,136,2,0,False
2024,Single,65,adult,female,130,3,0,False
2024,Single,35,adult,male,98,3,0,False
2024,Single,58,adult,female,63,2,0,False
2024,Single,65,adult,male,23,2,0,False
2024,Single,35,adult,female,16,3,0,False
2024,Single,28,adult,male,106,1,0,False
2024,Single,42,adult,female,151,3,0,False
2024,Single,35,adult,female,64,1,0,False
2024,Single,35,adult,female,101,1,0,False
2024,Single,28,adult,male,120,1,0,False
2024,Single,18,youth,male,173,1,0,False
2024,Single,42,adult,male,172,3,0,False
2024,Single,28,adult,male,105,1,0,False
2024,Single,42,adult,female,102,3,0,False
2024,Single,22,youth,female,68,3,0,False
2024,Single,22,youth,female,50,3,0,False
2024,Single,22,youth,male,10,2,0,False
2024,Single,35,adult,male,7,2,0,False
2024,Single,42,adult,male,160,1,0,False
2024,Single,22,youth,male,108,0,0,False
2024,Single,22,youth,male,114,2,0,False
2024,Single,22,youth,male,59,3,0,False
2024,Single,22,youth,male,25,2,0,False
2024,Single,35,adult,male,53,1,0,False
2024,Single,35,adult,male,140,0,0,False
2024,Single,22,youth,female,6,3,0,False
2024,Single,35,adult,female,14,0,0,False
2024,Single,42,adult,male,132,3,0,False
2024,Single,50,adult,male,159,1,0,False
2024,Single,42,adult,male,73,0,0,False
2024,Single,28,adult,male,19,0,0,False
2024,Single,28,adult,female,144,3,0,False
2024,Single,22,youth,female,30,3,0,False
2024,Single,42,adult,female,21,2,0,False
2024,Single,18,youth,male,136,3,0,False
2024,Single,22,youth,female,25,3,0,False
2024,Single,28,adult,male,107,1,0,False
2024,Single,28,adult,male,148,2,0,False
2024,Single,58,adult,male,28,2,0,False
2024,Single,58,adult,male,33,2,0,False
2024,Single,35,adult,male,25,2,0,False
2024,Single,18,youth,female,122,1,0,False
2024,Single,22,youth,male,32,0,0,False
2024,Single,18,youth,male,21,1,0,False
2024,Single,22,youth,female,98,0,0,False
2024,Single,35,adult,male,159,0,0,False
2024,Single,42,adult,female,49,3,0,False
2024,Single,28,adult,male,102,1,0,False
2024,Single,22,youth,female,3,2,0,False
2024,Single,28,adult,female,45,1,0,False
2024,Single,18,youth,male,22,3,0,False
2024,Single,58,adult,male,54,2,0,False
2024,Single,35,adult,male,98,2,0,False
2024,Single,42,adult,male,15,1,0,False
2024,Single,35,adult,male,161,2,0,False
2024,Single,35,adult,male,179,0,0,False
2024,Single,42,adult,male,25,0,0,False
2024,Single,50,adult,male,44,0,0,False
2024,Single,42,adult,male,75,1,0,False
2024,Single,35,adult,male,100,3,0,False
2024,Single,35,adult,male,93,3,0,False
2024,Single,42,adult,male,45,2,0,False
2024,Single,28,adult,male,101,3,0,False
2024,Single,50,adult,male,51,1,0,False
2024,Single,22,youth,male,17,2,0,False
2024,Single,50,adult,female,174,3,0,False
2024,Single,35,adult,female,3,1,0,False
2024,Single,28,adult,male,30,0,0,False
2024,Single,58,adult,male,103,1,0,False
2024,Single,22,youth,female,113,1,0,False
2024,Single,28,adult,male,92,0,0,False
2024,Single,22,youth,female,75,0,0,False
2024,Single,18,youth,male,39,2,0,False
2024,Single,35,adult,female,81,0,0,False
2024,Single,50,adult,male,157,1,0,False
2024,Single,42,adult,female,30,2,0,False
2024,Single,18,youth,male,117,2,0,False
2024,Single,18,youth,male,14,0,0,False
2024,Single,42,adult,female,45,0,0,False
2024,Single,22,youth,male,73,1,0,False
2024,Single,35,adult,male,171,3,0,False
2024,Single,35,adult,male,161,2,0,False
2024,Single,18,youth,male,136,1,0,False
2024,Single,22,youth,male,83,0,0,False
2024,Single,50,adult,male,11,3,0,False
2024,Single,22,youth,male,72,2,0,False
2024,Single,35,adult,female,159,3,0,False
2024,Single,35,adult,male,144,1,0,False
2024,Single,35,adult,male,72,3,0,False
2024,Single,22,youth,male,99,1,0,False
2024,Single,35,adult,male,72,3,0,False
2024,Single,35,adult,male,159,0,0,False
2024,Single,22,youth,male,70,1,0,False
2024,Single,42,adult,female,142,2,0,False
2024,Single,35,adult,female,172,0,0,False
2024,Single,28,adult,female,66,2,0,False
2024,Single,22,youth,female,80,1,0,False
2024,Single,35,adult,female,106,0,0,False
2024,Single,28,adult,male,4,2,0,False
2024,Single,28,adult,male,102,0,0,False
2024,Single,50,adult,male,20,2,0,False
2024,Single,42,adult,female,117,2,0,False
2024,Single,22,youth,male,47,2,0,False
2024,Single,18,youth,male,159,1,0,False
2024,Single,42,adult,male,25,1,0,False
2024,Single,28,adult,female,128,3,0,False
2024,Single,18,youth,male,118,2,0,False
2024,Single,50,adult,male,177,0,0,False
2024,Single,58,adult,female,48,1,0,False
2024,Single,35,adult,male,154,1,0,False
2024,Single,22,youth,male,56,0,0,False
2024,Single,35,adult,male,159,1,0,False
2024,Single,28,adult,male,98,2,0,False
2024,Single,18,youth,male,28,0,0,False
2024,Single,28,adult,female,95,3,0,False
2024,Single,35,adult,male,102,2,0,False
2024,Single,35,adult,male,3,1,0,False
2024,Single,58,adult,female,104,1,0,False
2024,Single,18,youth,female,179,3,0,False
2024,Single,42,adult,male,94,0,0,False
2024,Single,42,adult,male,56,2,0,False
2024,Single,35,adult,male,89,3,0,False
2024,Single,28,adult,male,60,0,0,False
2024,Single,42,adult,male,0,3,0,False
2024,Single,22,youth,male,114,0,0,False
2024,Single,28,adult,female,149,1,0,False
2024,Single,42,adult,female,140,2,0,False
2024,Single,35,adult,female,155,2,0,False
2024,Single,50,adult,male,83,3,0,False
2024,Single,42,adult,female,6,0,0,False
2024,Single,18,youth,male,47,2,0,False
2024,Single,28,adult,male,52,2,0,False
2024,Single,22,youth,male,16,1,0,False
2024,Single,50,adult,male,147,3,0,False
2024,Single,50,adult,male,137,0,0,False
2024,Single,42,adult,male,147,1,0,False
2024,Single,58,adult,male,137,0,0,False
2024,Single,28,adult,male,136,1,0,False
2024,Single,18,youth,male,24,0,0,False
2024,Single,22,youth,male,150,0,0,False
2024,Single,58,adult,male,48,0,0,False
2024,Single,22,youth,female,24,0,0,False
2024,Single,35,adult,female,145,1,0,False
2024,Single,65,adult,female,67,1,0,False
2024,Single,18,youth,female,108,2,0,False
2024,Single,35,adult,male,145,3,0,False
2024,Single,28,adult,male,101,1,0,False
2024,Single,22,youth,male,104,3,0,False
2024,Single,35,adult,male,4,2,0,False
2024,Single,28,adult,male,40,3,0,False
2024,Single,22,youth,female,166,1,0,False
2024,Single,42,adult,male,18,0,0,False
2024,Single,22,youth,male,86,3,0,False
2024,Single,28,adult,male,133,3,0,False
2024,Single,35,adult,male,126,0,0,False
2024,Single,28,adult,male,53,2,0,False
2024,Single,42,adult,male,77,2,0,False
2024,Single,35,adult,female,129,2,0,False
2024,Single,18,youth,male,158,0,0,False
2024,Single,42,adult,male,105,2,0,False
2024,Single,50,adult,male,128,3,0,False
2024,Single,22,youth,female,75,3,0,False
2024,Single,35,adult,male,116,3,0,False
2024,Single,35,adult,female,65,2,0,False
2024,Single,50,adult,female,13,0,0,False
2024,Single,42,adult,male,60,2,0,False
2024,Single,50,adult,male,149,3,0,False
2024,Single,35,adult,male,91,0,0,False
2024,Single,42,adult,female,135,2,0,False
2024,Single,18,youth,male,140,3,0,False
2024,Single,28,adult,male,100,2,0,False
2024,Single,22,youth,male,178,0,0,False
2024,Single,35,adult,male,22,3,0,False
2024,Single,28,adult,female,25,0,0,False
2024,Single,28,adult,female,82,1,0,False
2024,Single,18,youth,male,51,2,0,False
2024,Single,65,adult,male,131,3,0,False
2024,Single,28,adult,female,24,0,0,False
2024,Single,35,adult,male,126,0,0,False
2024,Single,18,youth,female,107,0,0,False
2024,Single,42,adult,male,63,1,0,False
2024,Single,18,youth,male,49,1,0,False
2024,Single,22,youth,male,0,1,0,False
2024,Single,28,adult,male,149,1,0,False
2024,Single,42,adult,male,101,3,0,False
2024,Single,35,adult,male,132,1,0,False
2024,Single,18,youth,female,98,1,0,False
2024,Single,18,youth,female,122,1,0,False
2024,Single,58,adult,male,172,2,0,False
2024,Single,42,adult,male,85,2,0,False
2024,Single,35,adult,male,25,3,0,False
2024,Single,42,adult,male,142,3,0,False
2024,Single,50,adult,female,4,3,0,False
2024,Single,28,adult,male,112,1,0,False
2024,Single,35,adult,male,169,3,0,False
2024,Single,28,adult,male,178,0,0,False
2024,Single,35,adult,male,166,3,0,False
2024,Single,28,adult,female,45,0,0,False
2024,Single,28,adult,male,167,0,0,False
2024,Single,58,adult,male,169,1,0,False
2024,Single,22,youth,female,99,3,0,False
2024,Single,22,youth,male,158,3,0,False
2024,Single,22,youth,female,23,1,0,False
2024,Single,22,youth,female,120,1,0,False
2024,Single,18,youth,male,170,0,0,False
2024,Single,35,adult,male,177,3,0,False
2024,Single,28,adult,male,170,2,0,False
2024,Single,28,adult,male,57,3,0,False
2024,Single,18,youth,male,6,1,0,False
2024,Single,28,adult,male,128,3,0,False
2024,Single,28,adult,male,136,1,0,False
2024,Single,18,youth,female,108,1,0,False
2024,Single,28,adult,male,153,3,0,False
2024,Single,42,adult,male,109,0,0,False
2024,Single,35,adult,female,152,0,0,False
2024,Single,28,adult,male,147,0,0,False
2024,Single,50,adult,male,57,1,0,False
2024,Single,22,youth,male,105,2,0,False
2024,Single,58,adult,male,161,3,0,False
2024,Single,28,adult,male,145,2,0,False
2024,Single,28,adult,male,100,1,0,False
2024,Single,42,adult,male,169,3,0,False
2024,Single,28,adult,male,23,2,0,False
2024,Single,18,youth,female,151,0,0,False
2024,Single,22,youth,male,131,3,0,False
2024,Single,35,adult,female,38,2,0,False
2024,Single,35,adult,female,104,3,0,False
2024,Single,50,adult,male,98,3,0,False
2024,Single,28,adult,male,66,1,0,False
2024,Single,50,adult,female,61,1,0,False
2024,Single,35,adult,female,27,1,0,False
2024,Single,50,adult,female,99,1,0,False
2024,Single,35,adult,female,97,1,0,False
2024,Single,22,youth,male,7,2,0,False
2024,Single,35,adult,male,100,3,0,False
2024,Single,18,youth,male,12,1,0,False
2024,Single,28,adult,male,170,0,0,False
2024,Single,35,adult,male,6,3,0,False
2024,Single,42,adult,female,94,3,0,False
2024,Single,35,adult,male,13,3,0,False
2024,Single,28,adult,male,22,1,0,False
2024,Single,42,adult,female,90,2,0,False
2024,Single,42,adult,male,110,0,0,False
2024,Single,28,adult,male,138,0,0,False
2024,Single,50,adult,female,104,1,0,False
2024,Single,42,adult,male,5,0,0,False
2024,Single,28,adult,male,14,0,0,False
2024,Single,22,youth,male,123,0,0,False
2024,Single,22,youth,female,45,0,0,False
2024,Single,18,youth,male,144,2,0,False
2024,Single,35,adult,female,68,3,0,False
2024,Single,22,youth,female,61,0,0,False
2024,Single,35,adult,female,49,3,0,False
2024,Single,58,adult,male,102,1,0,False
2024,Single,22,youth,male,90,0,0,False
2024,Single,28,adult,male,82,2,0,False
2024,Single,35,adult,male,91,0,0,False
2024,Single,35,adult,female,49,1,0,False
2024,Single,50,adult,female,177,1,0,False
2024,Single,35,adult,male,121,0,0,False
2024,Single,22,youth,male,50,2,0,False
2024,Single,42,adult,female,87,0,0,False
2024,Single,50,adult,male,66,3,0,False
2024,Single,28,adult,male,161,1,0,False
2024,Single,28,adult,male,110,3,0,False
2024,Single,42,adult,male,38,3,0,False
2024,Single,28,adult,male,158,1,0,False
2024,Single,42,adult,male,63,3,0,False
2024,Single,50,adult,female,14,2,0,False
2024,Single,35,adult,male,11,0,0,False
2024,Single,35,adult,male,131,0,0,False
2024,Single,18,youth,male,16,2,0,False
2024,Single,22,youth,female,40,1,0,False
2024,Single,28,adult,male,37,2,0,False
2024,Single,28,adult,male,78,3,0,False
2024,Single,28,adult,male,65,2,0,False
2024,Single,50,adult,male,97,0,0,False
2024,Single,22,youth,male,59,3,0,False
2024,Single,42,adult,male,15,0,0,False
2024,Single,22,youth,female,26,3,0,False
2024,Single,22,youth,female,6,0,0,False
2024,Single,42,adult,female,169,0,0,False
2024,Single,28,adult,male,129,1,0,False
2024,Single,22,youth,male,26,0,0,False
2024,Single,22,youth,male,169,1,0,False
2024,Single,50,adult,male,59,3,0,False
2024,Single,22,youth,male,100,2,0,False
2024,Single,22,youth,female,84,2,0,False
2024,Single,35,adult,female,145,0,0,False
2024,Single,35,adult,male,121,2,0,False
2024,Single,35,adult,female,39,1,0,False
2024,Single,22,youth,male,149,3,0,False
2024,Single,35,adult,male,23,1,0,False
2024,Single,35,adult,male,159,3,0,False
2024,Single,35,adult,male,70,1,0,False
2024,Single,28,adult,male,74,1,0,False
2024,Single,35,adult,male,110,2,0,False
2024,Single,42,adult,female,146,0,0,False
2024,Single,42,adult,female,66,1,0,False
2024,Single,22,youth,male,3,2,0,False
2024,Single,28,adult,female,14,3,0,False
2024,Single,35,adult,female,155,3,0,False
2024,Single,28,adult,male,151,1,0,False
2024,Single,35,adult,female,167,1,0,False
2024,Single,22,youth,female,26,2,0,False
2024,Single,50,adult,female,138,0,0,False
2024,Single,28,adult,male,47,3,0,False
2024,Single,28,adult,male,62,2,0,False
2024,Single,28,adult,male,164,3,0,False
2024,Single,58,adult,female,67,3,0,False
2024,Single,22,youth,male,52,2,0,False
2024,Single,18,youth,male,131,0,0,False
2024,Single,28,adult,female,137,0,0,False
2024,Single,28,adult,female,85,1,0,False
2024,Single,42,adult,male,4,2,0,False
2024,Single,42,adult,male,73,0,0,False
2024,Single,35,adult,male,148,0,0,False
2024,Single,18,youth,male,72,0,0,False
2024,Single,65,adult,male,76,0,0,False
2024,Single,35,adult,female,64,0,0,False
2024,Single,50,adult,male,86,3,0,False
2024,Single,22,youth,female,146,0,0,False
2024,Single,22,youth,male,9,2,0,False
2024,Single,50,adult,male,62,3,0,False
2024,Single,28,adult,male,37,0,0,False
2024,Single,22,youth,female,71,2,0,False
2024,Single,28,adult,male,67,3,0,False
2024,Single,28,adult,female,21,2,0,False
2024,Single,35,adult,male,103,1,0,False
2024,Single,42,adult,female,59,2,0,False
2024,Single,42,adult,male,151,2,0,False
2024,Single,28,adult,male,79,0,0,False
2024,Single,58,adult,male,59,0,0,False
2024,Single,28,adult,female,36,2,0,False
2024,Single,28,adult,female,106,0,0,False
2024,Single,28,adult,male,94,3,0,False
2024,Single,22,youth,male,132,1,0,False
2024,Single,35,adult,female,91,0,0,False
2024,Single,28,adult,male,135,2,0,False
2024,Single,28,adult,male,68,0,0,False
2024,Single,42,adult,male,137,3,0,False
2024,Single,50,adult,male,109,3,0,False
2024,Single,35,adult,male,74,1,0,False
2024,Single,50,adult,male,45,3,0,False
2024,Single,28,adult,female,115,2,0,False
2024,Single,28,adult,male,65,2,0,False
2024,Single,35,adult,male,51,3,0,False
2024,Single,28,adult,female,13,2,0,False
2024,Single,22,youth,female,79,1,0,False
2024,Single,42,adult,male,5,3,0,False
2024,Single,22,youth,female,95,0,0,False
2024,Single,28,adult,male,164,2,0,False
2024,Single,42,adult,male,132,3,0,False
2024,Single,35,adult,female,72,0,0,False
2024,Single,28,adult,female,46,1,0,False
2024,Single,35,adult,male,114,3,0,False
2024,Single,42,adult,male,70,2,0,False
2024,Single,42,adult,female,103,0,0,False
2024,Single,42,adult,female,138,2,0,False
2024,Single,42,adult,female,51,0,0,False
2024,Single,42,adult,male,82,0,0,False
2024,Single,18,youth,male,5,2,0,False
2024,Single,35,adult,male,17,0,0,False
2024,Single,42,adult,male,155,3,0,False
2024,Single,18,youth,male,32,0,0,False
2024,Single,28,adult,male,91,0,0,False
2024,Single,50,adult,male,49,2,0,False
2024,Single,58,adult,male,121,0,0,False
2024,Single,35,adult,male,34,1,0,False
2024,Single,42,adult,female,152,2,0,False
2024,Single,28,adult,male,92,3,0,False
2024,Single,42,adult,male,28,3,0,False
2024,Single,22,youth,male,157,2,0,False
2024,Single,42,adult,female,154,0,0,False
2024,Single,28,adult,male,37,1,0,False
2024,Single,28,adult,female,24,0,0,False
2024,Single,58,adult,male,127,3,0,False
2024,Single,22,youth,female,121,3,0,False
2024,Single,28,adult,female,149,2,0,False
2024,Single,18,youth,male,21,2,0,False
2024,Single,42,adult,male,6,2,0,False
2024,Single,18,youth,female,66,0,0,False
2024,Single,18,youth,female,96,1,0,False
2024,Single,22,youth,male,78,1,0,False
2024,Single,28,adult,female,145,1,0,False
2024,Single,58,adult,female,112,1,0,False
2024,Single,28,adult,male,62,0,0,False
2024,Single,35,adult,female,113,2,0,False
2024,Single,35,adult,male,44,3,0,False
2024,Single,50,adult,female,134,1,0,False
2024,Single,50,adult,female,128,2,0,False
2024,Single,42,adult,male,123,3,0,False
2024,Single,58,adult,male,132,0,0,False
2024,Single,28,adult,male,130,3,0,False
2024,Single,58,adult,male,148,2,0,False
2024,Single,18,youth,female,49,3,0,False
2024,Single,35,adult,male,168,1,0,False
2024,Single,28,adult,male,69,2,0,False
2024,Single,18,youth,female,159,2,0,False
2024,Single,28,adult,male,139,2,0,False
2024,Single,35,adult,male,17,3,0,False
2024,Single,18,youth,male,91,0,0,False
2024,Single,50,adult,male,84,3,0,False
2024,Single,28,adult,male,76,0,0,False
2024,Single,18,youth,female,67,1,0,False
2024,Single,28,adult,male,128,2,0,False
2024,Single,65,adult,female,72,2,0,False
2024,Single,35,adult,male,65,3,0,False
2024,Single,18,youth,male,141,2,0,False
2024,Single,28,adult,male,152,1,0,False
2024,Single,42,adult,male,15,1,0,False
2024,Single,28,adult,female,135,2,0,False
2024,Single,35,adult,male,80,1,0,False
2024,Single,35,adult,female,50,1,0,False
2024,Single,35,adult,female,174,0,0,False
2024,Single,28,adult,male,96,2,0,False
2024,Single,22,youth,male,7,3,0,False
2024,Single,42,adult,female,175,3,0,False
2024,Single,35,adult,male,130,0,0,False
2024,Single,65,adult,male,148,1,0,False
2024,Single,28,adult,female,48,2,0,False
2024,Single,58,adult,male,36,2,0,False
2024,Single,35,adult,male,114,0,0,False
2024,Single,50,adult,male,147,2,0,False
2024,Single,42,adult,female,36,1,0,False
2024,Single,28,adult,female,83,2,0,False
2024,Single,35,adult,male,95,0,0,False
2024,Single,35,adult,female,160,1,0,False
2024,Single,65,adult,female,93,3,0,False
2024,Single,35,adult,female,85,3,0,False
2024,Single,50,adult,male,53,1,0,False
2024,Single,42,adult,female,99,1,0,False
2024,Single,28,adult,male,172,3,0,False
2024,Single,42,adult,female,37,2,0,False
2024,Single,50,adult,male,41,0,0,False
2024,Single,18,youth,male,164,0,0,False
2024,Single,28,adult,male,149,1,0,False
2024,Single,35,adult,female,69,1,0,False
2024,Single,50,adult,male,60,1,0,False
2024,Single,35,adult,female,143,0,0,False
2024,Single,35,adult,female,132,2,0,False
2024,Single,35,adult,female,85,2,0,False
2024,Single,42,adult,male,166,3,0,False
2024,Single,22,youth,female,4,0,0,False
2024,Single,18,youth,female,178,3,0,False
2024,Single,22,youth,female,69,1,0,False
2024,Single,35,adult,female,98,1,0,False
2024,Single,22,youth,male,115,2,0,False
2024,Single,18,youth,male,46,0,0,False
2024,Single,18,youth,male,160,3,0,False
2024,Single,50,adult,male,84,2,0,False
2024,Single,22,youth,male,48,1,0,False
2024,Single,50,adult,female,5,1,0,False
2024,Single,28,adult,male,167,1,0,False
2024,Single,42,adult,female,92,2,0,False
2024,Single,28,adult,male,117,2,0,False
2024,Single,22,youth,male,119,3,0,False
2024,Single,35,adult,male,136,2,0,False
2024,Single,42,adult,female,107,3,0,False
2024,Single,50,adult,male,27,3,0,False
2024,Single,50,adult,male,64,2,0,False
2024,Single,42,adult,female,66,3,0,False
2024,Single,35,adult,male,164,1,0,False
2024,Single,58,adult,female,178,2,0,False
2024,Single,28,adult,male,103,2,0,False
2024,Single,35,adult,female,23,2,0,False
2024,Single,22,youth,male,1,3,0,False
2024,Single,28,adult,female,76,3,0,False
2024,Single,42,adult,male,9,0,0,False
2024,Single,35,adult,male,31,0,0,False
2024,Single,22,youth,male,146,0,0,False
2024,Single,50,adult,male,52,2,0,False
2024,Single,50,adult,female,131,3,0,False
2024,Single,22,youth,female,9,0,0,False
2024,Single,35,adult,male,5,2,0,False
2024,Single,35,adult,male,156,0,0,False
2024,Single,18,youth,female,110,2,0,False
2024,Single,22,youth,female,31,1,0,False
2024,Single,28,adult,male,123,1,0,False
2024,Single,35,adult,male,135,2,0,False
2024,Single,28,adult,female,31,2,0,False
2024,Single,35,adult,female,138,0,0,False
2024,Single,22,youth,male,142,1,0,False
2024,Single,42,adult,male,128,0,0,False
2024,Single,18,youth,female,18,2,0,False
2024,Single,58,adult,female,142,3,0,False
2024,Single,35,adult,male,60,2,0,False
2024,Single,18,youth,female,171,1,0,False
2024,Single,28,adult,female,116,0,0,False
2024,Single,22,youth,male,135,2,0,False
2024,Single,28,adult,male,158,3,0,False
2024,Single,22,youth,male,32,1,0,False
2024,Single,35,adult,male,1,1,0,False
2024,Single,42,adult,female,112,1,0,False
2024,Single,35,adult,male,169,2,0,False
2024,Single,28,adult,male,30,0,0,False
2024,Single,18,youth,male,132,3,0,False
2024,Single,50,adult,male,171,2,0,False
2024,Single,42,adult,female,124,3,0,False
2024,Single,35,adult,female,8,1,0,False
2024,Single,22,youth,male,144,0,0,False
2024,Single,42,adult,male,158,1,0,False
2024,Single,22,youth,male,56,3,0,False
2024,Single,35,adult,male,84,1,0,False
2024,Single,58,adult,male,136,3,0,False
2024,Single,18,youth,female,121,2,0,False
2024,Single,42,adult,male,12,2,0,False
2024,Single,35,adult,male,54,3,0,False
2024,Single,50,adult,male,26,3,0,False
2024,Single,35,adult,male,65,0,0,False
2024,Single,58,adult,male,93,1,0,False
2024,Single,22,youth,male,153,0,0,False
2024,Single,28,adult,male,136,3,0,False
2024,Single,28,adult,male,98,2,0,False
2024,Single,42,adult,male,170,2,0,False
2024,Single,35,adult,female,158,2,0,False
2024,Single,35,adult,male,74,1,0,False
2024,Single,22,youth,male,80,1,0,False
2024,Single,22,youth,male,41,1,0,False
2024,Single,18,youth,female,24,0,0,False
2024,Single,22,youth,male,147,0,0,False
2024,Single,18,youth,male,84,0,0,False
2024,Single,50,adult,male,39,1,0,False
2024,Single,22,youth,female,47,1,0,False
2024,Single,35,adult,male,17,0,0,False
2024,Single,42,adult,female,67,1,0,False
2024,Single,18,youth,male,6,3,0,False
2024,Single,28,adult,male,59,3,0,False
2024,Single,50,adult,male,147,2,0,False
2024,Single,35,adult,male,92,2,0,False
2024,Single,18,youth,male,79,1,0,False
2024,Single,18,youth,female,97,2,0,False
2024,Single,50,adult,female,22,3,0,False
2024,Single,50,adult,male,177,0,0,False
2024,Single,42,adult,female,23,3,0,False
2024,Single,35,adult,male,120,1,0,False
2024,Single,58,adult,male,17,1,0,False
2024,Single,50,adult,male,97,3,0,False
2024,Single,28,adult,female,137,3,0,False
2024,Single,18,youth,male,15,1,0,False
2024,Single,28,adult,male,7,0,0,False
2024,Single,50,adult,male,11,0,0,False
2024,Single,22,youth,female,104,3,0,False
2024,Single,50,adult,male,145,2,0,False
2024,Single,35,adult,female,177,1,0,False
2024,Single,35,adult,female,156,3,0,False
2024,Single,35,adult,female,177,1,0,False
2024,Single,28,adult,male,106,1,0,False
2024,Single,50,adult,male,48,2,0,False
2024,Single,28,adult,female,29,3,0,False
2024,Single,28,adult,female,126,0,0,False
2024,Single,50,adult,male,138,2,0,False
2024,Single,28,adult,female,107,3,0,False
2024,Single,22,youth,male,56,1,0,False
2024,Single,28,adult,male,128,1,0,False
2024,Single,28,adult,female,137,2,0,False
2024,Single,35,adult,male,142,1,0,False
2024,Single,35,adult,male,95,3,0,False
2024,Single,18,youth,male,56,1,0,False
2024,Single,22,youth,male,47,2,0,False
2024,Single,50,adult,male,40,3,0,False
2024,Single,58,adult,male,177,0,0,False
2024,Single,35,adult,male,136,0,0,False
2024,Single,28,adult,male,74,3,0,False
2024,Single,35,adult,female,175,2,0,False
2024,Single,22,youth,female,107,1,0,False
2024,Single,18,youth,male,30,1,0,False
2024,Single,35,adult,female,10,2,0,False
2024,Single,22,youth,male,86,3,0,False
2024,Single,22,youth,male,179,0,0,False
2024,Single,28,adult,female,40,2,0,False
2024,Single,22,youth,female,179,0,0,False
2024,Single,35,adult,male,155,2,0,False
2024,Single,18,youth,female,125,2,0,False
2024,Single,42,adult,male,89,2,0,False
2024,Single,42,adult,male,70,3,0,False
2024,Single,18,youth,male,76,1,0,False
2024,Single,50,adult,female,170,3,0,False
2024,Single,65,adult,male,141,1,0,False
2024,Single,22,youth,male,175,0,0,False
2024,Single,28,adult,male,169,2,0,False
2024,Single,42,adult,male,90,0,0,False
2024,Single,28,adult,male,178,2,0,False
2024,Single,42,adult,male,57,2,0,False
2024,Single,18,youth,female,0,1,0,False
2024,Single,28,adult,female,6,1,0,False
2024,Single,28,adult,male,104,1,0,False
2024,Single,58,adult,male,77,2,0,False
2024,Single,50,adult,male,49,1,0,False
2024,Single,18,youth,female,164,1,0,False
2024,Single,28,adult,female,128,2,0,False
2024,Single,22,youth,male,120,0,0,False
2024,Single,35,adult,male,130,1,0,False
2024,Single,28,adult,male,86,0,0,False
2024,Single,35,adult,male,48,1,0,False
2024,Single,50,adult,male,112,1,0,False
2024,Single,65,adult,male,101,1,0,False
2024,Single,28,adult,female,11,1,0,False
2024,Single,35,adult,male,8,3,0,False
2024,Single,28,adult,male,24,3,0,False
2024,Single,28,adult,male,168,3,0,False
2024,Single,42,adult,male,124,0,0,False
2024,Single,35,adult,male,5,0,0,False
2024,Single,28,adult,male,153,0,0,False
2024,Single,35,adult,female,108,0,0,False
2024,Single,18,youth,male,11,3,0,False
2024,Single,28,adult,male,24,0,0,False
2024,Single,28,adult,male,61,3,0,False
2024,Single,58,adult,female,4,3,0,False
2024,Single,22,youth,male,145,0,0,False
2024,Single,28,adult,male,172,1,0,False
2024,Single,35,adult,male,155,0,0,False
2024,Single,28,adult,male,39,0,0,False
2024,Single,42,adult,male,178,1,0,False
2024,Single,35,adult,male,59,1,0,False
2024,Single,22,youth,male,90,2,0,False
2024,Single,28,adult,female,24,1,0,False
2024,Single,42,adult,male,13,3,0,False
2024,Single,50,adult,female,96,1,0,False
2024,Single,50,adult,female,87,1,0,False
2024,Single,35,adult,male,130,0,0,False
2024,Single,42,adult,male,70,2,0,False
2024,Single,28,adult,male,177,2,0,False
2024,Single,18,youth,male,35,2,0,False
2024,Single,58,adult,female,55,3,0,False
2024,Single,42,adult,male,55,3,0,False
2024,Single,42,adult,female,55,2,0,False
2024,Single,22,youth,male,91,3,0,False
2024,Single,28,adult,male,174,3,0,False
2024,Single,42,adult,male,28,3,0,False
2024,Single,50,adult,female,4,1,0,False
2024,Single,18,youth,male,166,3,0,False
2024,Single,28,adult,male,61,0,0,False
2024,Single,58,adult,male,37,3,0,False
2024,Single,50,adult,male,36,0,0,False
2024,Single,35,adult,male,59,0,0,False
2024,Single,42,adult,male,64,0,0,False
2024,Single,42,adult,female,35,2,0,False
2024,Single,58,adult,male,137,3,0,False
2024,Single,28,adult,female,101,2,0,False
2024,Single,35,adult,female,148,1,0,False
2024,Single,28,adult,male,39,1,0,False
2024,Single,50,adult,male,63,1,0,False
2024,Single,42,adult,male,29,3,0,False
2024,Single,28,adult,male,133,2,0,False
2024,Single,18,youth,male,109,0,0,False
2024,Single,28,adult,female,165,0,0,False
2024,Single,58,adult,male,110,2,0,False
2024,Single,65,adult,female,151,3,0,False
2024,Single,35,adult,female,94,2,0,False
2024,Single,18,youth,male,124,0,0,False
2024,Single,18,youth,female,58,2,0,False
2024,Single,35,adult,male,11,3,0,False
2024,Single,42,adult,female,111,2,0,False
2024,Single,50,adult,male,49,0,0,False
2024,Single,50,adult,male,1,2,0,False
2024,Single,18,youth,male,0,3,0,False
2024,Single,42,adult,male,167,0,0,False
2024,Single,22,youth,male,102,1,0,False
2024,Single,50,adult,female,40,2,0,False
2024,Single,65,adult,female,16,3,0,False
2024,Single,42,adult,male,95,0,0,False
2024,Single,18,youth,male,86,2,0,False
2024,Single,35,adult,female,168,3,0,False
2024,Single,22,youth,male,16,2,0,False
2024,Single,42,adult,male,103,1,0,False
2024,Single,28,adult,male,121,0,0,False
2024,Single,50,adult,male,21,2,0,False
2024,Single,58,adult,male,153,0,0,False
2024,Single,35,adult,male,134,2,0,False
2024,Single,35,adult,male,28,3,0,False
2024,Single,22,youth,male,87,2,0,False
2024,Single,42,adult,female,111,2,0,False
2024,Single,35,adult,male,100,3,0,False
2024,Single,28,adult,female,124,0,0,False
2024,Single,50,adult,male,165,0,0,False
2024,Single,50,adult,male,174,2,0,False
2024,Single,18,youth,male,122,2,0,False
2024,Single,28,adult,female,168,1,0,False
2024,Single,42,adult,female,115,2,0,False
2024,Single,22,youth,female,74,0,0,False
2024,Single,22,youth,male,177,1,0,False
2024,Single,42,adult,female,167,0,0,False
2024,Single,28,adult,male,160,3,0,False
2024,Single,28,adult,female,69,2,0,False
2024,Single,22,youth,male,9,0,0,False
2024,Single,42,adult,male,11,0,0,False
2024,Single,65,adult,male,123,1,0,False
2024,Single,18,youth,female,126,3,0,False
2024,Single,42,adult,male,132,1,0,False
2024,Single,35,adult,male,173,3,0,False
2024,Single,35,adult,female,24,3,0,False
2024,Single,58,adult,male,117,1,0,False
2024,Single,35,adult,male,106,3,0,False
2024,Single,42,adult,male,154,2,0,False
2024,Single,42,adult,female,63,1,0,False
2024,Single,18,youth,male,158,0,0,False
2024,Single,22,youth,female,78,0,0,False
2024,Single,42,adult,male,50,1,0,False
2024,Single,58,adult,male,21,1,0,False
2024,Single,58,adult,male,101,2,0,False
2024,Single,50,adult,female,172,3,0,False
2024,Single,28,adult,female,125,2,0,False
2024,Single,42,adult,male,117,1,0,False
2024,Single,35,adult,female,92,3,0,False
2024,Single,28,adult,male,57,2,0,False
2024,Single,35,adult,female,40,0,0,False
2024,Single,35,adult,male,65,2,0,False
2024,Single,35,adult,male,132,0,0,False
2024,Single,42,adult,male,11,3,0,False
2024,Single,22,youth,male,153,1,0,False
2024,Single,28,adult,male,19,3,0,False
2024,Single,22,youth,female,75,1,0,False
2024,Single,65,adult,male,57,3,0,False
2024,Single,50,adult,male,102,1,0,False
2024,Single,50,adult,male,78,2,0,False
2024,Single,35,adult,male,10,0,0,False
2024,Single,18,youth,male,112,3,0,False
2024,Single,18,youth,female,137,1,0,False
2024,Single,22,youth,female,81,2,0,False
2024,Single,18,youth,male,75,0,0,False
2024,Single,35,adult,female,102,1,0,False
2024,Single,50,adult,male,174,3,0,False
2024,Single,28,adult,male,122,1,0,False
2024,Single,35,adult,male,24,0,0,False
2024,Single,28,adult,male,100,1,0,False
2024,Single,28,adult,male,137,2,0,False
2024,Single,50,adult,male,30,3,0,False
2024,Single,28,adult,male,91,3,0,False
2024,Single,35,adult,male,102,0,0,False
2024,Single,35,adult,male,159,1,0,False
2024,Single,42,adult,male,108,2,0,False
2024,Single,18,youth,male,91,2,0,False
2024,Single,28,adult,male,20,3,0,False
2024,Single,22,youth,male,162,0,0,False
2024,Single,22,youth,female,155,3,0,False
2024,Single,35,adult,male,172,1,0,False
2024,Single,28,adult,female,17,3,0,False
2024,Single,35,adult,male,172,1,0,False
2024,Single,22,youth,female,12,2,0,False
2024,Single,35,adult,male,46,3,0,False
2024,Single,50,adult,male,76,1,0,False
2024,Single,18,youth,male,76,1,0,False
2024,Single,50,adult,male,31,1,0,False
2024,Single,22,youth,male,173,0,0,False
2024,Single,28,adult,male,56,3,0,False
2024,Single,50,adult,male,23,3,0,False
2024,Single,28,adult,female,108,1,0,False
2024,Single,18,youth,male,0,3,0,False
2024,Single,22,youth,male,46,0,0,False
2024,Single,18,youth,male,95,1,0,False
2024,Single,50,adult,male,9,2,0,False
2024,Single,35,adult,male,78,2,0,False
2024,Single,28,adult,male,6,0,0,False
2024,Single,28,adult,male,172,2,0,False
2024,Single,58,adult,male,169,1,0,False
2024,Single,28,adult,male,1,2,0,False
2024,Single,22,youth,male,24,3,0,False
2024,Single,42,adult,female,103,3,0,False
2024,Single,35,adult,female,179,1,0,False
2024,Single,42,adult,female,136,2,0,False
2024,Single,35,adult,male,63,3,0,False
2024,Single,18,youth,female,50,3,0,False
2024,Single,58,adult,male,136,3,0,False
2024,Single,50,adult,male,127,0,0,False
2024,Single,22,youth,male,106,3,0,False
2024,Single,22,youth,male,169,3,0,False
2024,Single,22,youth,female,98,0,0,False
2024,Single,35,adult,male,41,0,0,False
2024,Single,35,adult,male,111,3,0,False
2024,Single,22,youth,male,54,1,0,False
2024,Single,42,adult,male,101,2,0,False
2024,Single,28,adult,female,163,1,0,False
2024,Single,35,adult,male,1,3,0,False
2024,Single,42,adult,female,75,0,0,False
2024,Single,35,adult,male,0,1,0,False
2024,Single,28,adult,male,136,3,0,False
2024,Single,28,adult,male,11,1,0,False
2024,Single,58,adult,male,66,2,0,False
2024,Single,28,adult,male,161,2,0,False
2024,Single,42,adult,male,107,2,0,False
2024,Single,22,youth,male,34,1,0,False
2024,Single,35,adult,female,46,3,0,False
2024,Single,18,youth,male,85,3,0,False
2024,Single,50,adult,male,62,3,0,False
2024,Single,35,adult,female,125,1,0,False
2024,Single,50,adult,female,21,2,0,False
2024,Single,18,youth,male,29,2,0,False
2024,Single,18,youth,male,17,0,0,False
2024,Single,22,youth,male,58,2,0,False
2024,Single,35,adult,male,43,3,0,False
2024,Single,42,adult,female,140,3,0,False
2024,Single,42,adult,male,4,3,0,False
2024,Single,42,adult,male,63,0,0,False
2024,Single,50,adult,male,78,1,0,False
2024,Single,18,youth,male,148,3,0,False
2024,Single,35,adult,female,124,2,0,False
2024,Single,35,adult,male,22,1,0,False
2024,Single,35,adult,male,3,1,0,False
2024,Single,58,adult,female,126,1,0,False
2024,Single,28,adult,female,90,1,0,False
2024,Single,50,adult,male,162,3,0,False
2024,Single,28,adult,male,103,3,0,False
2024,Single,18,youth,male,110,2,0,False
2024,Single,35,adult,male,123,3,0,False
2024,Single,42,adult,female,88,1,0,False
2024,Single,22,youth,male,64,2,0,False
2024,Single,35,adult,male,40,1,0,False
2024,Single,28,adult,female,42,1,0,False
2024,Single,42,adult,male,7,1,0,False
2024,Single,28,adult,female,163,2,0,False
2024,Single,35,adult,male,60,2,0,False
2024,Single,28,adult,male,155,2,0,False
2024,Single,28,adult,male,63,2,0,False
2024,Single,58,adult,female,94,1,0,False
2024,Single,28,adult,female,7,1,0,False
2024,Single,28,adult,female,97,2,0,False
2024,Single,22,youth,male,47,0,0,False
2024,Single,42,adult,male,38,1,0,False
2024,Single,28,adult,male,115,3,0,False
2024,Single,35,adult,female,53,1,0,False
2024,Single,22,youth,female,115,3,0,False
2024,Single,22,youth,male,78,2,0,False
2024,Single,28,adult,male,84,2,0,False
2024,Single,35,adult,female,111,3,0,False
2024,Single,42,adult,male,80,0,0,False
2024,Single,22,youth,male,169,3,0,False
2024,Single,28,adult,male,62,0,0,False
2024,Single,22,youth,male,164,3,0,False
2024,Single,28,adult,female,80,3,0,False
2024,Single,22,youth,male,135,3,0,False
2024,Single,42,adult,male,158,2,0,False
2024,Single,42,adult,male,33,2,0,False
2024,Single,50,adult,female,40,0,0,False
2024,Single,58,adult,male,113,3,0,False
2024,Single,50,adult,male,155,2,0,False
2024,Single,28,adult,male,55,1,0,False
2024,Single,22,youth,male,130,1,0,False
2024,Single,65,adult,female,179,2,0,False
2024,Single,28,adult,male,13,3,0,False
2024,Single,50,adult,male,2,3,0,False
2024,Single,22,youth,male,176,3,0,False
2024,Single,28,adult,male,102,2,0,False
2024,Single,28,adult,male,50,0,0,False
2024,Single,22,youth,male,113,0,0,False
2024,Single,35,adult,male,17,3,0,False
2024,Single,58,adult,female,157,2,0,False
2024,Single,50,adult,male,36,3,0,False
2024,Single,42,adult,male,127,3,0,False
2024,Single,22,youth,male,27,0,0,False
2024,Single,22,youth,male,110,1,0,False
2024,Single,42,adult,male,134,2,0,False
2024,Single,42,adult,male,91,0,0,False
2024,Single,42,adult,male,17,0,0,False
2024,Single,50,adult,female,78,1,0,False
2024,Single,28,adult,male,85,0,0,False
2024,Single,42,adult,male,50,2,0,False
2024,Single,50,adult,male,70,0,0,False
2024,Single,50,adult,male,100,0,0,False
2024,Single,42,adult,male,139,0,0,False
2024,Single,28,adult,male,71,3,0,False
2024,Single,42,adult,male,43,2,0,False
2024,Single,35,adult,male,70,0,0,False
2024,Single,35,adult,female,85,0,0,False
2024,Single,35,adult,male,111,2,0,False
2024,Single,42,adult,male,146,1,0,False
2024,Single,35,adult,male,178,3,0,False
2024,Single,28,adult,male,54,0,0,False
2024,Single,42,adult,male,83,3,0,False
2024,Single,42,adult,female,42,2,0,False
2024,Single,42,adult,female,58,2,0,False
2024,Single,35,adult,male,136,2,0,False
2024,Single,28,adult,male,120,3,0,False
2024,Single,22,youth,male,37,3,0,False
2024,Single,50,adult,male,83,3,0,False
2024,Single,22,youth,male,146,0,0,False
2024,Single,35,adult,female,28,0,0,False
2024,Single,22,youth,male,37,3,0,False
2024,Single,42,adult,male,79,3,0,False
2024,Single,42,adult,female,155,3,0,False
2024,Single,58,adult,male,105,0,0,False
2024,Single,18,youth,male,25,3,0,False
2024,Single,42,adult,female,11,2,0,False
2024,Single,18,youth,female,108,1,0,False
2024,Single,42,adult,male,99,3,0,False
2024,Single,22,youth,male,9,2,0,False
2024,Single,58,adult,male,45,2,0,False
2024,Single,50,adult,male,177,0,0,False
2024,Single,28,adult,male,51,3,0,False
2024,Single,28,adult,male,168,2,0,False
2024,Single,35,adult,female,94,3,0,False
2024,Single,28,adult,female,125,1,0,False
2024,Single,22,youth,female,37,3,0,False
2024,Single,28,adult,male,45,1,0,False
2024,Single,28,adult,female,143,2,0,False
2024,Single,50,adult,male,61,0,0,False
2024,Single,22,youth,male,162,1,0,False
2024,Single,42,adult,male,138,2,0,False
2024,Single,58,adult,female,27,3,0,False
2024,Single,28,adult,male,170,2,0,False
2024,Single,18,youth,male,177,0,0,False
2024,Single,50,adult,male,47,1,0,False
2024,Single,22,youth,male,25,0,0,False
2024,Single,65,adult,male,133,2,0,False
2024,Single,35,adult,male,78,1,0,False
2024,Single,42,adult,male,17,0,0,False
2024,Single,28,adult,male,170,3,0,False
2024,Single,22,youth,female,79,0,0,False
2024,Single,58,adult,female,115,2,0,False
2018,Youth,35,adult,male,88,0,0,False
2018,Youth,22,youth,female,103,2,0,False
2018,Youth,28,adult,male,121,1,0,False
2018,Youth,18,youth,male,97,0,0,False
2018,Youth,50,adult,female,141,0,0,False
2018,Youth,22,youth,female,29,0,0,False
2018,Youth,42,adult,male,95,1,0,False
2018,Youth,18,youth,male,61,2,0,False
2018,Youth,22,youth,male,63,0,0,False
2018,Youth,65,adult,female,7,2,0,False
2018,Youth,50,adult,female,68,3,0,False
2018,Youth,42,adult,female,0,1,0,False
2018,Youth,35,adult,male,113,2,0,False
2018,Youth,42,adult,male,158,1,0,False
2018,Youth,28,adult,female,137,3,0,False
2018,Youth,50,adult,female,65,3,0,False
2018,Youth,58,adult,female,12,3,0,False
2018,Youth,28,adult,male,110,3,0,False
2018,Youth,50,adult,male,42,1,0,False
2018,Youth,18,youth,male,2,1,0,False
2018,Youth,35,adult,female,2,0,0,False
2018,Youth,42,adult,male,165,0,0,False
2018,Youth,50,adult,male,91,1,0,False
2018,Youth,28,adult,female,95,2,0,False
2018,Youth,35,adult,male,3,2,0,False
2018,Youth,58,adult,female,109,1,0,False
2018,Youth,35,adult,female,75,3,0,False
2018,Youth,58,adult,female,172,2,0,False
2018,Youth,35,adult,male,83,0,0,False
2018,Youth,22,youth,male,46,2,0,False
2018,Youth,35,adult,male,8,1,0,False
2018,Youth,42,adult,female,146,1,0,False
2018,Youth,18,youth,female,6,3,0,False
2018,Youth,42,adult,female,128,0,0,False
2018,Youth,35,adult,male,152,3,0,False
2018,Youth,18,youth,female,168,3,0,False
2018,Youth,22,youth,female,33,0,0,False
2018,Youth,18,youth,male,49,3,0,False
2018,Youth,22,youth,female,160,0,0,False
2018,Youth,35,adult,female,101,3,0,False
2018,Youth,28,adult,female,86,0,0,False
2018,Youth,50,adult,male,34,1,0,False
2018,Youth,42,adult,female,44,2,0,False
2018,Youth,42,adult,male,40,2,0,False
2018,Youth,28,adult,male,77,2,0,False
2018,Youth,35,adult,female,106,3,0,False
2018,Youth,18,youth,female,52,3,0,False
2018,Youth,28,adult,female,145,3,0,False
2018,Youth,28,adult,male,69,1,0,False
2018,Youth,18,youth,female,102,1,0,False
2018,Youth,28,adult,male,81,1,0,False
2018,Youth,22,youth,female,178,1,0,False
2018,Youth,22,youth,female,168,0,0,False
2018,Youth,42,adult,male,102,1,0,False
2018,Youth,22,youth,male,26,2,0,False
2018,Youth,35,adult,female,51,3,0,False
2018,Youth,22,youth,female,77,2,0,False
2018,Youth,58,adult,female,41,1,0,False
2018,Youth,18,youth,male,113,2,0,False
2018,Youth,18,youth,male,47,0,0,False
2018,Youth,35,adult,male,140,0,0,False
2018,Youth,42,adult,male,76,3,0,False
2018,Youth,50,adult,male,91,3,0,False
2018,Youth,22,youth,female,73,2,0,False
2018,Youth,42,adult,female,41,3,0,False
2018,Youth,35,adult,male,115,1,0,False
2018,Youth,42,adult,male,30,2,0,False
2018,Youth,35,adult,male,52,0,0,False
2018,Youth,22,youth,female,144,3,0,False
2018,Youth,42,adult,male,98,3,0,False
2018,Youth,35,adult,female,85,1,0,False
2018,Youth,28,adult,male,71,1,0,False
2018,Youth,22,youth,female,122,0,0,False
2018,Youth,18,youth,female,51,0,0,False
2018,Youth,50,adult,female,113,2,0,False
2018,Youth,42,adult,female,165,1,0,False
2018,Youth,22,youth,male,98,0,0,False
2018,Youth,35,adult,female,104,3,0,False
2018,Youth,58,adult,male,13,1,0,False
2018,Youth,42,adult,male,124,0,0,False
2018,Youth,35,adult,female,73,3,0,False
2018,Youth,18,youth,female,147,0,0,False
2018,Youth,42,adult,male,69,2,0,False
2018,Youth,58,adult,male,168,0,0,False
2018,Youth,22,youth,female,26,0,0,False
2018,Youth,42,adult,male,78,3,0,False
2018,Youth,35,adult,female,99,3,0,False
2018,Youth,35,adult,female,114,0,0,False
2018,Youth,28,adult,male,101,3,0,False
2018,Youth,28,adult,female,145,3,0,False
2018,Youth,50,adult,male,113,2,0,False
2018,Youth,42,adult,male,130,3,0,False
2018,Youth,42,adult,male,131,0,0,False
2018,Youth,35,adult,male,139,3,0,False
2018,Youth,18,youth,male,176,2,0,False
2018,Youth,28,adult,female,6,2,0,False
2018,Youth,22,youth,male,154,2,0,False
2018,Youth,18,youth,male,149,1,0,False
2018,Youth,50,adult,female,30,3,0,False
2018,Youth,22,youth,male,82,2,0,False
2018,Youth,22,youth,male,160,0,0,False
2018,Youth,58,adult,male,47,1,0,False
2018,Youth,22,youth,female,142,1,0,False
2018,Youth,28,adult,female,138,1,0,False
2018,Youth,42,adult,male,156,3,0,False
2018,Youth,35,adult,male,138,3,0,False
2018,Youth,65,adult,female,111,1,0,False
2018,Youth,42,adult,female,10,2,0,False
2018,Youth,18,youth,male,126,1,0,False
2018,Youth,42,adult,female,10,3,0,False
2018,Youth,22,youth,male,60,0,0,False
2018,Youth,50,adult,female,151,1,0,False
2018,Youth,18,youth,male,89,1,0,False
2018,Youth,65,adult,male,137,1,0,False
2018,Youth,28,adult,male,45,1,0,False
2018,Youth,50,adult,male,102,1,0,False
2018,Youth,42,adult,female,136,3,0,False
2018,Youth,42,adult,female,153,3,0,False
2018,Youth,22,youth,male,5,3,0,False
2018,Youth,35,adult,female,162,3,0,False
2018,Youth,35,adult,female,15,2,0,False
2018,Youth,58,adult,female,165,1,0,False
2018,Youth,35,adult,male,48,1,0,False
2018,Youth,28,adult,female,40,2,0,False
2018,Youth,28,adult,female,157,0,0,False
2018,Youth,18,youth,male,160,0,0,False
2018,Youth,22,youth,female,145,3,0,False
2018,Youth,42,adult,female,20,0,0,False
2018,Youth,35,adult,male,89,3,0,False
2018,Youth,35,adult,female,96,0,0,False
2018,Youth,58,adult,male,87,3,0,False
2018,Youth,58,adult,female,53,0,0,False
2018,Youth,50,adult,male,15,2,0,False
2018,Youth,50,adult,female,70,3,0,False
2018,Youth,18,youth,male,136,0,0,False
2018,Youth,50,adult,female,12,1,0,False
2018,Youth,35,adult,female,1,2,0,False
2018,Youth,28,adult,male,86,3,0,False
2018,Youth,28,adult,male,173,0,0,False
2018,Youth,42,adult,male,38,2,0,False
2018,Youth,22,youth,male,145,3,0,False
2018,Youth,22,youth,female,0,2,0,False
2018,Youth,28,adult,male,118,2,0,False
2018,Youth,18,youth,female,108,2,0,False
2018,Youth,18,youth,female,173,0,0,False
2018,Youth,18,youth,female,19,2,0,False
2018,Youth,22,youth,male,2,1,0,False
2018,Youth,18,youth,male,88,0,0,False
2018,Youth,28,adult,female,139,1,0,False
2018,Youth,18,youth,male,143,3,0,False
2018,Youth,28,adult,male,174,3,0,False
2018,Youth,42,adult,female,5,1,0,False
2018,Youth,28,adult,female,76,0,0,False
2018,Youth,42,adult,female,123,3,0,False
2018,Youth,58,adult,female,163,0,0,False
2018,Youth,28,adult,male,118,1,0,False
2018,Youth,28,adult,female,48,1,0,False
2018,Youth,42,adult,female,152,3,0,False
2018,Youth,42,adult,male,150,2,0,False
2018,Youth,35,adult,female,39,3,0,False
2018,Youth,35,adult,male,178,0,0,False
2018,Youth,28,adult,male,91,1,0,False
2018,Youth,42,adult,female,61,1,0,False
2018,Youth,35,adult,female,39,3,0,False
2018,Youth,35,adult,male,163,1,0,False
2018,Youth,50,adult,male,35,2,0,False
2018,Youth,35,adult,male,79,1,0,False
2018,Youth,28,adult,male,131,2,0,False
2018,Youth,22,youth,male,22,1,0,False
2018,Youth,42,adult,male,7,3,0,False
2018,Youth,50,adult,male,19,1,0,False
2018,Youth,42,adult,male,95,0,0,False
2018,Youth,42,adult,male,131,0,0,False
2018,Youth,42,adult,male,9,2,0,False
2018,Youth,22,youth,male,126,1,0,False
2018,Youth,35,adult,male,0,2,0,False
2018,Youth,22,youth,male,47,0,0,False
2018,Youth,42,adult,male,10,2,0,False
2018,Youth,28,adult,female,23,3,0,False
2018,Youth,18,youth,female,95,2,0,False
2018,Youth,35,adult,female,55,1,0,False
2018,Youth,28,adult,male,134,3,0,False
2018,Youth,28,adult,female,65,3,0,False
2018,Youth,35,adult,male,97,3,0,False
2018,Youth,35,adult,female,17,3,0,False
2018,Youth,35,adult,female,60,3,0,False
2018,Youth,28,adult,male,145,0,0,False
2021,Youth,18,youth,male,154,3,0,False
2021,Youth,42,adult,female,169,1,0,False
2021,Youth,35,adult,male,51,1,0,False
2021,Youth,42,adult,male,12,1,0,False
2021,Youth,35,adult,male,115,0,0,False
2021,Youth,42,adult,male,159,1,0,False
2021,Youth,18,youth,male,163,3,0,False
2021,Youth,35,adult,male,89,1,0,False
2021,Youth,42,adult,female,34,0,0,False
2021,Youth,28,adult,male,12,3,0,False
2021,Youth,28,adult,male,90,3,0,False
2021,Youth,42,adult,male,56,1,0,False
2021,Youth,28,adult,female,59,3,0,False
2021,Youth,35,adult,female,35,1,0,False
2021,Youth,50,adult,male,166,3,0,False
2021,Youth,58,adult,female,179,0,0,False
2021,Youth,35,adult,male,43,3,0,False
2021,Youth,42,adult,male,113,2,0,False
2021,Youth,35,adult,female,17,3,0,False
2021,Youth,35,adult,male,79,2,0,False
2021,Youth,28,adult,male,6,3,0,False
2021,Youth,35,adult,female,124,1,0,False
2021,Youth,28,adult,female,104,1,0,False
2021,Youth,35,adult,male,75,2,0,False
2021,Youth,50,adult,female,39,0,0,False
2021,Youth,35,adult,male,71,1,0,False
2021,Youth,42,adult,male,64,3,0,False
2021,Youth,22,youth,male,27,2,0,False
2021,Youth,42,adult,female,62,0,0,False
2021,Youth,35,adult,female,129,0,0,False
2021,Youth,35,adult,female,44,0,0,False
2021,Youth,35,adult,male,85,3,0,False
2021,Youth,18,youth,male,57,0,0,False
2021,Youth,22,youth,female,59,1,0,False
2021,Youth,18,youth,female,41,1,0,False
2021,Youth,35,adult,female,129,3,0,False
2021,Youth,50,adult,male,132,2,0,False
2021,Youth,42,adult,male,113,0,0,False
2021,Youth,50,adult,female,95,1,0,False
2021,Youth,42,adult,male,94,2,0,False
2021,Youth,22,youth,male,93,1,0,False
2021,Youth,18,youth,male,16,3,0,False
2021,Youth,35,adult,male,36,0,0,False
2021,Youth,18,youth,male,155,2,0,False
2021,Youth,28,adult,male,139,3,0,False
2021,Youth,22,youth,male,63,3,0,False
2021,Youth,18,youth,male,53,1,0,False
2021,Youth,22,youth,female,128,2,0,False
2021,Youth,42,adult,male,13,0,0,False
2021,Youth,18,youth,male,144,1,0,False
2021,Youth,50,adult,male,25,3,0,False
2021,Youth,22,youth,female,100,0,0,False
2021,Youth,58,adult,female,128,1,0,False
2021,Youth,35,adult,male,55,2,0,False
2021,Youth,22,youth,male,116,3,0,False
2021,Youth,42,adult,female,110,1,0,False
2021,Youth,18,youth,male,41,3,0,False
2021,Youth,28,adult,male,135,2,0,False
2021,Youth,28,adult,male,135,0,0,False
2021,Youth,35,adult,female,100,3,0,False
2021,Youth,42,adult,female,176,2,0,False
2021,Youth,58,adult,female,21,0,0,False
2021,Youth,22,youth,male,177,1,0,False
2021,Youth,35,adult,female,33,0,0,False
2021,Youth,35,adult,male,105,2,0,False
2021,Youth,42,adult,female,131,2,0,False
2021,Youth,50,adult,female,44,1,0,False
2021,Youth,35,adult,female,139,0,0,False
2021,Youth,50,adult,male,148,0,0,False
2021,Youth,28,adult,male,85,3,0,False
2021,Youth,42,adult,male,64,0,0,False
2021,Youth,50,adult,female,5,2,0,False
2021,Youth,42,adult,male,28,3,0,False
2021,Youth,42,adult,male,173,2,0,False
2021,Youth,35,adult,male,44,3,0,False
2021,Youth,50,adult,male,66,1,0,False
2021,Youth,50,adult,male,161,3,0,False
2021,Youth,42,adult,female,106,2,0,False
2021,Youth,35,adult,male,40,3,0,False
2021,Youth,28,adult,male,59,1,0,False
2021,Youth,18,youth,male,34,2,0,False
2021,Youth,28,adult,female,30,1,0,False
2021,Youth,18,youth,male,113,2,0,False
2021,Youth,35,adult,female,100,3,0,False
2021,Youth,22,youth,male,30,2,0,False
2021,Youth,35,adult,male,73,1,0,False
2021,Youth,22,youth,female,132,2,0,False
2021,Youth,50,adult,male,140,1,0,False
2021,Youth,42,adult,female,44,0,0,False
2021,Youth,18,youth,female,65,0,0,False
2021,Youth,35,adult,female,20,0,0,False
2021,Youth,18,youth,female,152,3,0,False
2021,Youth,35,adult,male,51,2,0,False
2021,Youth,22,youth,female,126,0,0,False
2021,Youth,22,youth,male,61,3,0,False
2021,Youth,18,youth,male,0,0,0,False
2021,Youth,18,youth,female,101,0,0,False
2021,Youth,35,adult,male,155,2,0,False
2021,Youth,22,youth,male,163,3,0,False
2021,Youth,22,youth,female,6,0,0,False
2021,Youth,22,youth,female,139,3,0,False
2021,Youth,22,youth,female,90,1,0,False
2021,Youth,18,youth,male,16,0,0,False
2021,Youth,35,adult,female,116,3,0,False
2021,Youth,22,youth,male,83,1,0,False
2021,Youth,42,adult,male,110,0,0,False
2021,Youth,42,adult,male,50,3,0,False
2021,Youth,18,youth,male,144,3,0,False
2021,Youth,35,adult,female,89,2,0,False
2021,Youth,58,adult,female,130,2,0,False
2021,Youth,18,youth,male,10,1,0,False
2021,Youth,35,adult,male,157,1,0,False
2021,Youth,35,adult,female,49,2,0,False
2021,Youth,42,adult,female,0,0,0,False
2021,Youth,35,adult,female,173,3,0,False
2021,Youth,18,youth,male,53,1,0,False
2021,Youth,28,adult,female,12,1,0,False
2021,Youth,28,adult,male,84,1,0,False
2021,Youth,35,adult,male,123,0,0,False
2021,Youth,22,youth,male,17,2,0,False
2021,Youth,35,adult,male,22,0,0,False
2021,Youth,35,adult,male,87,3,0,False
2021,Youth,18,youth,male,75,0,0,False
2021,Youth,50,adult,male,28,1,0,False
2021,Youth,42,adult,male,126,2,0,False
2021,Youth,50,adult,female,78,1,0,False
2021,Youth,42,adult,male,120,2,0,False
2021,Youth,28,adult,male,167,2,0,False
2021,Youth,42,adult,female,5,2,0,False
2021,Youth,42,adult,male,42,3,0,False
2021,Youth,22,youth,female,13,2,0,False
2021,Youth,35,adult,male,128,0,0,False
2021,Youth,22,youth,female,21,2,0,False
2021,Youth,28,adult,male,29,3,0,False
2024,Youth,28,adult,male,16,1,0,False
2024,Youth,18,youth,female,1,2,0,False
2024,Youth,35,adult,female,120,2,0,False
2024,Youth,18,youth,female,176,1,0,False
2024,Youth,28,adult,male,179,1,0,False
2024,Youth,28,adult,male,138,2,0,False
2024,Youth,50,adult,male,85,3,0,False
2024,Youth,22,youth,female,60,3,0,False
2024,Youth,42,adult,male,31,2,0,False
2024,Youth,28,adult,female,58,1,0,False
2024,Youth,28,adult,male,154,3,0,False
2024,Youth,42,adult,male,100,0,0,False
2024,Youth,28,adult,female,3,2,0,False
2024,Youth,35,adult,female,42,3,0,False
2024,Youth,35,adult,female,7,2,0,False
2024,Youth,35,adult,male,111,0,0,False
2024,Youth,28,adult,male,52,3,0,False
2024,Youth,35,adult,female,178,1,0,False
2024,Youth,18,youth,female,116,3,0,False
2024,Youth,28,adult,female,132,0,0,False
2024,Youth,65,adult,male,6,3,0,False
2024,Youth,42,adult,female,162,1,0,False
2024,Youth,42,adult,male,97,2,0,False
2024,Youth,18,youth,male,22,3,0,False
2024,Youth,28,adult,female,82,0,0,False
2024,Youth,35,adult,female,150,1,0,False
2024,Youth,22,youth,female,72,1,0,False
2024,Youth,18,youth,female,38,0,0,False
2024,Youth,50,adult,male,114,2,0,False
2024,Youth,22,youth,female,22,0,0,False
2024,Youth,22,youth,male,36,3,0,False
2024,Youth,28,adult,male,119,3,0,False
2024,Youth,50,adult,female,142,1,0,False
2024,Youth,18,youth,male,56,3,0,False
2024,Youth,42,adult,male,33,0,0,False
2024,Youth,42,adult,male,73,2,0,False
2024,Youth,18,youth,male,33,2,0,False
2024,Youth,35,adult,female,48,1,0,False
2024,Youth,18,youth,male,50,1,0,False
2024,Youth,18,youth,female,22,0,0,False
2024,Youth,35,adult,male,156,3,0,False
2024,Youth,28,adult,male,160,1,0,False
2024,Youth,50,adult,female,69,0,0,False
2024,Youth,28,adult,female,94,1,0,False
2024,Youth,18,youth,female,100,0,0,False
2024,Youth,42,adult,male,151,2,0,False
2024,Youth,58,adult,female,11,1,0,False
2024,Youth,18,youth,male,6,2,0,False
2024,Youth,22,youth,female,141,3,0,False
2024,Youth,35,adult,female,110,1,0,False
2024,Youth,50,adult,female,58,0,0,False
2024,Youth,28,adult,female,176,3,0,False
2024,Youth,50,adult,male,32,2,0,False
2024,Youth,35,adult,male,50,0,0,False
2024,Youth,28,adult,male,75,3,0,False
2024,Youth,50,adult,female,68,0,0,False
2024,Youth,35,adult,female,157,3,0,False
2024,Youth,35,adult,male,167,0,0,False
2024,Youth,42,adult,female,134,2,0,False
2024,Youth,28,adult,female,113,1,0,False
2024,Youth,18,youth,female,20,0,0,False
2024,Youth,28,adult,female,41,2,0,False
2024,Youth,35,adult,male,14,0,0,False
2024,Youth,28,adult,female,125,1,0,False
2024,Youth,28,adult,male,159,0,0,False
2024,Youth,22,youth,male,117,2,0,False
2024,Youth,35,adult,male,34,3,0,False
2024,Youth,50,adult,female,7,0,0,False
2024,Youth,50,adult,female,46,3,0,False
2024,Youth,22,youth,male,16,0,0,False
2024,Youth,18,youth,male,143,0,0,False
2024,Youth,28,adult,male,163,2,0,False
2024,Youth,18,youth,male,178,0,0,False
2024,Youth,42,adult,male,141,0,0,False
2024,Youth,58,adult,female,56,2,0,False
2024,Youth,18,youth,female,146,2,0,False
2024,Youth,28,adult,male,86,1,0,False
2024,Youth,35,adult,male,154,3,0,False
2024,Youth,50,adult,female,149,2,0,False
2024,Youth,42,adult,male,42,0,0,False
2024,Youth,50,adult,male,133,2,0,False
2024,Youth,28,adult,female,132,3,0,False
2024,Youth,42,adult,male,120,3,0,False
2024,Youth,22,youth,male,11,3,0,False
2024,Youth,42,adult,female,124,0,0,False
2024,Youth,35,adult,male,152,1,0,False
2024,Youth,35,adult,male,68,2,0,False
2024,Youth,58,adult,female,156,0,0,False
2024,Youth,35,adult,male,61,0,0,False
2024,Youth,42,adult,male,130,1,0,False
2024,Youth,35,adult,female,37,2,0,False
2024,Youth,35,adult,female,69,2,0,False
2024,Youth,18,youth,male,173,1,0,False
2024,Youth,18,youth,male,77,3,0,False
2024,Youth,18,youth,female,68,1,0,False
2024,Youth,22,youth,female,84,1,0,False
2024,Youth,28,adult,female,35,2,0,False
2024,Youth,35,adult,male,23,2,0,False
2024,Youth,18,youth,female,29,2,0,False
2024,Youth,18,youth,female,169,0,0,False
2024,Youth,42,adult,male,132,0,0,False
2024,Youth,18,youth,female,66,1,0,False
2024,Youth,22,youth,female,25,1,0,False
2024,Youth,18,youth,female,92,2,0,False
2024,Youth,58,adult,male,164,2,0,False
2024,Youth,42,adult,male,41,1,0,False
2024,Youth,42,adult,female,21,1,0,False
2024,Youth,22,youth,female,15,0,0,False
2024,Youth,35,adult,female,156,1,0,False
2024,Youth,22,youth,female,114,1,0,False
2024,Youth,22,youth,male,166,1,0,False
2024,Youth,22,youth,female,114,0,0,False
2024,Youth,35,adult,female,103,1,0,False
2024,Youth,18,youth,female,92,0,0,False
2024,Youth,22,youth,male,115,0,0,False
2024,Youth,28,adult,male,1,3,0,False
2024,Youth,18,youth,female,33,2,0,False
2024,Youth,18,youth,male,153,0,0,False
2024,Youth,65,adult,male,90,0,0,False
2024,Youth,35,adult,male,102,3,0,False
2024,Youth,35,adult,female,46,2,0,False
2024,Youth,42,adult,male,8,2,0,False
2024,Youth,35,adult,male,162,1,0,False
2024,Youth,28,adult,male,32,2,0,False
2024,Youth,28,adult,male,17,3,0,False
2024,Youth,65,adult,male,115,1,0,False
2024,Youth,18,youth,male,157,3,0,False
2024,Youth,22,youth,male,46,2,0,False
2024,Youth,42,adult,male,73,0,0,False
2024,Youth,35,adult,male,95,0,0,False
2024,Youth,42,adult,female,102,1,0,False
2024,Youth,18,youth,male,67,2,0,False
2024,Youth,65,adult,male,172,3,0,False
2024,Youth,50,adult,male,170,0,0,False
2024,Youth,22,youth,male,143,3,0,False
2024,Youth,35,adult,female,16,2,0,False
2024,Youth,22,youth,male,113,3,0,False
2024,Youth,42,adult,female,88,1,0,False
2024,Youth,28,adult,female,172,1,0,False
2024,Youth,35,adult,male,22,1,0,False
2024,Youth,42,adult,female,9,0,0,False
2024,Youth,28,adult,female,32,3,0,False
2024,Youth,42,adult,female,139,2,0,False
2024,Youth,50,adult,male,4,3,0,False
2024,Youth,22,youth,female,16,3,0,False
2024,Youth,22,youth,male,50,1,0,False
2024,Youth,18,youth,female,26,0,0,False
2024,Youth,22,youth,female,143,0,0,False
2024,Youth,18,youth,female,87,1,0,False
2024,Youth,42,adult,female,25,2,0,False
2024,Youth,35,adult,male,167,1,0,False
2024,Youth,35,adult,female,111,1,0,False
2024,Youth,22,youth,female,88,2,0,False
2024,Youth,42,adult,male,139,3,0,False
2024,Youth,58,adult,female,109,2,0,False
2024,Youth,35,adult,female,35,0,0,False
2024,Youth,35,adult,female,172,3,0,False
2024,Youth,22,youth,male,55,2,0,False
2024,Youth,42,adult,female,27,3,0,False
2024,Youth,65,adult,male,112,0,0,False
2024,Youth,18,youth,male,51,1,0,False
2024,Youth,58,adult,male,109,1,0,False
2024,Youth,28,adult,female,27,1,0,False
2024,Youth,58,adult,male,13,1,0,False
2024,Youth,58,adult,female,128,3,0,False
2024,Youth,22,youth,male,161,1,0,False
2024,Youth,28,adult,male,128,3,0,False
2024,Youth,28,adult,male,89,3,0,False
2024,Youth,35,adult,male,171,1,0,False
2024,Youth,28,adult,male,14,0,0,False
2024,Youth,35,adult,male,16,3,0,False
2024,Youth,22,youth,male,81,2,0,False
2024,Youth,28,adult,female,11,0,0,False
2024,Youth,42,adult,male,123,0,0,False
2024,Youth,18,youth,female,142,1,0,False
2024,Youth,42,adult,female,65,2,0,False
2024,Youth,28,adult,male,162,1,0,False
2024,Youth,58,adult,female,95,1,0,False
2024,Youth,35,adult,male,6,0,0,False
2024,Youth,35,adult,male,5,1,0,False
2024,Youth,18,youth,female,5,3,0,False
2024,Youth,28,adult,male,102,3,0,False
2024,Youth,35,adult,female,150,0,0,False
2024,Youth,22,youth,female,10,0,0,False
2024,Youth,18,youth,female,8,3,0,False
2024,Youth,18,youth,male,80,1,0,False
2024,Youth,22,youth,female,128,3,0,False
2024,Youth,42,adult,female,154,0,0,False
2024,Youth,58,adult,female,110,0,0,False
2024,Youth,22,youth,male,12,1,0,False
2024,Youth,42,adult,male,127,1,0,False
2024,Youth,58,adult,female,5,2,0,False
2024,Youth,58,adult,male,148,2,0,False
2024,Youth,28,adult,male,109,3,0,False
2024,Youth,42,adult,male,122,2,0,False
2024,Youth,50,adult,male,11,3,0,False
2024,Youth,28,adult,male,52,2,0,False
2024,Youth,58,adult,male,168,3,0,False
2024,Youth,35,adult,female,104,1,0,False
2024,Youth,28,adult,male,0,3,0,False
2024,Youth,22,youth,female,119,3,0,False
2024,Youth,22,youth,male,148,1,0,False
2024,Youth,35,adult,male,112,2,0,False
2024,Youth,42,adult,male,129,3,0,False
2024,Youth,28,adult,female,161,2,0,False
2024,Youth,50,adult,male,6,2,0,False
2024,Youth,50,adult,female,171,1,0,False
2024,Youth,22,youth,male,83,1,0,False
2024,Youth,42,adult,male,13,2,0,False
2024,Youth,65,adult,male,4,3,0,False
2024,Youth,58,adult,male,31,1,0,False
2024,Youth,35,adult,female,4,3,0,False
2024,Youth,22,youth,male,158,3,0,False
2024,Youth,42,adult,male,54,2,0,False
2024,Youth,50,adult,male,23,0,0,False
2024,Youth,28,adult,female,141,2,0,False
2024,Youth,42,adult,male,0,0,0,False
2024,Youth,35,adult,male,15,0,0,False
2024,Youth,50,adult,female,16,3,0,False
2024,Youth,28,adult,male,88,3,0,False
2024,Youth,42,adult,male,131,1,0,False
2024,Youth,28,adult,male,96,0,0,False
2024,Youth,35,adult,female,72,3,0,False
2024,Youth,18,youth,female,131,3,0,False
2024,Youth,42,adult,female,88,3,0,False
2024,Youth,22,youth,female,105,3,0,False
2024,Youth,50,adult,male,160,0,0,False
2024,Youth,58,adult,female,134,3,0,False
2024,Youth,35,adult,male,51,2,0,False
2024,Youth,42,adult,male,156,1,0,False
2024,Youth,42,adult,male,119,1,0,False
2024,Youth,35,adult,female,77,2,0,False
2024,Youth,28,adult,male,100,1,0,False
2024,Youth,28,adult,female,81,1,0,False
2024,Youth,28,adult,male,163,2,0,False
2024,Youth,50,adult,male,138,3,0,False
2024,Youth,28,adult,male,11,0,0,False
2024,Youth,42,adult,male,80,2,0,False
2024,Youth,58,adult,female,144,2,0,False
2024,Youth,58,adult,male,124,1,0,False
2024,Youth,28,adult,male,46,1,0,False
2024,Youth,35,adult,male,100,3,0,False
2024,Youth,35,adult,male,177,1,0,False
2024,Youth,28,adult,male,51,1,0,False
2024,Youth,35,adult,female,160,3,0,False
2024,Youth,35,adult,female,167,3,0,False
2024,Youth,35,adult,male,79,2,0,False
2024,Youth,18,youth,male,73,3,0,False
2024,Youth,50,adult,male,76,2,0,False
2024,Youth,35,adult,male,128,2,0,False
2024,Youth,35,adult,female,159,1,0,False
2024,Youth,28,adult,female,12,2,0,False
2024,Youth,22,youth,male,22,2,0,False
2024,Youth,58,adult,male,59,1,0,False
2024,Youth,28,adult,male,119,2,0,False
2024,Youth,42,adult,female,121,2,0,False
2024,Youth,22,youth,male,89,0,0,False
2024,Youth,35,adult,male,66,0,0,False
2024,Youth,18,youth,male,126,1,0,False
2024,Youth,42,adult,male,61,3,0,False
2024,Youth,50,adult,female,103,2,0,False
2024,Youth,28,adult,female,85,2,0,False
2024,Youth,28,adult,female,144,1,0,False
2024,Youth,18,youth,male,75,1,0,False
2024,Youth,58,adult,male,15,1,0,False
